[0.000000] (-) TimerEvent: {}
[0.003899] (drone_interfaces) JobQueued: {'identifier': 'drone_interfaces', 'dependencies': OrderedDict()}
[0.003973] (drone_monitor) JobQueued: {'identifier': 'drone_monitor', 'dependencies': OrderedDict()}
[0.003991] (drone_controller) JobQueued: {'identifier': 'drone_controller', 'dependencies': OrderedDict([('drone_interfaces', '/home/ccl/Multitask-Drone/install/drone_interfaces')])}
[0.004008] (drone_vision) JobQueued: {'identifier': 'drone_vision', 'dependencies': OrderedDict([('drone_interfaces', '/home/ccl/Multitask-Drone/install/drone_interfaces')])}
[0.004388] (drone_interfaces) JobStarted: {'identifier': 'drone_interfaces'}
[0.018716] (drone_monitor) JobStarted: {'identifier': 'drone_monitor'}
[0.025841] (drone_interfaces) JobProgress: {'identifier': 'drone_interfaces', 'progress': 'cmake'}
[0.027666] (drone_interfaces) JobProgress: {'identifier': 'drone_interfaces', 'progress': 'build'}
[0.027719] (drone_interfaces) Command: {'cmd': ['/usr/bin/cmake', '--build', '/home/ccl/Multitask-Drone/build/drone_interfaces', '--', '-j8', '-l8'], 'cwd': '/home/ccl/Multitask-Drone/build/drone_interfaces', 'env': OrderedDict([('GJS_DEBUG_TOPICS', 'JS ERROR;JS LOG'), ('LESSOPEN', '| /usr/bin/lesspipe %s'), ('SVGA_VGPU10', '0'), ('no_proxy', '127.0.0.1, localhost'), ('USER', 'ccl'), ('LC_TIME', 'zh_CN.UTF-8'), ('XDG_SESSION_TYPE', 'wayland'), ('GIT_ASKPASS', '/usr/share/code/resources/app/extensions/git/dist/askpass.sh'), ('SHLVL', '1'), ('LD_LIBRARY_PATH', '/home/ccl/Multitask-Drone/install/drone_interfaces/lib:/opt/ros/humble/opt/rviz_ogre_vendor/lib:/opt/ros/humble/lib/x86_64-linux-gnu:/opt/ros/humble/lib'), ('HOME', '/home/ccl'), ('CHROME_DESKTOP', 'code.desktop'), ('OLDPWD', '/home/ccl'), ('TERM_PROGRAM_VERSION', '1.98.0'), ('DESKTOP_SESSION', 'ubuntu'), ('GIO_LAUNCHED_DESKTOP_FILE', '/usr/share/applications/code.desktop'), ('ROS_PYTHON_VERSION', '3'), ('GNOME_SHELL_SESSION_MODE', 'ubuntu'), ('GTK_MODULES', 'gail:atk-bridge'), ('VSCODE_GIT_ASKPASS_MAIN', '/usr/share/code/resources/app/extensions/git/dist/askpass-main.js'), ('LC_MONETARY', 'zh_CN.UTF-8'), ('VSCODE_GIT_ASKPASS_NODE', '/usr/share/code/code'), ('MANAGERPID', '1078'), ('PYDEVD_DISABLE_FILE_VALIDATION', '1'), ('SYSTEMD_EXEC_PID', '1235'), ('BUNDLED_DEBUGPY_PATH', '/home/ccl/.vscode/extensions/ms-python.debugpy-2025.4.0-linux-x64/bundled/libs/debugpy'), ('IM_CONFIG_CHECK_ENV', '1'), ('DBUS_SESSION_BUS_ADDRESS', 'unix:path=/run/user/1000/bus'), ('COLORTERM', 'truecolor'), ('GIO_LAUNCHED_DESKTOP_FILE_PID', '17873'), ('IM_CONFIG_PHASE', '1'), ('WAYLAND_DISPLAY', 'wayland-0'), ('https_proxy', 'http://192.168.218.1:5555'), ('COLCON_PREFIX_PATH', '/home/ccl/Multitask-Drone/install'), ('ROS_DISTRO', 'humble'), ('GTK_IM_MODULE', 'fcitx'), ('LOGNAME', 'ccl'), ('http_proxy', 'http://192.168.218.1:5555'), ('JOURNAL_STREAM', '8:17839'), ('_', '/usr/bin/colcon'), ('ROS_VERSION', '2'), ('XDG_SESSION_CLASS', 'user'), ('USERNAME', 'ccl'), ('TERM', 'xterm-256color'), ('GNOME_DESKTOP_SESSION_ID', 'this-is-deprecated'), ('ROS_LOCALHOST_ONLY', '0'), ('PATH', '/home/ccl/.local/bin:/opt/ros/humble/bin:/home/ccl/.local/bin:/usr/local/sbin:/usr/local/bin:/usr/sbin:/usr/bin:/sbin:/bin:/usr/games:/usr/local/games:/snap/bin:/usr/local/go/bin:/home/ccl/.vscode/extensions/ms-python.debugpy-2025.4.0-linux-x64/bundled/scripts/noConfigScripts:/usr/local/go/bin'), ('SESSION_MANAGER', 'local/ubuntu64:@/tmp/.ICE-unix/1212,unix/ubuntu64:/tmp/.ICE-unix/1212'), ('INVOCATION_ID', 'b97f6cc10fc1482b957a1d12886b36f0'), ('XDG_MENU_PREFIX', 'gnome-'), ('LC_ADDRESS', 'zh_CN.UTF-8'), ('GNOME_SETUP_DISPLAY', ':1'), ('XDG_RUNTIME_DIR', '/run/user/1000'), ('GDK_BACKEND', 'x11'), ('DISPLAY', ':0'), ('VSCODE_DEBUGPY_ADAPTER_ENDPOINTS', '/home/ccl/.vscode/extensions/ms-python.debugpy-2025.4.0-linux-x64/.noConfigDebugAdapterEndpoints/endpoint-17a7e6cfd4e60750.txt'), ('LANG', 'en_US.UTF-8'), ('XDG_CURRENT_DESKTOP', 'Unity'), ('LC_TELEPHONE', 'zh_CN.UTF-8'), ('XMODIFIERS', '@im=fcitx'), ('XDG_SESSION_DESKTOP', 'ubuntu'), ('XAUTHORITY', '/run/user/1000/.mutter-Xwaylandauth.23GQ22'), ('LS_COLORS', 'rs=0:di=01;34:ln=01;36:mh=00:pi=40;33:so=01;35:do=01;35:bd=40;33;01:cd=40;33;01:or=40;31;01:mi=00:su=37;41:sg=30;43:ca=30;41:tw=30;42:ow=34;42:st=37;44:ex=01;32:*.tar=01;31:*.tgz=01;31:*.arc=01;31:*.arj=01;31:*.taz=01;31:*.lha=01;31:*.lz4=01;31:*.lzh=01;31:*.lzma=01;31:*.tlz=01;31:*.txz=01;31:*.tzo=01;31:*.t7z=01;31:*.zip=01;31:*.z=01;31:*.dz=01;31:*.gz=01;31:*.lrz=01;31:*.lz=01;31:*.lzo=01;31:*.xz=01;31:*.zst=01;31:*.tzst=01;31:*.bz2=01;31:*.bz=01;31:*.tbz=01;31:*.tbz2=01;31:*.tz=01;31:*.deb=01;31:*.rpm=01;31:*.jar=01;31:*.war=01;31:*.ear=01;31:*.sar=01;31:*.rar=01;31:*.alz=01;31:*.ace=01;31:*.zoo=01;31:*.cpio=01;31:*.7z=01;31:*.rz=01;31:*.cab=01;31:*.wim=01;31:*.swm=01;31:*.dwm=01;31:*.esd=01;31:*.jpg=01;35:*.jpeg=01;35:*.mjpg=01;35:*.mjpeg=01;35:*.gif=01;35:*.bmp=01;35:*.pbm=01;35:*.pgm=01;35:*.ppm=01;35:*.tga=01;35:*.xbm=01;35:*.xpm=01;35:*.tif=01;35:*.tiff=01;35:*.png=01;35:*.svg=01;35:*.svgz=01;35:*.mng=01;35:*.pcx=01;35:*.mov=01;35:*.mpg=01;35:*.mpeg=01;35:*.m2v=01;35:*.mkv=01;35:*.webm=01;35:*.webp=01;35:*.ogm=01;35:*.mp4=01;35:*.m4v=01;35:*.mp4v=01;35:*.vob=01;35:*.qt=01;35:*.nuv=01;35:*.wmv=01;35:*.asf=01;35:*.rm=01;35:*.rmvb=01;35:*.flc=01;35:*.avi=01;35:*.fli=01;35:*.flv=01;35:*.gl=01;35:*.dl=01;35:*.xcf=01;35:*.xwd=01;35:*.yuv=01;35:*.cgm=01;35:*.emf=01;35:*.ogv=01;35:*.ogx=01;35:*.aac=00;36:*.au=00;36:*.flac=00;36:*.m4a=00;36:*.mid=00;36:*.midi=00;36:*.mka=00;36:*.mp3=00;36:*.mpc=00;36:*.ogg=00;36:*.ra=00;36:*.wav=00;36:*.oga=00;36:*.opus=00;36:*.spx=00;36:*.xspf=00;36:'), ('VSCODE_GIT_IPC_HANDLE', '/run/user/1000/vscode-git-9d2c69e155.sock'), ('TERM_PROGRAM', 'vscode'), ('SSH_AGENT_LAUNCHER', 'gnome-keyring'), ('SSH_AUTH_SOCK', '/run/user/1000/keyring/ssh'), ('AMENT_PREFIX_PATH', '/home/ccl/Multitask-Drone/install/drone_vision:/home/ccl/Multitask-Drone/install/drone_monitor:/home/ccl/Multitask-Drone/install/drone_controller:/home/ccl/Multitask-Drone/install/drone_interfaces:/opt/ros/humble'), ('QUIC_GO_LOG_LEVEL', 'debug'), ('ORIGINAL_XDG_CURRENT_DESKTOP', 'ubuntu:GNOME'), ('SHELL', '/bin/bash'), ('LC_NAME', 'zh_CN.UTF-8'), ('QT_ACCESSIBILITY', '1'), ('GDMSESSION', 'ubuntu'), ('LESSCLOSE', '/usr/bin/lesspipe %s %s'), ('LC_MEASUREMENT', 'zh_CN.UTF-8'), ('GJS_DEBUG_OUTPUT', 'stderr'), ('LC_IDENTIFICATION', 'zh_CN.UTF-8'), ('VSCODE_GIT_ASKPASS_EXTRA_ARGS', ''), ('QT_IM_MODULE', 'fcitx'), ('PWD', '/home/ccl/Multitask-Drone/build/drone_interfaces'), ('LC_ALL', 'en_US.UTF-8'), ('XDG_CONFIG_DIRS', '/etc/xdg/xdg-ubuntu:/etc/xdg'), ('CLUTTER_IM_MODULE', 'xim'), ('XDG_DATA_DIRS', '/usr/share/ubuntu:/usr/local/share:/usr/share:/var/lib/snapd/desktop'), ('PYTHONPATH', '/home/ccl/Multitask-Drone/install/drone_vision/lib/python3.10/site-packages:/home/ccl/Multitask-Drone/install/drone_monitor/lib/python3.10/site-packages:/home/ccl/Multitask-Drone/install/drone_controller/lib/python3.10/site-packages:/home/ccl/Multitask-Drone/install/drone_interfaces/local/lib/python3.10/dist-packages:/opt/ros/humble/lib/python3.10/site-packages:/opt/ros/humble/local/lib/python3.10/dist-packages'), ('LC_NUMERIC', 'zh_CN.UTF-8'), ('LC_PAPER', 'zh_CN.UTF-8'), ('COLCON', '1'), ('CMAKE_PREFIX_PATH', '/home/ccl/Multitask-Drone/install/drone_interfaces:/home/ccl/Multitask-Drone/install/drone_vision:/home/ccl/Multitask-Drone/install/drone_monitor:/home/ccl/Multitask-Drone/install/drone_controller:/opt/ros/humble')]), 'shell': False}
[0.101897] (-) TimerEvent: {}
[0.202228] (-) TimerEvent: {}
[0.218020] (drone_interfaces) StdoutLine: {'line': b'[  1%] Built target drone_interfaces__cpp\n'}
[0.277986] (drone_interfaces) StdoutLine: {'line': b'[  1%] Built target ament_cmake_python_copy_drone_interfaces\n'}
[0.306051] (-) TimerEvent: {}
[0.336218] (drone_interfaces) StdoutLine: {'line': b'[ 12%] Built target drone_interfaces__rosidl_typesupport_introspection_cpp\n'}
[0.406194] (-) TimerEvent: {}
[0.509423] (-) TimerEvent: {}
[0.609679] (-) TimerEvent: {}
[0.648727] (drone_interfaces) StdoutLine: {'line': b'running egg_info\n'}
[0.648887] (drone_interfaces) StdoutLine: {'line': b'writing drone_interfaces.egg-info/PKG-INFO\n'}
[0.648937] (drone_interfaces) StdoutLine: {'line': b'writing dependency_links to drone_interfaces.egg-info/dependency_links.txt\n'}
[0.648987] (drone_interfaces) StdoutLine: {'line': b'writing top-level names to drone_interfaces.egg-info/top_level.txt\n'}
[0.650162] (drone_interfaces) StdoutLine: {'line': b"reading manifest file 'drone_interfaces.egg-info/SOURCES.txt'\n"}
[0.650789] (drone_interfaces) StdoutLine: {'line': b"writing manifest file 'drone_interfaces.egg-info/SOURCES.txt'\n"}
[0.675577] (drone_interfaces) StdoutLine: {'line': b'[ 12%] Built target ament_cmake_python_build_drone_interfaces_egg\n'}
[0.709211] (drone_interfaces) StdoutLine: {'line': b'[ 24%] Built target drone_interfaces__rosidl_typesupport_fastrtps_cpp\n'}
[0.709761] (-) TimerEvent: {}
[0.733768] (drone_monitor) Command: {'cmd': ['/usr/bin/python3', '-W', 'ignore:setup.py install is deprecated', '-W', 'ignore:easy_install command is deprecated', 'setup.py', 'egg_info', '--egg-base', '../../build/drone_monitor', 'build', '--build-base', '/home/ccl/Multitask-Drone/build/drone_monitor/build', 'install', '--record', '/home/ccl/Multitask-Drone/build/drone_monitor/install.log', '--single-version-externally-managed', 'install_data'], 'cwd': '/home/ccl/Multitask-Drone/src/drone_monitor', 'env': {'GJS_DEBUG_TOPICS': 'JS ERROR;JS LOG', 'LESSOPEN': '| /usr/bin/lesspipe %s', 'SVGA_VGPU10': '0', 'no_proxy': '127.0.0.1, localhost', 'USER': 'ccl', 'LC_TIME': 'zh_CN.UTF-8', 'XDG_SESSION_TYPE': 'wayland', 'GIT_ASKPASS': '/usr/share/code/resources/app/extensions/git/dist/askpass.sh', 'SHLVL': '1', 'LD_LIBRARY_PATH': '/home/ccl/Multitask-Drone/install/drone_interfaces/lib:/opt/ros/humble/opt/rviz_ogre_vendor/lib:/opt/ros/humble/lib/x86_64-linux-gnu:/opt/ros/humble/lib', 'HOME': '/home/ccl', 'CHROME_DESKTOP': 'code.desktop', 'OLDPWD': '/home/ccl', 'TERM_PROGRAM_VERSION': '1.98.0', 'DESKTOP_SESSION': 'ubuntu', 'GIO_LAUNCHED_DESKTOP_FILE': '/usr/share/applications/code.desktop', 'ROS_PYTHON_VERSION': '3', 'GNOME_SHELL_SESSION_MODE': 'ubuntu', 'GTK_MODULES': 'gail:atk-bridge', 'VSCODE_GIT_ASKPASS_MAIN': '/usr/share/code/resources/app/extensions/git/dist/askpass-main.js', 'LC_MONETARY': 'zh_CN.UTF-8', 'VSCODE_GIT_ASKPASS_NODE': '/usr/share/code/code', 'MANAGERPID': '1078', 'PYDEVD_DISABLE_FILE_VALIDATION': '1', 'SYSTEMD_EXEC_PID': '1235', 'BUNDLED_DEBUGPY_PATH': '/home/ccl/.vscode/extensions/ms-python.debugpy-2025.4.0-linux-x64/bundled/libs/debugpy', 'IM_CONFIG_CHECK_ENV': '1', 'DBUS_SESSION_BUS_ADDRESS': 'unix:path=/run/user/1000/bus', 'COLORTERM': 'truecolor', 'GIO_LAUNCHED_DESKTOP_FILE_PID': '17873', 'IM_CONFIG_PHASE': '1', 'WAYLAND_DISPLAY': 'wayland-0', 'https_proxy': 'http://192.168.218.1:5555', 'COLCON_PREFIX_PATH': '/home/ccl/Multitask-Drone/install', 'ROS_DISTRO': 'humble', 'GTK_IM_MODULE': 'fcitx', 'LOGNAME': 'ccl', 'http_proxy': 'http://192.168.218.1:5555', 'JOURNAL_STREAM': '8:17839', '_': '/usr/bin/colcon', 'ROS_VERSION': '2', 'XDG_SESSION_CLASS': 'user', 'USERNAME': 'ccl', 'TERM': 'xterm-256color', 'GNOME_DESKTOP_SESSION_ID': 'this-is-deprecated', 'ROS_LOCALHOST_ONLY': '0', 'PATH': '/home/ccl/.local/bin:/opt/ros/humble/bin:/home/ccl/.local/bin:/usr/local/sbin:/usr/local/bin:/usr/sbin:/usr/bin:/sbin:/bin:/usr/games:/usr/local/games:/snap/bin:/usr/local/go/bin:/home/ccl/.vscode/extensions/ms-python.debugpy-2025.4.0-linux-x64/bundled/scripts/noConfigScripts:/usr/local/go/bin', 'SESSION_MANAGER': 'local/ubuntu64:@/tmp/.ICE-unix/1212,unix/ubuntu64:/tmp/.ICE-unix/1212', 'INVOCATION_ID': 'b97f6cc10fc1482b957a1d12886b36f0', 'XDG_MENU_PREFIX': 'gnome-', 'LC_ADDRESS': 'zh_CN.UTF-8', 'GNOME_SETUP_DISPLAY': ':1', 'XDG_RUNTIME_DIR': '/run/user/1000', 'GDK_BACKEND': 'x11', 'DISPLAY': ':0', 'VSCODE_DEBUGPY_ADAPTER_ENDPOINTS': '/home/ccl/.vscode/extensions/ms-python.debugpy-2025.4.0-linux-x64/.noConfigDebugAdapterEndpoints/endpoint-17a7e6cfd4e60750.txt', 'LANG': 'en_US.UTF-8', 'XDG_CURRENT_DESKTOP': 'Unity', 'LC_TELEPHONE': 'zh_CN.UTF-8', 'XMODIFIERS': '@im=fcitx', 'XDG_SESSION_DESKTOP': 'ubuntu', 'XAUTHORITY': '/run/user/1000/.mutter-Xwaylandauth.23GQ22', 'LS_COLORS': 'rs=0:di=01;34:ln=01;36:mh=00:pi=40;33:so=01;35:do=01;35:bd=40;33;01:cd=40;33;01:or=40;31;01:mi=00:su=37;41:sg=30;43:ca=30;41:tw=30;42:ow=34;42:st=37;44:ex=01;32:*.tar=01;31:*.tgz=01;31:*.arc=01;31:*.arj=01;31:*.taz=01;31:*.lha=01;31:*.lz4=01;31:*.lzh=01;31:*.lzma=01;31:*.tlz=01;31:*.txz=01;31:*.tzo=01;31:*.t7z=01;31:*.zip=01;31:*.z=01;31:*.dz=01;31:*.gz=01;31:*.lrz=01;31:*.lz=01;31:*.lzo=01;31:*.xz=01;31:*.zst=01;31:*.tzst=01;31:*.bz2=01;31:*.bz=01;31:*.tbz=01;31:*.tbz2=01;31:*.tz=01;31:*.deb=01;31:*.rpm=01;31:*.jar=01;31:*.war=01;31:*.ear=01;31:*.sar=01;31:*.rar=01;31:*.alz=01;31:*.ace=01;31:*.zoo=01;31:*.cpio=01;31:*.7z=01;31:*.rz=01;31:*.cab=01;31:*.wim=01;31:*.swm=01;31:*.dwm=01;31:*.esd=01;31:*.jpg=01;35:*.jpeg=01;35:*.mjpg=01;35:*.mjpeg=01;35:*.gif=01;35:*.bmp=01;35:*.pbm=01;35:*.pgm=01;35:*.ppm=01;35:*.tga=01;35:*.xbm=01;35:*.xpm=01;35:*.tif=01;35:*.tiff=01;35:*.png=01;35:*.svg=01;35:*.svgz=01;35:*.mng=01;35:*.pcx=01;35:*.mov=01;35:*.mpg=01;35:*.mpeg=01;35:*.m2v=01;35:*.mkv=01;35:*.webm=01;35:*.webp=01;35:*.ogm=01;35:*.mp4=01;35:*.m4v=01;35:*.mp4v=01;35:*.vob=01;35:*.qt=01;35:*.nuv=01;35:*.wmv=01;35:*.asf=01;35:*.rm=01;35:*.rmvb=01;35:*.flc=01;35:*.avi=01;35:*.fli=01;35:*.flv=01;35:*.gl=01;35:*.dl=01;35:*.xcf=01;35:*.xwd=01;35:*.yuv=01;35:*.cgm=01;35:*.emf=01;35:*.ogv=01;35:*.ogx=01;35:*.aac=00;36:*.au=00;36:*.flac=00;36:*.m4a=00;36:*.mid=00;36:*.midi=00;36:*.mka=00;36:*.mp3=00;36:*.mpc=00;36:*.ogg=00;36:*.ra=00;36:*.wav=00;36:*.oga=00;36:*.opus=00;36:*.spx=00;36:*.xspf=00;36:', 'VSCODE_GIT_IPC_HANDLE': '/run/user/1000/vscode-git-9d2c69e155.sock', 'TERM_PROGRAM': 'vscode', 'SSH_AGENT_LAUNCHER': 'gnome-keyring', 'SSH_AUTH_SOCK': '/run/user/1000/keyring/ssh', 'AMENT_PREFIX_PATH': '/home/ccl/Multitask-Drone/install/drone_vision:/home/ccl/Multitask-Drone/install/drone_monitor:/home/ccl/Multitask-Drone/install/drone_controller:/home/ccl/Multitask-Drone/install/drone_interfaces:/opt/ros/humble', 'QUIC_GO_LOG_LEVEL': 'debug', 'ORIGINAL_XDG_CURRENT_DESKTOP': 'ubuntu:GNOME', 'SHELL': '/bin/bash', 'LC_NAME': 'zh_CN.UTF-8', 'QT_ACCESSIBILITY': '1', 'GDMSESSION': 'ubuntu', 'LESSCLOSE': '/usr/bin/lesspipe %s %s', 'LC_MEASUREMENT': 'zh_CN.UTF-8', 'GJS_DEBUG_OUTPUT': 'stderr', 'LC_IDENTIFICATION': 'zh_CN.UTF-8', 'VSCODE_GIT_ASKPASS_EXTRA_ARGS': '', 'QT_IM_MODULE': 'fcitx', 'PWD': '/home/ccl/Multitask-Drone/build/drone_monitor', 'LC_ALL': 'en_US.UTF-8', 'XDG_CONFIG_DIRS': '/etc/xdg/xdg-ubuntu:/etc/xdg', 'CLUTTER_IM_MODULE': 'xim', 'XDG_DATA_DIRS': '/usr/share/ubuntu:/usr/local/share:/usr/share:/var/lib/snapd/desktop', 'PYTHONPATH': '/home/ccl/Multitask-Drone/build/drone_monitor/prefix_override:/usr/lib/python3/dist-packages/colcon_core/task/python/colcon_distutils_commands:/home/ccl/Multitask-Drone/install/drone_monitor/lib/python3.10/site-packages:/home/ccl/Multitask-Drone/install/drone_vision/lib/python3.10/site-packages:/home/ccl/Multitask-Drone/install/drone_monitor/lib/python3.10/site-packages:/home/ccl/Multitask-Drone/install/drone_controller/lib/python3.10/site-packages:/home/ccl/Multitask-Drone/install/drone_interfaces/local/lib/python3.10/dist-packages:/opt/ros/humble/lib/python3.10/site-packages:/opt/ros/humble/local/lib/python3.10/dist-packages', 'LC_NUMERIC': 'zh_CN.UTF-8', 'LC_PAPER': 'zh_CN.UTF-8', 'COLCON': '1', 'CMAKE_PREFIX_PATH': '/home/ccl/Multitask-Drone/install/drone_interfaces'}, 'shell': False}
[0.777774] (drone_interfaces) StdoutLine: {'line': b'[ 35%] Built target drone_interfaces__rosidl_typesupport_cpp\n'}
[0.809866] (-) TimerEvent: {}
[0.814157] (drone_interfaces) StdoutLine: {'line': b'[ 47%] Built target drone_interfaces__rosidl_generator_c\n'}
[0.855676] (drone_interfaces) StdoutLine: {'line': b'[ 58%] Built target drone_interfaces__rosidl_typesupport_fastrtps_c\n'}
[0.910673] (-) TimerEvent: {}
[0.915110] (drone_interfaces) StdoutLine: {'line': b'[ 70%] Built target drone_interfaces__rosidl_typesupport_c\n'}
[0.956256] (drone_interfaces) StdoutLine: {'line': b'[ 82%] Built target drone_interfaces__rosidl_typesupport_introspection_c\n'}
[0.966449] (drone_monitor) StdoutLine: {'line': b'running egg_info\n'}
[0.967225] (drone_monitor) StdoutLine: {'line': b'writing ../../build/drone_monitor/drone_monitor.egg-info/PKG-INFO\n'}
[0.967931] (drone_monitor) StdoutLine: {'line': b'writing dependency_links to ../../build/drone_monitor/drone_monitor.egg-info/dependency_links.txt\n'}
[0.968308] (drone_monitor) StdoutLine: {'line': b'writing entry points to ../../build/drone_monitor/drone_monitor.egg-info/entry_points.txt\n'}
[0.968832] (drone_monitor) StdoutLine: {'line': b'writing requirements to ../../build/drone_monitor/drone_monitor.egg-info/requires.txt\n'}
[0.969854] (drone_monitor) StdoutLine: {'line': b'writing top-level names to ../../build/drone_monitor/drone_monitor.egg-info/top_level.txt\n'}
[0.973472] (drone_monitor) StdoutLine: {'line': b"reading manifest file '../../build/drone_monitor/drone_monitor.egg-info/SOURCES.txt'\n"}
[0.973680] (drone_monitor) StdoutLine: {'line': b"adding license file 'LICENSE'\n"}
[0.973768] (drone_monitor) StdoutLine: {'line': b"writing manifest file '../../build/drone_monitor/drone_monitor.egg-info/SOURCES.txt'\n"}
[0.973846] (drone_monitor) StdoutLine: {'line': b'running build\n'}
[0.973920] (drone_monitor) StdoutLine: {'line': b'running build_py\n'}
[0.975707] (drone_monitor) StdoutLine: {'line': b'running install\n'}
[0.975843] (drone_monitor) StdoutLine: {'line': b'running install_lib\n'}
[0.981916] (drone_monitor) StdoutLine: {'line': b'running install_data\n'}
[0.982134] (drone_monitor) StdoutLine: {'line': b'running install_egg_info\n'}
[0.984674] (drone_monitor) StdoutLine: {'line': b"removing '/home/ccl/Multitask-Drone/install/drone_monitor/lib/python3.10/site-packages/drone_monitor-0.0.0-py3.10.egg-info' (and everything under it)\n"}
[0.984889] (drone_monitor) StdoutLine: {'line': b'Copying ../../build/drone_monitor/drone_monitor.egg-info to /home/ccl/Multitask-Drone/install/drone_monitor/lib/python3.10/site-packages/drone_monitor-0.0.0-py3.10.egg-info\n'}
[0.986125] (drone_monitor) StdoutLine: {'line': b'running install_scripts\n'}
[1.001456] (drone_interfaces) StdoutLine: {'line': b'[ 82%] Built target drone_interfaces\n'}
[1.008764] (drone_monitor) StdoutLine: {'line': b"writing list of installed files to '/home/ccl/Multitask-Drone/build/drone_monitor/install.log'\n"}
[1.010792] (-) TimerEvent: {}
[1.030764] (drone_monitor) CommandEnded: {'returncode': 0}
[1.059747] (drone_interfaces) StdoutLine: {'line': b'[ 83%] Built target drone_interfaces__py\n'}
[1.072182] (drone_monitor) JobEnded: {'identifier': 'drone_monitor', 'rc': 0}
[1.082517] (drone_interfaces) StdoutLine: {'line': b'[ 93%] Built target drone_interfaces__rosidl_generator_py\n'}
[1.111053] (-) TimerEvent: {}
[1.126663] (drone_interfaces) StdoutLine: {'line': b'[ 95%] Built target drone_interfaces__rosidl_typesupport_fastrtps_c__pyext\n'}
[1.158229] (drone_interfaces) StdoutLine: {'line': b'[ 97%] Built target drone_interfaces__rosidl_typesupport_c__pyext\n'}
[1.192594] (drone_interfaces) StdoutLine: {'line': b'[100%] Built target drone_interfaces__rosidl_typesupport_introspection_c__pyext\n'}
[1.208810] (drone_interfaces) CommandEnded: {'returncode': 0}
[1.209431] (drone_interfaces) JobProgress: {'identifier': 'drone_interfaces', 'progress': 'install'}
[1.213847] (-) TimerEvent: {}
[1.236549] (drone_interfaces) Command: {'cmd': ['/usr/bin/cmake', '--install', '/home/ccl/Multitask-Drone/build/drone_interfaces'], 'cwd': '/home/ccl/Multitask-Drone/build/drone_interfaces', 'env': OrderedDict([('GJS_DEBUG_TOPICS', 'JS ERROR;JS LOG'), ('LESSOPEN', '| /usr/bin/lesspipe %s'), ('SVGA_VGPU10', '0'), ('no_proxy', '127.0.0.1, localhost'), ('USER', 'ccl'), ('LC_TIME', 'zh_CN.UTF-8'), ('XDG_SESSION_TYPE', 'wayland'), ('GIT_ASKPASS', '/usr/share/code/resources/app/extensions/git/dist/askpass.sh'), ('SHLVL', '1'), ('LD_LIBRARY_PATH', '/home/ccl/Multitask-Drone/install/drone_interfaces/lib:/opt/ros/humble/opt/rviz_ogre_vendor/lib:/opt/ros/humble/lib/x86_64-linux-gnu:/opt/ros/humble/lib'), ('HOME', '/home/ccl'), ('CHROME_DESKTOP', 'code.desktop'), ('OLDPWD', '/home/ccl'), ('TERM_PROGRAM_VERSION', '1.98.0'), ('DESKTOP_SESSION', 'ubuntu'), ('GIO_LAUNCHED_DESKTOP_FILE', '/usr/share/applications/code.desktop'), ('ROS_PYTHON_VERSION', '3'), ('GNOME_SHELL_SESSION_MODE', 'ubuntu'), ('GTK_MODULES', 'gail:atk-bridge'), ('VSCODE_GIT_ASKPASS_MAIN', '/usr/share/code/resources/app/extensions/git/dist/askpass-main.js'), ('LC_MONETARY', 'zh_CN.UTF-8'), ('VSCODE_GIT_ASKPASS_NODE', '/usr/share/code/code'), ('MANAGERPID', '1078'), ('PYDEVD_DISABLE_FILE_VALIDATION', '1'), ('SYSTEMD_EXEC_PID', '1235'), ('BUNDLED_DEBUGPY_PATH', '/home/ccl/.vscode/extensions/ms-python.debugpy-2025.4.0-linux-x64/bundled/libs/debugpy'), ('IM_CONFIG_CHECK_ENV', '1'), ('DBUS_SESSION_BUS_ADDRESS', 'unix:path=/run/user/1000/bus'), ('COLORTERM', 'truecolor'), ('GIO_LAUNCHED_DESKTOP_FILE_PID', '17873'), ('IM_CONFIG_PHASE', '1'), ('WAYLAND_DISPLAY', 'wayland-0'), ('https_proxy', 'http://192.168.218.1:5555'), ('COLCON_PREFIX_PATH', '/home/ccl/Multitask-Drone/install'), ('ROS_DISTRO', 'humble'), ('GTK_IM_MODULE', 'fcitx'), ('LOGNAME', 'ccl'), ('http_proxy', 'http://192.168.218.1:5555'), ('JOURNAL_STREAM', '8:17839'), ('_', '/usr/bin/colcon'), ('ROS_VERSION', '2'), ('XDG_SESSION_CLASS', 'user'), ('USERNAME', 'ccl'), ('TERM', 'xterm-256color'), ('GNOME_DESKTOP_SESSION_ID', 'this-is-deprecated'), ('ROS_LOCALHOST_ONLY', '0'), ('PATH', '/home/ccl/.local/bin:/opt/ros/humble/bin:/home/ccl/.local/bin:/usr/local/sbin:/usr/local/bin:/usr/sbin:/usr/bin:/sbin:/bin:/usr/games:/usr/local/games:/snap/bin:/usr/local/go/bin:/home/ccl/.vscode/extensions/ms-python.debugpy-2025.4.0-linux-x64/bundled/scripts/noConfigScripts:/usr/local/go/bin'), ('SESSION_MANAGER', 'local/ubuntu64:@/tmp/.ICE-unix/1212,unix/ubuntu64:/tmp/.ICE-unix/1212'), ('INVOCATION_ID', 'b97f6cc10fc1482b957a1d12886b36f0'), ('XDG_MENU_PREFIX', 'gnome-'), ('LC_ADDRESS', 'zh_CN.UTF-8'), ('GNOME_SETUP_DISPLAY', ':1'), ('XDG_RUNTIME_DIR', '/run/user/1000'), ('GDK_BACKEND', 'x11'), ('DISPLAY', ':0'), ('VSCODE_DEBUGPY_ADAPTER_ENDPOINTS', '/home/ccl/.vscode/extensions/ms-python.debugpy-2025.4.0-linux-x64/.noConfigDebugAdapterEndpoints/endpoint-17a7e6cfd4e60750.txt'), ('LANG', 'en_US.UTF-8'), ('XDG_CURRENT_DESKTOP', 'Unity'), ('LC_TELEPHONE', 'zh_CN.UTF-8'), ('XMODIFIERS', '@im=fcitx'), ('XDG_SESSION_DESKTOP', 'ubuntu'), ('XAUTHORITY', '/run/user/1000/.mutter-Xwaylandauth.23GQ22'), ('LS_COLORS', 'rs=0:di=01;34:ln=01;36:mh=00:pi=40;33:so=01;35:do=01;35:bd=40;33;01:cd=40;33;01:or=40;31;01:mi=00:su=37;41:sg=30;43:ca=30;41:tw=30;42:ow=34;42:st=37;44:ex=01;32:*.tar=01;31:*.tgz=01;31:*.arc=01;31:*.arj=01;31:*.taz=01;31:*.lha=01;31:*.lz4=01;31:*.lzh=01;31:*.lzma=01;31:*.tlz=01;31:*.txz=01;31:*.tzo=01;31:*.t7z=01;31:*.zip=01;31:*.z=01;31:*.dz=01;31:*.gz=01;31:*.lrz=01;31:*.lz=01;31:*.lzo=01;31:*.xz=01;31:*.zst=01;31:*.tzst=01;31:*.bz2=01;31:*.bz=01;31:*.tbz=01;31:*.tbz2=01;31:*.tz=01;31:*.deb=01;31:*.rpm=01;31:*.jar=01;31:*.war=01;31:*.ear=01;31:*.sar=01;31:*.rar=01;31:*.alz=01;31:*.ace=01;31:*.zoo=01;31:*.cpio=01;31:*.7z=01;31:*.rz=01;31:*.cab=01;31:*.wim=01;31:*.swm=01;31:*.dwm=01;31:*.esd=01;31:*.jpg=01;35:*.jpeg=01;35:*.mjpg=01;35:*.mjpeg=01;35:*.gif=01;35:*.bmp=01;35:*.pbm=01;35:*.pgm=01;35:*.ppm=01;35:*.tga=01;35:*.xbm=01;35:*.xpm=01;35:*.tif=01;35:*.tiff=01;35:*.png=01;35:*.svg=01;35:*.svgz=01;35:*.mng=01;35:*.pcx=01;35:*.mov=01;35:*.mpg=01;35:*.mpeg=01;35:*.m2v=01;35:*.mkv=01;35:*.webm=01;35:*.webp=01;35:*.ogm=01;35:*.mp4=01;35:*.m4v=01;35:*.mp4v=01;35:*.vob=01;35:*.qt=01;35:*.nuv=01;35:*.wmv=01;35:*.asf=01;35:*.rm=01;35:*.rmvb=01;35:*.flc=01;35:*.avi=01;35:*.fli=01;35:*.flv=01;35:*.gl=01;35:*.dl=01;35:*.xcf=01;35:*.xwd=01;35:*.yuv=01;35:*.cgm=01;35:*.emf=01;35:*.ogv=01;35:*.ogx=01;35:*.aac=00;36:*.au=00;36:*.flac=00;36:*.m4a=00;36:*.mid=00;36:*.midi=00;36:*.mka=00;36:*.mp3=00;36:*.mpc=00;36:*.ogg=00;36:*.ra=00;36:*.wav=00;36:*.oga=00;36:*.opus=00;36:*.spx=00;36:*.xspf=00;36:'), ('VSCODE_GIT_IPC_HANDLE', '/run/user/1000/vscode-git-9d2c69e155.sock'), ('TERM_PROGRAM', 'vscode'), ('SSH_AGENT_LAUNCHER', 'gnome-keyring'), ('SSH_AUTH_SOCK', '/run/user/1000/keyring/ssh'), ('AMENT_PREFIX_PATH', '/home/ccl/Multitask-Drone/install/drone_vision:/home/ccl/Multitask-Drone/install/drone_monitor:/home/ccl/Multitask-Drone/install/drone_controller:/home/ccl/Multitask-Drone/install/drone_interfaces:/opt/ros/humble'), ('QUIC_GO_LOG_LEVEL', 'debug'), ('ORIGINAL_XDG_CURRENT_DESKTOP', 'ubuntu:GNOME'), ('SHELL', '/bin/bash'), ('LC_NAME', 'zh_CN.UTF-8'), ('QT_ACCESSIBILITY', '1'), ('GDMSESSION', 'ubuntu'), ('LESSCLOSE', '/usr/bin/lesspipe %s %s'), ('LC_MEASUREMENT', 'zh_CN.UTF-8'), ('GJS_DEBUG_OUTPUT', 'stderr'), ('LC_IDENTIFICATION', 'zh_CN.UTF-8'), ('VSCODE_GIT_ASKPASS_EXTRA_ARGS', ''), ('QT_IM_MODULE', 'fcitx'), ('PWD', '/home/ccl/Multitask-Drone/build/drone_interfaces'), ('LC_ALL', 'en_US.UTF-8'), ('XDG_CONFIG_DIRS', '/etc/xdg/xdg-ubuntu:/etc/xdg'), ('CLUTTER_IM_MODULE', 'xim'), ('XDG_DATA_DIRS', '/usr/share/ubuntu:/usr/local/share:/usr/share:/var/lib/snapd/desktop'), ('PYTHONPATH', '/home/ccl/Multitask-Drone/install/drone_vision/lib/python3.10/site-packages:/home/ccl/Multitask-Drone/install/drone_monitor/lib/python3.10/site-packages:/home/ccl/Multitask-Drone/install/drone_controller/lib/python3.10/site-packages:/home/ccl/Multitask-Drone/install/drone_interfaces/local/lib/python3.10/dist-packages:/opt/ros/humble/lib/python3.10/site-packages:/opt/ros/humble/local/lib/python3.10/dist-packages'), ('LC_NUMERIC', 'zh_CN.UTF-8'), ('LC_PAPER', 'zh_CN.UTF-8'), ('COLCON', '1'), ('CMAKE_PREFIX_PATH', '/home/ccl/Multitask-Drone/install/drone_interfaces:/home/ccl/Multitask-Drone/install/drone_vision:/home/ccl/Multitask-Drone/install/drone_monitor:/home/ccl/Multitask-Drone/install/drone_controller:/opt/ros/humble')]), 'shell': False}
[1.250145] (drone_interfaces) StdoutLine: {'line': b'-- Install configuration: ""\n'}
[1.250335] (drone_interfaces) StdoutLine: {'line': b'-- Up-to-date: /home/ccl/Multitask-Drone/install/drone_interfaces/share/ament_index/resource_index/rosidl_interfaces/drone_interfaces\n'}
[1.250386] (drone_interfaces) StdoutLine: {'line': b'-- Up-to-date: /home/ccl/Multitask-Drone/install/drone_interfaces/include/drone_interfaces/drone_interfaces\n'}
[1.250430] (drone_interfaces) StdoutLine: {'line': b'-- Up-to-date: /home/ccl/Multitask-Drone/install/drone_interfaces/include/drone_interfaces/drone_interfaces/msg\n'}
[1.250472] (drone_interfaces) StdoutLine: {'line': b'-- Up-to-date: /home/ccl/Multitask-Drone/install/drone_interfaces/include/drone_interfaces/drone_interfaces/msg/yaw.h\n'}
[1.250512] (drone_interfaces) StdoutLine: {'line': b'-- Up-to-date: /home/ccl/Multitask-Drone/install/drone_interfaces/include/drone_interfaces/drone_interfaces/msg/rosidl_generator_c__visibility_control.h\n'}
[1.250552] (drone_interfaces) StdoutLine: {'line': b'-- Up-to-date: /home/ccl/Multitask-Drone/install/drone_interfaces/include/drone_interfaces/drone_interfaces/msg/task_state.h\n'}
[1.250591] (drone_interfaces) StdoutLine: {'line': b'-- Up-to-date: /home/ccl/Multitask-Drone/install/drone_interfaces/include/drone_interfaces/drone_interfaces/msg/task.h\n'}
[1.250642] (drone_interfaces) StdoutLine: {'line': b'-- Up-to-date: /home/ccl/Multitask-Drone/install/drone_interfaces/include/drone_interfaces/drone_interfaces/msg/detail\n'}
[1.251337] (drone_interfaces) StdoutLine: {'line': b'-- Up-to-date: /home/ccl/Multitask-Drone/install/drone_interfaces/include/drone_interfaces/drone_interfaces/msg/detail/panel_box__functions.h\n'}
[1.251409] (drone_interfaces) StdoutLine: {'line': b'-- Up-to-date: /home/ccl/Multitask-Drone/install/drone_interfaces/include/drone_interfaces/drone_interfaces/msg/detail/raw_waypoint__struct.h\n'}
[1.251520] (drone_interfaces) StdoutLine: {'line': b'-- Up-to-date: /home/ccl/Multitask-Drone/install/drone_interfaces/include/drone_interfaces/drone_interfaces/msg/detail/task__functions.c\n'}
[1.251572] (drone_interfaces) StdoutLine: {'line': b'-- Up-to-date: /home/ccl/Multitask-Drone/install/drone_interfaces/include/drone_interfaces/drone_interfaces/msg/detail/task__functions.h\n'}
[1.251613] (drone_interfaces) StdoutLine: {'line': b'-- Up-to-date: /home/ccl/Multitask-Drone/install/drone_interfaces/include/drone_interfaces/drone_interfaces/msg/detail/task__struct.h\n'}
[1.251669] (drone_interfaces) StdoutLine: {'line': b'-- Up-to-date: /home/ccl/Multitask-Drone/install/drone_interfaces/include/drone_interfaces/drone_interfaces/msg/detail/task_state__type_support.h\n'}
[1.251715] (drone_interfaces) StdoutLine: {'line': b'-- Up-to-date: /home/ccl/Multitask-Drone/install/drone_interfaces/include/drone_interfaces/drone_interfaces/msg/detail/task_state__struct.h\n'}
[1.251754] (drone_interfaces) StdoutLine: {'line': b'-- Up-to-date: /home/ccl/Multitask-Drone/install/drone_interfaces/include/drone_interfaces/drone_interfaces/msg/detail/yaw__struct.h\n'}
[1.251793] (drone_interfaces) StdoutLine: {'line': b'-- Up-to-date: /home/ccl/Multitask-Drone/install/drone_interfaces/include/drone_interfaces/drone_interfaces/msg/detail/yaw__functions.c\n'}
[1.251832] (drone_interfaces) StdoutLine: {'line': b'-- Up-to-date: /home/ccl/Multitask-Drone/install/drone_interfaces/include/drone_interfaces/drone_interfaces/msg/detail/task_state__functions.h\n'}
[1.251871] (drone_interfaces) StdoutLine: {'line': b'-- Up-to-date: /home/ccl/Multitask-Drone/install/drone_interfaces/include/drone_interfaces/drone_interfaces/msg/detail/yaw__functions.h\n'}
[1.251910] (drone_interfaces) StdoutLine: {'line': b'-- Up-to-date: /home/ccl/Multitask-Drone/install/drone_interfaces/include/drone_interfaces/drone_interfaces/msg/detail/yaw__type_support.h\n'}
[1.251948] (drone_interfaces) StdoutLine: {'line': b'-- Up-to-date: /home/ccl/Multitask-Drone/install/drone_interfaces/include/drone_interfaces/drone_interfaces/msg/detail/raw_waypoint__functions.h\n'}
[1.251991] (drone_interfaces) StdoutLine: {'line': b'-- Up-to-date: /home/ccl/Multitask-Drone/install/drone_interfaces/include/drone_interfaces/drone_interfaces/msg/detail/raw_waypoint__type_support.h\n'}
[1.252031] (drone_interfaces) StdoutLine: {'line': b'-- Up-to-date: /home/ccl/Multitask-Drone/install/drone_interfaces/include/drone_interfaces/drone_interfaces/msg/detail/panel_box__functions.c\n'}
[1.252070] (drone_interfaces) StdoutLine: {'line': b'-- Up-to-date: /home/ccl/Multitask-Drone/install/drone_interfaces/include/drone_interfaces/drone_interfaces/msg/detail/task_state__functions.c\n'}
[1.252109] (drone_interfaces) StdoutLine: {'line': b'-- Up-to-date: /home/ccl/Multitask-Drone/install/drone_interfaces/include/drone_interfaces/drone_interfaces/msg/detail/panel_box__struct.h\n'}
[1.252163] (drone_interfaces) StdoutLine: {'line': b'-- Up-to-date: /home/ccl/Multitask-Drone/install/drone_interfaces/include/drone_interfaces/drone_interfaces/msg/detail/panel_box__type_support.h\n'}
[1.252206] (drone_interfaces) StdoutLine: {'line': b'-- Up-to-date: /home/ccl/Multitask-Drone/install/drone_interfaces/include/drone_interfaces/drone_interfaces/msg/detail/raw_waypoint__functions.c\n'}
[1.252245] (drone_interfaces) StdoutLine: {'line': b'-- Up-to-date: /home/ccl/Multitask-Drone/install/drone_interfaces/include/drone_interfaces/drone_interfaces/msg/detail/task__type_support.h\n'}
[1.252283] (drone_interfaces) StdoutLine: {'line': b'-- Up-to-date: /home/ccl/Multitask-Drone/install/drone_interfaces/include/drone_interfaces/drone_interfaces/msg/raw_waypoint.h\n'}
[1.252947] (drone_interfaces) StdoutLine: {'line': b'-- Up-to-date: /home/ccl/Multitask-Drone/install/drone_interfaces/include/drone_interfaces/drone_interfaces/msg/panel_box.h\n'}
[1.253043] (drone_interfaces) StdoutLine: {'line': b'-- Up-to-date: /home/ccl/Multitask-Drone/install/drone_interfaces/include/drone_interfaces/drone_interfaces/action\n'}
[1.253087] (drone_interfaces) StdoutLine: {'line': b'-- Up-to-date: /home/ccl/Multitask-Drone/install/drone_interfaces/include/drone_interfaces/drone_interfaces/action/execute_waypoint.h\n'}
[1.253127] (drone_interfaces) StdoutLine: {'line': b'-- Up-to-date: /home/ccl/Multitask-Drone/install/drone_interfaces/include/drone_interfaces/drone_interfaces/action/detail\n'}
[1.253168] (drone_interfaces) StdoutLine: {'line': b'-- Up-to-date: /home/ccl/Multitask-Drone/install/drone_interfaces/include/drone_interfaces/drone_interfaces/action/detail/execute_waypoint__functions.c\n'}
[1.253209] (drone_interfaces) StdoutLine: {'line': b'-- Up-to-date: /home/ccl/Multitask-Drone/install/drone_interfaces/include/drone_interfaces/drone_interfaces/action/detail/execute_waypoint__struct.h\n'}
[1.253253] (drone_interfaces) StdoutLine: {'line': b'-- Up-to-date: /home/ccl/Multitask-Drone/install/drone_interfaces/include/drone_interfaces/drone_interfaces/action/detail/execute_waypoint__type_support.h\n'}
[1.253299] (drone_interfaces) StdoutLine: {'line': b'-- Up-to-date: /home/ccl/Multitask-Drone/install/drone_interfaces/include/drone_interfaces/drone_interfaces/action/detail/execute_waypoint__functions.h\n'}
[1.253355] (drone_interfaces) StdoutLine: {'line': b'-- Up-to-date: /home/ccl/Multitask-Drone/install/drone_interfaces/include/drone_interfaces/drone_interfaces/srv\n'}
[1.253403] (drone_interfaces) StdoutLine: {'line': b'-- Up-to-date: /home/ccl/Multitask-Drone/install/drone_interfaces/include/drone_interfaces/drone_interfaces/srv/yolo_request.h\n'}
[1.253459] (drone_interfaces) StdoutLine: {'line': b'-- Up-to-date: /home/ccl/Multitask-Drone/install/drone_interfaces/include/drone_interfaces/drone_interfaces/srv/task_push.h\n'}
[1.253506] (drone_interfaces) StdoutLine: {'line': b'-- Up-to-date: /home/ccl/Multitask-Drone/install/drone_interfaces/include/drone_interfaces/drone_interfaces/srv/detail\n'}
[1.253554] (drone_interfaces) StdoutLine: {'line': b'-- Up-to-date: /home/ccl/Multitask-Drone/install/drone_interfaces/include/drone_interfaces/drone_interfaces/srv/detail/task_push__struct.h\n'}
[1.253604] (drone_interfaces) StdoutLine: {'line': b'-- Up-to-date: /home/ccl/Multitask-Drone/install/drone_interfaces/include/drone_interfaces/drone_interfaces/srv/detail/yolo_request__functions.c\n'}
[1.255987] (drone_interfaces) StdoutLine: {'line': b'-- Up-to-date: /home/ccl/Multitask-Drone/install/drone_interfaces/include/drone_interfaces/drone_interfaces/srv/detail/task_dispatch__type_support.h\n'}
[1.256050] (drone_interfaces) StdoutLine: {'line': b'-- Up-to-date: /home/ccl/Multitask-Drone/install/drone_interfaces/include/drone_interfaces/drone_interfaces/srv/detail/task_dispatch__struct.h\n'}
[1.256092] (drone_interfaces) StdoutLine: {'line': b'-- Up-to-date: /home/ccl/Multitask-Drone/install/drone_interfaces/include/drone_interfaces/drone_interfaces/srv/detail/task_dispatch__functions.h\n'}
[1.256133] (drone_interfaces) StdoutLine: {'line': b'-- Up-to-date: /home/ccl/Multitask-Drone/install/drone_interfaces/include/drone_interfaces/drone_interfaces/srv/detail/yolo_request__functions.h\n'}
[1.256173] (drone_interfaces) StdoutLine: {'line': b'-- Up-to-date: /home/ccl/Multitask-Drone/install/drone_interfaces/include/drone_interfaces/drone_interfaces/srv/detail/yolo_request__type_support.h\n'}
[1.256211] (drone_interfaces) StdoutLine: {'line': b'-- Up-to-date: /home/ccl/Multitask-Drone/install/drone_interfaces/include/drone_interfaces/drone_interfaces/srv/detail/task_push__type_support.h\n'}
[1.256250] (drone_interfaces) StdoutLine: {'line': b'-- Up-to-date: /home/ccl/Multitask-Drone/install/drone_interfaces/include/drone_interfaces/drone_interfaces/srv/detail/task_push__functions.c\n'}
[1.256288] (drone_interfaces) StdoutLine: {'line': b'-- Up-to-date: /home/ccl/Multitask-Drone/install/drone_interfaces/include/drone_interfaces/drone_interfaces/srv/detail/task_push__functions.h\n'}
[1.256335] (drone_interfaces) StdoutLine: {'line': b'-- Up-to-date: /home/ccl/Multitask-Drone/install/drone_interfaces/include/drone_interfaces/drone_interfaces/srv/detail/task_dispatch__functions.c\n'}
[1.256375] (drone_interfaces) StdoutLine: {'line': b'-- Up-to-date: /home/ccl/Multitask-Drone/install/drone_interfaces/include/drone_interfaces/drone_interfaces/srv/detail/yolo_request__struct.h\n'}
[1.256413] (drone_interfaces) StdoutLine: {'line': b'-- Up-to-date: /home/ccl/Multitask-Drone/install/drone_interfaces/include/drone_interfaces/drone_interfaces/srv/task_dispatch.h\n'}
[1.256453] (drone_interfaces) StdoutLine: {'line': b'-- Up-to-date: /home/ccl/Multitask-Drone/install/drone_interfaces/share/drone_interfaces/environment/library_path.sh\n'}
[1.256524] (drone_interfaces) StdoutLine: {'line': b'-- Up-to-date: /home/ccl/Multitask-Drone/install/drone_interfaces/share/drone_interfaces/environment/library_path.dsv\n'}
[1.256573] (drone_interfaces) StdoutLine: {'line': b'-- Up-to-date: /home/ccl/Multitask-Drone/install/drone_interfaces/lib/libdrone_interfaces__rosidl_generator_c.so\n'}
[1.256622] (drone_interfaces) StdoutLine: {'line': b'-- Up-to-date: /home/ccl/Multitask-Drone/install/drone_interfaces/include/drone_interfaces/drone_interfaces\n'}
[1.256668] (drone_interfaces) StdoutLine: {'line': b'-- Up-to-date: /home/ccl/Multitask-Drone/install/drone_interfaces/include/drone_interfaces/drone_interfaces/msg\n'}
[1.256709] (drone_interfaces) StdoutLine: {'line': b'-- Up-to-date: /home/ccl/Multitask-Drone/install/drone_interfaces/include/drone_interfaces/drone_interfaces/msg/rosidl_typesupport_fastrtps_c__visibility_control.h\n'}
[1.256751] (drone_interfaces) StdoutLine: {'line': b'-- Up-to-date: /home/ccl/Multitask-Drone/install/drone_interfaces/include/drone_interfaces/drone_interfaces/msg/detail\n'}
[1.256791] (drone_interfaces) StdoutLine: {'line': b'-- Up-to-date: /home/ccl/Multitask-Drone/install/drone_interfaces/include/drone_interfaces/drone_interfaces/msg/detail/raw_waypoint__rosidl_typesupport_fastrtps_c.h\n'}
[1.256830] (drone_interfaces) StdoutLine: {'line': b'-- Up-to-date: /home/ccl/Multitask-Drone/install/drone_interfaces/include/drone_interfaces/drone_interfaces/msg/detail/panel_box__rosidl_typesupport_fastrtps_c.h\n'}
[1.256870] (drone_interfaces) StdoutLine: {'line': b'-- Up-to-date: /home/ccl/Multitask-Drone/install/drone_interfaces/include/drone_interfaces/drone_interfaces/msg/detail/task_state__rosidl_typesupport_fastrtps_c.h\n'}
[1.256911] (drone_interfaces) StdoutLine: {'line': b'-- Up-to-date: /home/ccl/Multitask-Drone/install/drone_interfaces/include/drone_interfaces/drone_interfaces/msg/detail/yaw__rosidl_typesupport_fastrtps_c.h\n'}
[1.256950] (drone_interfaces) StdoutLine: {'line': b'-- Up-to-date: /home/ccl/Multitask-Drone/install/drone_interfaces/include/drone_interfaces/drone_interfaces/msg/detail/task__rosidl_typesupport_fastrtps_c.h\n'}
[1.256990] (drone_interfaces) StdoutLine: {'line': b'-- Up-to-date: /home/ccl/Multitask-Drone/install/drone_interfaces/include/drone_interfaces/drone_interfaces/action\n'}
[1.257032] (drone_interfaces) StdoutLine: {'line': b'-- Up-to-date: /home/ccl/Multitask-Drone/install/drone_interfaces/include/drone_interfaces/drone_interfaces/action/detail\n'}
[1.257071] (drone_interfaces) StdoutLine: {'line': b'-- Up-to-date: /home/ccl/Multitask-Drone/install/drone_interfaces/include/drone_interfaces/drone_interfaces/action/detail/execute_waypoint__rosidl_typesupport_fastrtps_c.h\n'}
[1.257110] (drone_interfaces) StdoutLine: {'line': b'-- Up-to-date: /home/ccl/Multitask-Drone/install/drone_interfaces/include/drone_interfaces/drone_interfaces/srv\n'}
[1.257156] (drone_interfaces) StdoutLine: {'line': b'-- Up-to-date: /home/ccl/Multitask-Drone/install/drone_interfaces/include/drone_interfaces/drone_interfaces/srv/detail\n'}
[1.257194] (drone_interfaces) StdoutLine: {'line': b'-- Up-to-date: /home/ccl/Multitask-Drone/install/drone_interfaces/include/drone_interfaces/drone_interfaces/srv/detail/yolo_request__rosidl_typesupport_fastrtps_c.h\n'}
[1.257232] (drone_interfaces) StdoutLine: {'line': b'-- Up-to-date: /home/ccl/Multitask-Drone/install/drone_interfaces/include/drone_interfaces/drone_interfaces/srv/detail/task_dispatch__rosidl_typesupport_fastrtps_c.h\n'}
[1.257270] (drone_interfaces) StdoutLine: {'line': b'-- Up-to-date: /home/ccl/Multitask-Drone/install/drone_interfaces/include/drone_interfaces/drone_interfaces/srv/detail/task_push__rosidl_typesupport_fastrtps_c.h\n'}
[1.257356] (drone_interfaces) StdoutLine: {'line': b'-- Up-to-date: /home/ccl/Multitask-Drone/install/drone_interfaces/lib/libdrone_interfaces__rosidl_typesupport_fastrtps_c.so\n'}
[1.257408] (drone_interfaces) StdoutLine: {'line': b'-- Up-to-date: /home/ccl/Multitask-Drone/install/drone_interfaces/include/drone_interfaces/drone_interfaces\n'}
[1.257450] (drone_interfaces) StdoutLine: {'line': b'-- Up-to-date: /home/ccl/Multitask-Drone/install/drone_interfaces/include/drone_interfaces/drone_interfaces/msg\n'}
[1.257492] (drone_interfaces) StdoutLine: {'line': b'-- Up-to-date: /home/ccl/Multitask-Drone/install/drone_interfaces/include/drone_interfaces/drone_interfaces/msg/rosidl_typesupport_introspection_c__visibility_control.h\n'}
[1.257533] (drone_interfaces) StdoutLine: {'line': b'-- Up-to-date: /home/ccl/Multitask-Drone/install/drone_interfaces/include/drone_interfaces/drone_interfaces/msg/detail\n'}
[1.257573] (drone_interfaces) StdoutLine: {'line': b'-- Up-to-date: /home/ccl/Multitask-Drone/install/drone_interfaces/include/drone_interfaces/drone_interfaces/msg/detail/task__type_support.c\n'}
[1.257612] (drone_interfaces) StdoutLine: {'line': b'-- Up-to-date: /home/ccl/Multitask-Drone/install/drone_interfaces/include/drone_interfaces/drone_interfaces/msg/detail/raw_waypoint__rosidl_typesupport_introspection_c.h\n'}
[1.257665] (drone_interfaces) StdoutLine: {'line': b'-- Up-to-date: /home/ccl/Multitask-Drone/install/drone_interfaces/include/drone_interfaces/drone_interfaces/msg/detail/task_state__type_support.c\n'}
[1.257706] (drone_interfaces) StdoutLine: {'line': b'-- Up-to-date: /home/ccl/Multitask-Drone/install/drone_interfaces/include/drone_interfaces/drone_interfaces/msg/detail/task__rosidl_typesupport_introspection_c.h\n'}
[1.257746] (drone_interfaces) StdoutLine: {'line': b'-- Up-to-date: /home/ccl/Multitask-Drone/install/drone_interfaces/include/drone_interfaces/drone_interfaces/msg/detail/yaw__type_support.c\n'}
[1.257785] (drone_interfaces) StdoutLine: {'line': b'-- Up-to-date: /home/ccl/Multitask-Drone/install/drone_interfaces/include/drone_interfaces/drone_interfaces/msg/detail/task_state__rosidl_typesupport_introspection_c.h\n'}
[1.257823] (drone_interfaces) StdoutLine: {'line': b'-- Up-to-date: /home/ccl/Multitask-Drone/install/drone_interfaces/include/drone_interfaces/drone_interfaces/msg/detail/yaw__rosidl_typesupport_introspection_c.h\n'}
[1.257862] (drone_interfaces) StdoutLine: {'line': b'-- Up-to-date: /home/ccl/Multitask-Drone/install/drone_interfaces/include/drone_interfaces/drone_interfaces/msg/detail/panel_box__rosidl_typesupport_introspection_c.h\n'}
[1.261786] (drone_interfaces) StdoutLine: {'line': b'-- Up-to-date: /home/ccl/Multitask-Drone/install/drone_interfaces/include/drone_interfaces/drone_interfaces/msg/detail/panel_box__type_support.c\n'}
[1.261923] (drone_interfaces) StdoutLine: {'line': b'-- Up-to-date: /home/ccl/Multitask-Drone/install/drone_interfaces/include/drone_interfaces/drone_interfaces/msg/detail/raw_waypoint__type_support.c\n'}
[1.261967] (drone_interfaces) StdoutLine: {'line': b'-- Up-to-date: /home/ccl/Multitask-Drone/install/drone_interfaces/include/drone_interfaces/drone_interfaces/action\n'}
[1.262009] (drone_interfaces) StdoutLine: {'line': b'-- Up-to-date: /home/ccl/Multitask-Drone/install/drone_interfaces/include/drone_interfaces/drone_interfaces/action/detail\n'}
[1.262052] (drone_interfaces) StdoutLine: {'line': b'-- Up-to-date: /home/ccl/Multitask-Drone/install/drone_interfaces/include/drone_interfaces/drone_interfaces/action/detail/execute_waypoint__rosidl_typesupport_introspection_c.h\n'}
[1.262092] (drone_interfaces) StdoutLine: {'line': b'-- Up-to-date: /home/ccl/Multitask-Drone/install/drone_interfaces/include/drone_interfaces/drone_interfaces/action/detail/execute_waypoint__type_support.c\n'}
[1.262138] (drone_interfaces) StdoutLine: {'line': b'-- Up-to-date: /home/ccl/Multitask-Drone/install/drone_interfaces/include/drone_interfaces/drone_interfaces/srv\n'}
[1.262178] (drone_interfaces) StdoutLine: {'line': b'-- Up-to-date: /home/ccl/Multitask-Drone/install/drone_interfaces/include/drone_interfaces/drone_interfaces/srv/detail\n'}
[1.262217] (drone_interfaces) StdoutLine: {'line': b'-- Up-to-date: /home/ccl/Multitask-Drone/install/drone_interfaces/include/drone_interfaces/drone_interfaces/srv/detail/yolo_request__type_support.c\n'}
[1.262255] (drone_interfaces) StdoutLine: {'line': b'-- Up-to-date: /home/ccl/Multitask-Drone/install/drone_interfaces/include/drone_interfaces/drone_interfaces/srv/detail/task_dispatch__type_support.c\n'}
[1.262296] (drone_interfaces) StdoutLine: {'line': b'-- Up-to-date: /home/ccl/Multitask-Drone/install/drone_interfaces/include/drone_interfaces/drone_interfaces/srv/detail/task_push__rosidl_typesupport_introspection_c.h\n'}
[1.262334] (drone_interfaces) StdoutLine: {'line': b'-- Up-to-date: /home/ccl/Multitask-Drone/install/drone_interfaces/include/drone_interfaces/drone_interfaces/srv/detail/task_dispatch__rosidl_typesupport_introspection_c.h\n'}
[1.262373] (drone_interfaces) StdoutLine: {'line': b'-- Up-to-date: /home/ccl/Multitask-Drone/install/drone_interfaces/include/drone_interfaces/drone_interfaces/srv/detail/task_push__type_support.c\n'}
[1.262443] (drone_interfaces) StdoutLine: {'line': b'-- Up-to-date: /home/ccl/Multitask-Drone/install/drone_interfaces/include/drone_interfaces/drone_interfaces/srv/detail/yolo_request__rosidl_typesupport_introspection_c.h\n'}
[1.262493] (drone_interfaces) StdoutLine: {'line': b'-- Up-to-date: /home/ccl/Multitask-Drone/install/drone_interfaces/lib/libdrone_interfaces__rosidl_typesupport_introspection_c.so\n'}
[1.262560] (drone_interfaces) StdoutLine: {'line': b'-- Up-to-date: /home/ccl/Multitask-Drone/install/drone_interfaces/lib/libdrone_interfaces__rosidl_typesupport_c.so\n'}
[1.262603] (drone_interfaces) StdoutLine: {'line': b'-- Up-to-date: /home/ccl/Multitask-Drone/install/drone_interfaces/include/drone_interfaces/drone_interfaces\n'}
[1.262654] (drone_interfaces) StdoutLine: {'line': b'-- Up-to-date: /home/ccl/Multitask-Drone/install/drone_interfaces/include/drone_interfaces/drone_interfaces/msg\n'}
[1.262696] (drone_interfaces) StdoutLine: {'line': b'-- Up-to-date: /home/ccl/Multitask-Drone/install/drone_interfaces/include/drone_interfaces/drone_interfaces/msg/task_state.hpp\n'}
[1.262735] (drone_interfaces) StdoutLine: {'line': b'-- Up-to-date: /home/ccl/Multitask-Drone/install/drone_interfaces/include/drone_interfaces/drone_interfaces/msg/raw_waypoint.hpp\n'}
[1.262774] (drone_interfaces) StdoutLine: {'line': b'-- Up-to-date: /home/ccl/Multitask-Drone/install/drone_interfaces/include/drone_interfaces/drone_interfaces/msg/rosidl_generator_cpp__visibility_control.hpp\n'}
[1.262813] (drone_interfaces) StdoutLine: {'line': b'-- Up-to-date: /home/ccl/Multitask-Drone/install/drone_interfaces/include/drone_interfaces/drone_interfaces/msg/panel_box.hpp\n'}
[1.262857] (drone_interfaces) StdoutLine: {'line': b'-- Up-to-date: /home/ccl/Multitask-Drone/install/drone_interfaces/include/drone_interfaces/drone_interfaces/msg/yaw.hpp\n'}
[1.262896] (drone_interfaces) StdoutLine: {'line': b'-- Up-to-date: /home/ccl/Multitask-Drone/install/drone_interfaces/include/drone_interfaces/drone_interfaces/msg/detail\n'}
[1.262936] (drone_interfaces) StdoutLine: {'line': b'-- Up-to-date: /home/ccl/Multitask-Drone/install/drone_interfaces/include/drone_interfaces/drone_interfaces/msg/detail/panel_box__traits.hpp\n'}
[1.262996] (drone_interfaces) StdoutLine: {'line': b'-- Up-to-date: /home/ccl/Multitask-Drone/install/drone_interfaces/include/drone_interfaces/drone_interfaces/msg/detail/task_state__type_support.hpp\n'}
[1.263045] (drone_interfaces) StdoutLine: {'line': b'-- Up-to-date: /home/ccl/Multitask-Drone/install/drone_interfaces/include/drone_interfaces/drone_interfaces/msg/detail/yaw__builder.hpp\n'}
[1.263084] (drone_interfaces) StdoutLine: {'line': b'-- Up-to-date: /home/ccl/Multitask-Drone/install/drone_interfaces/include/drone_interfaces/drone_interfaces/msg/detail/yaw__type_support.hpp\n'}
[1.263601] (drone_interfaces) StdoutLine: {'line': b'-- Up-to-date: /home/ccl/Multitask-Drone/install/drone_interfaces/include/drone_interfaces/drone_interfaces/msg/detail/raw_waypoint__struct.hpp\n'}
[1.263721] (drone_interfaces) StdoutLine: {'line': b'-- Up-to-date: /home/ccl/Multitask-Drone/install/drone_interfaces/include/drone_interfaces/drone_interfaces/msg/detail/task__struct.hpp\n'}
[1.265410] (drone_interfaces) StdoutLine: {'line': b'-- Up-to-date: /home/ccl/Multitask-Drone/install/drone_interfaces/include/drone_interfaces/drone_interfaces/msg/detail/task__builder.hpp\n'}
[1.265526] (drone_interfaces) StdoutLine: {'line': b'-- Up-to-date: /home/ccl/Multitask-Drone/install/drone_interfaces/include/drone_interfaces/drone_interfaces/msg/detail/raw_waypoint__type_support.hpp\n'}
[1.265573] (drone_interfaces) StdoutLine: {'line': b'-- Up-to-date: /home/ccl/Multitask-Drone/install/drone_interfaces/include/drone_interfaces/drone_interfaces/msg/detail/raw_waypoint__builder.hpp\n'}
[1.265771] (drone_interfaces) StdoutLine: {'line': b'-- Up-to-date: /home/ccl/Multitask-Drone/install/drone_interfaces/include/drone_interfaces/drone_interfaces/msg/detail/task_state__struct.hpp\n'}
[1.265828] (drone_interfaces) StdoutLine: {'line': b'-- Up-to-date: /home/ccl/Multitask-Drone/install/drone_interfaces/include/drone_interfaces/drone_interfaces/msg/detail/task__traits.hpp\n'}
[1.265870] (drone_interfaces) StdoutLine: {'line': b'-- Up-to-date: /home/ccl/Multitask-Drone/install/drone_interfaces/include/drone_interfaces/drone_interfaces/msg/detail/raw_waypoint__traits.hpp\n'}
[1.265911] (drone_interfaces) StdoutLine: {'line': b'-- Up-to-date: /home/ccl/Multitask-Drone/install/drone_interfaces/include/drone_interfaces/drone_interfaces/msg/detail/panel_box__type_support.hpp\n'}
[1.265951] (drone_interfaces) StdoutLine: {'line': b'-- Up-to-date: /home/ccl/Multitask-Drone/install/drone_interfaces/include/drone_interfaces/drone_interfaces/msg/detail/task__type_support.hpp\n'}
[1.265990] (drone_interfaces) StdoutLine: {'line': b'-- Up-to-date: /home/ccl/Multitask-Drone/install/drone_interfaces/include/drone_interfaces/drone_interfaces/msg/detail/panel_box__struct.hpp\n'}
[1.266029] (drone_interfaces) StdoutLine: {'line': b'-- Up-to-date: /home/ccl/Multitask-Drone/install/drone_interfaces/include/drone_interfaces/drone_interfaces/msg/detail/panel_box__builder.hpp\n'}
[1.266068] (drone_interfaces) StdoutLine: {'line': b'-- Up-to-date: /home/ccl/Multitask-Drone/install/drone_interfaces/include/drone_interfaces/drone_interfaces/msg/detail/task_state__traits.hpp\n'}
[1.266110] (drone_interfaces) StdoutLine: {'line': b'-- Up-to-date: /home/ccl/Multitask-Drone/install/drone_interfaces/include/drone_interfaces/drone_interfaces/msg/detail/task_state__builder.hpp\n'}
[1.266149] (drone_interfaces) StdoutLine: {'line': b'-- Up-to-date: /home/ccl/Multitask-Drone/install/drone_interfaces/include/drone_interfaces/drone_interfaces/msg/detail/yaw__traits.hpp\n'}
[1.266188] (drone_interfaces) StdoutLine: {'line': b'-- Up-to-date: /home/ccl/Multitask-Drone/install/drone_interfaces/include/drone_interfaces/drone_interfaces/msg/detail/yaw__struct.hpp\n'}
[1.266228] (drone_interfaces) StdoutLine: {'line': b'-- Up-to-date: /home/ccl/Multitask-Drone/install/drone_interfaces/include/drone_interfaces/drone_interfaces/msg/task.hpp\n'}
[1.266268] (drone_interfaces) StdoutLine: {'line': b'-- Up-to-date: /home/ccl/Multitask-Drone/install/drone_interfaces/include/drone_interfaces/drone_interfaces/action\n'}
[1.266307] (drone_interfaces) StdoutLine: {'line': b'-- Up-to-date: /home/ccl/Multitask-Drone/install/drone_interfaces/include/drone_interfaces/drone_interfaces/action/execute_waypoint.hpp\n'}
[1.266346] (drone_interfaces) StdoutLine: {'line': b'-- Up-to-date: /home/ccl/Multitask-Drone/install/drone_interfaces/include/drone_interfaces/drone_interfaces/action/detail\n'}
[1.266386] (drone_interfaces) StdoutLine: {'line': b'-- Up-to-date: /home/ccl/Multitask-Drone/install/drone_interfaces/include/drone_interfaces/drone_interfaces/action/detail/execute_waypoint__type_support.hpp\n'}
[1.266425] (drone_interfaces) StdoutLine: {'line': b'-- Up-to-date: /home/ccl/Multitask-Drone/install/drone_interfaces/include/drone_interfaces/drone_interfaces/action/detail/execute_waypoint__builder.hpp\n'}
[1.266464] (drone_interfaces) StdoutLine: {'line': b'-- Up-to-date: /home/ccl/Multitask-Drone/install/drone_interfaces/include/drone_interfaces/drone_interfaces/action/detail/execute_waypoint__traits.hpp\n'}
[1.266503] (drone_interfaces) StdoutLine: {'line': b'-- Up-to-date: /home/ccl/Multitask-Drone/install/drone_interfaces/include/drone_interfaces/drone_interfaces/action/detail/execute_waypoint__struct.hpp\n'}
[1.266581] (drone_interfaces) StdoutLine: {'line': b'-- Up-to-date: /home/ccl/Multitask-Drone/install/drone_interfaces/include/drone_interfaces/drone_interfaces/srv\n'}
[1.266634] (drone_interfaces) StdoutLine: {'line': b'-- Up-to-date: /home/ccl/Multitask-Drone/install/drone_interfaces/include/drone_interfaces/drone_interfaces/srv/task_push.hpp\n'}
[1.266678] (drone_interfaces) StdoutLine: {'line': b'-- Up-to-date: /home/ccl/Multitask-Drone/install/drone_interfaces/include/drone_interfaces/drone_interfaces/srv/task_dispatch.hpp\n'}
[1.267693] (drone_interfaces) StdoutLine: {'line': b'-- Up-to-date: /home/ccl/Multitask-Drone/install/drone_interfaces/include/drone_interfaces/drone_interfaces/srv/yolo_request.hpp\n'}
[1.267747] (drone_interfaces) StdoutLine: {'line': b'-- Up-to-date: /home/ccl/Multitask-Drone/install/drone_interfaces/include/drone_interfaces/drone_interfaces/srv/detail\n'}
[1.267793] (drone_interfaces) StdoutLine: {'line': b'-- Up-to-date: /home/ccl/Multitask-Drone/install/drone_interfaces/include/drone_interfaces/drone_interfaces/srv/detail/yolo_request__traits.hpp\n'}
[1.267836] (drone_interfaces) StdoutLine: {'line': b'-- Up-to-date: /home/ccl/Multitask-Drone/install/drone_interfaces/include/drone_interfaces/drone_interfaces/srv/detail/yolo_request__builder.hpp\n'}
[1.268045] (drone_interfaces) StdoutLine: {'line': b'-- Up-to-date: /home/ccl/Multitask-Drone/install/drone_interfaces/include/drone_interfaces/drone_interfaces/srv/detail/task_dispatch__builder.hpp\n'}
[1.268455] (drone_interfaces) StdoutLine: {'line': b'-- Up-to-date: /home/ccl/Multitask-Drone/install/drone_interfaces/include/drone_interfaces/drone_interfaces/srv/detail/task_push__type_support.hpp\n'}
[1.268500] (drone_interfaces) StdoutLine: {'line': b'-- Up-to-date: /home/ccl/Multitask-Drone/install/drone_interfaces/include/drone_interfaces/drone_interfaces/srv/detail/task_dispatch__struct.hpp\n'}
[1.269704] (drone_interfaces) StdoutLine: {'line': b'-- Up-to-date: /home/ccl/Multitask-Drone/install/drone_interfaces/include/drone_interfaces/drone_interfaces/srv/detail/task_dispatch__traits.hpp\n'}
[1.269785] (drone_interfaces) StdoutLine: {'line': b'-- Up-to-date: /home/ccl/Multitask-Drone/install/drone_interfaces/include/drone_interfaces/drone_interfaces/srv/detail/task_push__builder.hpp\n'}
[1.269830] (drone_interfaces) StdoutLine: {'line': b'-- Up-to-date: /home/ccl/Multitask-Drone/install/drone_interfaces/include/drone_interfaces/drone_interfaces/srv/detail/yolo_request__type_support.hpp\n'}
[1.269877] (drone_interfaces) StdoutLine: {'line': b'-- Up-to-date: /home/ccl/Multitask-Drone/install/drone_interfaces/include/drone_interfaces/drone_interfaces/srv/detail/yolo_request__struct.hpp\n'}
[1.269918] (drone_interfaces) StdoutLine: {'line': b'-- Up-to-date: /home/ccl/Multitask-Drone/install/drone_interfaces/include/drone_interfaces/drone_interfaces/srv/detail/task_push__struct.hpp\n'}
[1.269959] (drone_interfaces) StdoutLine: {'line': b'-- Up-to-date: /home/ccl/Multitask-Drone/install/drone_interfaces/include/drone_interfaces/drone_interfaces/srv/detail/task_dispatch__type_support.hpp\n'}
[1.269999] (drone_interfaces) StdoutLine: {'line': b'-- Up-to-date: /home/ccl/Multitask-Drone/install/drone_interfaces/include/drone_interfaces/drone_interfaces/srv/detail/task_push__traits.hpp\n'}
[1.270038] (drone_interfaces) StdoutLine: {'line': b'-- Up-to-date: /home/ccl/Multitask-Drone/install/drone_interfaces/include/drone_interfaces/drone_interfaces\n'}
[1.270077] (drone_interfaces) StdoutLine: {'line': b'-- Up-to-date: /home/ccl/Multitask-Drone/install/drone_interfaces/include/drone_interfaces/drone_interfaces/msg\n'}
[1.270117] (drone_interfaces) StdoutLine: {'line': b'-- Up-to-date: /home/ccl/Multitask-Drone/install/drone_interfaces/include/drone_interfaces/drone_interfaces/msg/rosidl_typesupport_fastrtps_cpp__visibility_control.h\n'}
[1.270157] (drone_interfaces) StdoutLine: {'line': b'-- Up-to-date: /home/ccl/Multitask-Drone/install/drone_interfaces/include/drone_interfaces/drone_interfaces/msg/detail\n'}
[1.270357] (drone_interfaces) StdoutLine: {'line': b'-- Up-to-date: /home/ccl/Multitask-Drone/install/drone_interfaces/include/drone_interfaces/drone_interfaces/msg/detail/panel_box__rosidl_typesupport_fastrtps_cpp.hpp\n'}
[1.270409] (drone_interfaces) StdoutLine: {'line': b'-- Up-to-date: /home/ccl/Multitask-Drone/install/drone_interfaces/include/drone_interfaces/drone_interfaces/msg/detail/task__rosidl_typesupport_fastrtps_cpp.hpp\n'}
[1.270450] (drone_interfaces) StdoutLine: {'line': b'-- Up-to-date: /home/ccl/Multitask-Drone/install/drone_interfaces/include/drone_interfaces/drone_interfaces/msg/detail/yaw__rosidl_typesupport_fastrtps_cpp.hpp\n'}
[1.270491] (drone_interfaces) StdoutLine: {'line': b'-- Up-to-date: /home/ccl/Multitask-Drone/install/drone_interfaces/include/drone_interfaces/drone_interfaces/msg/detail/dds_fastrtps\n'}
[1.270532] (drone_interfaces) StdoutLine: {'line': b'-- Up-to-date: /home/ccl/Multitask-Drone/install/drone_interfaces/include/drone_interfaces/drone_interfaces/msg/detail/task_state__rosidl_typesupport_fastrtps_cpp.hpp\n'}
[1.270599] (drone_interfaces) StdoutLine: {'line': b'-- Up-to-date: /home/ccl/Multitask-Drone/install/drone_interfaces/include/drone_interfaces/drone_interfaces/msg/detail/raw_waypoint__rosidl_typesupport_fastrtps_cpp.hpp\n'}
[1.270658] (drone_interfaces) StdoutLine: {'line': b'-- Up-to-date: /home/ccl/Multitask-Drone/install/drone_interfaces/include/drone_interfaces/drone_interfaces/action\n'}
[1.270703] (drone_interfaces) StdoutLine: {'line': b'-- Up-to-date: /home/ccl/Multitask-Drone/install/drone_interfaces/include/drone_interfaces/drone_interfaces/action/detail\n'}
[1.270760] (drone_interfaces) StdoutLine: {'line': b'-- Up-to-date: /home/ccl/Multitask-Drone/install/drone_interfaces/include/drone_interfaces/drone_interfaces/action/detail/execute_waypoint__rosidl_typesupport_fastrtps_cpp.hpp\n'}
[1.270804] (drone_interfaces) StdoutLine: {'line': b'-- Up-to-date: /home/ccl/Multitask-Drone/install/drone_interfaces/include/drone_interfaces/drone_interfaces/action/detail/dds_fastrtps\n'}
[1.270852] (drone_interfaces) StdoutLine: {'line': b'-- Up-to-date: /home/ccl/Multitask-Drone/install/drone_interfaces/include/drone_interfaces/drone_interfaces/srv\n'}
[1.270955] (drone_interfaces) StdoutLine: {'line': b'-- Up-to-date: /home/ccl/Multitask-Drone/install/drone_interfaces/include/drone_interfaces/drone_interfaces/srv/detail\n'}
[1.271023] (drone_interfaces) StdoutLine: {'line': b'-- Up-to-date: /home/ccl/Multitask-Drone/install/drone_interfaces/include/drone_interfaces/drone_interfaces/srv/detail/yolo_request__rosidl_typesupport_fastrtps_cpp.hpp\n'}
[1.271066] (drone_interfaces) StdoutLine: {'line': b'-- Up-to-date: /home/ccl/Multitask-Drone/install/drone_interfaces/include/drone_interfaces/drone_interfaces/srv/detail/task_dispatch__rosidl_typesupport_fastrtps_cpp.hpp\n'}
[1.271117] (drone_interfaces) StdoutLine: {'line': b'-- Up-to-date: /home/ccl/Multitask-Drone/install/drone_interfaces/include/drone_interfaces/drone_interfaces/srv/detail/dds_fastrtps\n'}
[1.271344] (drone_interfaces) StdoutLine: {'line': b'-- Up-to-date: /home/ccl/Multitask-Drone/install/drone_interfaces/include/drone_interfaces/drone_interfaces/srv/detail/task_push__rosidl_typesupport_fastrtps_cpp.hpp\n'}
[1.271488] (drone_interfaces) StdoutLine: {'line': b'-- Up-to-date: /home/ccl/Multitask-Drone/install/drone_interfaces/lib/libdrone_interfaces__rosidl_typesupport_fastrtps_cpp.so\n'}
[1.271552] (drone_interfaces) StdoutLine: {'line': b'-- Up-to-date: /home/ccl/Multitask-Drone/install/drone_interfaces/include/drone_interfaces/drone_interfaces\n'}
[1.271594] (drone_interfaces) StdoutLine: {'line': b'-- Up-to-date: /home/ccl/Multitask-Drone/install/drone_interfaces/include/drone_interfaces/drone_interfaces/msg\n'}
[1.271648] (drone_interfaces) StdoutLine: {'line': b'-- Up-to-date: /home/ccl/Multitask-Drone/install/drone_interfaces/include/drone_interfaces/drone_interfaces/msg/detail\n'}
[1.271693] (drone_interfaces) StdoutLine: {'line': b'-- Up-to-date: /home/ccl/Multitask-Drone/install/drone_interfaces/include/drone_interfaces/drone_interfaces/msg/detail/raw_waypoint__type_support.cpp\n'}
[1.271733] (drone_interfaces) StdoutLine: {'line': b'-- Up-to-date: /home/ccl/Multitask-Drone/install/drone_interfaces/include/drone_interfaces/drone_interfaces/msg/detail/task_state__rosidl_typesupport_introspection_cpp.hpp\n'}
[1.271773] (drone_interfaces) StdoutLine: {'line': b'-- Up-to-date: /home/ccl/Multitask-Drone/install/drone_interfaces/include/drone_interfaces/drone_interfaces/msg/detail/panel_box__rosidl_typesupport_introspection_cpp.hpp\n'}
[1.271825] (drone_interfaces) StdoutLine: {'line': b'-- Up-to-date: /home/ccl/Multitask-Drone/install/drone_interfaces/include/drone_interfaces/drone_interfaces/msg/detail/raw_waypoint__rosidl_typesupport_introspection_cpp.hpp\n'}
[1.272635] (drone_interfaces) StdoutLine: {'line': b'-- Up-to-date: /home/ccl/Multitask-Drone/install/drone_interfaces/include/drone_interfaces/drone_interfaces/msg/detail/task__type_support.cpp\n'}
[1.272797] (drone_interfaces) StdoutLine: {'line': b'-- Up-to-date: /home/ccl/Multitask-Drone/install/drone_interfaces/include/drone_interfaces/drone_interfaces/msg/detail/task_state__type_support.cpp\n'}
[1.272886] (drone_interfaces) StdoutLine: {'line': b'-- Up-to-date: /home/ccl/Multitask-Drone/install/drone_interfaces/include/drone_interfaces/drone_interfaces/msg/detail/yaw__type_support.cpp\n'}
[1.272966] (drone_interfaces) StdoutLine: {'line': b'-- Up-to-date: /home/ccl/Multitask-Drone/install/drone_interfaces/include/drone_interfaces/drone_interfaces/msg/detail/panel_box__type_support.cpp\n'}
[1.273041] (drone_interfaces) StdoutLine: {'line': b'-- Up-to-date: /home/ccl/Multitask-Drone/install/drone_interfaces/include/drone_interfaces/drone_interfaces/msg/detail/task__rosidl_typesupport_introspection_cpp.hpp\n'}
[1.273115] (drone_interfaces) StdoutLine: {'line': b'-- Up-to-date: /home/ccl/Multitask-Drone/install/drone_interfaces/include/drone_interfaces/drone_interfaces/msg/detail/yaw__rosidl_typesupport_introspection_cpp.hpp\n'}
[1.273187] (drone_interfaces) StdoutLine: {'line': b'-- Up-to-date: /home/ccl/Multitask-Drone/install/drone_interfaces/include/drone_interfaces/drone_interfaces/action\n'}
[1.273258] (drone_interfaces) StdoutLine: {'line': b'-- Up-to-date: /home/ccl/Multitask-Drone/install/drone_interfaces/include/drone_interfaces/drone_interfaces/action/detail\n'}
[1.273329] (drone_interfaces) StdoutLine: {'line': b'-- Up-to-date: /home/ccl/Multitask-Drone/install/drone_interfaces/include/drone_interfaces/drone_interfaces/action/detail/execute_waypoint__rosidl_typesupport_introspection_cpp.hpp\n'}
[1.273401] (drone_interfaces) StdoutLine: {'line': b'-- Up-to-date: /home/ccl/Multitask-Drone/install/drone_interfaces/include/drone_interfaces/drone_interfaces/action/detail/execute_waypoint__type_support.cpp\n'}
[1.273471] (drone_interfaces) StdoutLine: {'line': b'-- Up-to-date: /home/ccl/Multitask-Drone/install/drone_interfaces/include/drone_interfaces/drone_interfaces/srv\n'}
[1.273541] (drone_interfaces) StdoutLine: {'line': b'-- Up-to-date: /home/ccl/Multitask-Drone/install/drone_interfaces/include/drone_interfaces/drone_interfaces/srv/detail\n'}
[1.273637] (drone_interfaces) StdoutLine: {'line': b'-- Up-to-date: /home/ccl/Multitask-Drone/install/drone_interfaces/include/drone_interfaces/drone_interfaces/srv/detail/task_push__type_support.cpp\n'}
[1.273717] (drone_interfaces) StdoutLine: {'line': b'-- Up-to-date: /home/ccl/Multitask-Drone/install/drone_interfaces/include/drone_interfaces/drone_interfaces/srv/detail/task_dispatch__rosidl_typesupport_introspection_cpp.hpp\n'}
[1.273790] (drone_interfaces) StdoutLine: {'line': b'-- Up-to-date: /home/ccl/Multitask-Drone/install/drone_interfaces/include/drone_interfaces/drone_interfaces/srv/detail/yolo_request__type_support.cpp\n'}
[1.273862] (drone_interfaces) StdoutLine: {'line': b'-- Up-to-date: /home/ccl/Multitask-Drone/install/drone_interfaces/include/drone_interfaces/drone_interfaces/srv/detail/yolo_request__rosidl_typesupport_introspection_cpp.hpp\n'}
[1.273939] (drone_interfaces) StdoutLine: {'line': b'-- Up-to-date: /home/ccl/Multitask-Drone/install/drone_interfaces/include/drone_interfaces/drone_interfaces/srv/detail/task_push__rosidl_typesupport_introspection_cpp.hpp\n'}
[1.274009] (drone_interfaces) StdoutLine: {'line': b'-- Up-to-date: /home/ccl/Multitask-Drone/install/drone_interfaces/include/drone_interfaces/drone_interfaces/srv/detail/task_dispatch__type_support.cpp\n'}
[1.274084] (drone_interfaces) StdoutLine: {'line': b'-- Up-to-date: /home/ccl/Multitask-Drone/install/drone_interfaces/lib/libdrone_interfaces__rosidl_typesupport_introspection_cpp.so\n'}
[1.274155] (drone_interfaces) StdoutLine: {'line': b'-- Up-to-date: /home/ccl/Multitask-Drone/install/drone_interfaces/lib/libdrone_interfaces__rosidl_typesupport_cpp.so\n'}
[1.274347] (drone_interfaces) StdoutLine: {'line': b'-- Up-to-date: /home/ccl/Multitask-Drone/install/drone_interfaces/share/drone_interfaces/environment/pythonpath.sh\n'}
[1.274433] (drone_interfaces) StdoutLine: {'line': b'-- Up-to-date: /home/ccl/Multitask-Drone/install/drone_interfaces/share/drone_interfaces/environment/pythonpath.dsv\n'}
[1.274506] (drone_interfaces) StdoutLine: {'line': b'-- Up-to-date: /home/ccl/Multitask-Drone/install/drone_interfaces/local/lib/python3.10/dist-packages/drone_interfaces-0.0.0-py3.10.egg-info\n'}
[1.274578] (drone_interfaces) StdoutLine: {'line': b'-- Installing: /home/ccl/Multitask-Drone/install/drone_interfaces/local/lib/python3.10/dist-packages/drone_interfaces-0.0.0-py3.10.egg-info/top_level.txt\n'}
[1.274672] (drone_interfaces) StdoutLine: {'line': b'-- Installing: /home/ccl/Multitask-Drone/install/drone_interfaces/local/lib/python3.10/dist-packages/drone_interfaces-0.0.0-py3.10.egg-info/dependency_links.txt\n'}
[1.274749] (drone_interfaces) StdoutLine: {'line': b'-- Installing: /home/ccl/Multitask-Drone/install/drone_interfaces/local/lib/python3.10/dist-packages/drone_interfaces-0.0.0-py3.10.egg-info/SOURCES.txt\n'}
[1.274821] (drone_interfaces) StdoutLine: {'line': b'-- Installing: /home/ccl/Multitask-Drone/install/drone_interfaces/local/lib/python3.10/dist-packages/drone_interfaces-0.0.0-py3.10.egg-info/PKG-INFO\n'}
[1.274891] (drone_interfaces) StdoutLine: {'line': b'-- Up-to-date: /home/ccl/Multitask-Drone/install/drone_interfaces/local/lib/python3.10/dist-packages/drone_interfaces\n'}
[1.274961] (drone_interfaces) StdoutLine: {'line': b'-- Up-to-date: /home/ccl/Multitask-Drone/install/drone_interfaces/local/lib/python3.10/dist-packages/drone_interfaces/libdrone_interfaces__rosidl_generator_py.so\n'}
[1.275031] (drone_interfaces) StdoutLine: {'line': b'-- Up-to-date: /home/ccl/Multitask-Drone/install/drone_interfaces/local/lib/python3.10/dist-packages/drone_interfaces/drone_interfaces_s__rosidl_typesupport_c.cpython-310-x86_64-linux-gnu.so\n'}
[1.275102] (drone_interfaces) StdoutLine: {'line': b'-- Up-to-date: /home/ccl/Multitask-Drone/install/drone_interfaces/local/lib/python3.10/dist-packages/drone_interfaces/drone_interfaces_s__rosidl_typesupport_introspection_c.cpython-310-x86_64-linux-gnu.so\n'}
[1.275173] (drone_interfaces) StdoutLine: {'line': b'-- Up-to-date: /home/ccl/Multitask-Drone/install/drone_interfaces/local/lib/python3.10/dist-packages/drone_interfaces/__init__.py\n'}
[1.275285] (drone_interfaces) StdoutLine: {'line': b'-- Up-to-date: /home/ccl/Multitask-Drone/install/drone_interfaces/local/lib/python3.10/dist-packages/drone_interfaces/drone_interfaces_s__rosidl_typesupport_fastrtps_c.cpython-310-x86_64-linux-gnu.so\n'}
[1.275366] (drone_interfaces) StdoutLine: {'line': b'-- Up-to-date: /home/ccl/Multitask-Drone/install/drone_interfaces/local/lib/python3.10/dist-packages/drone_interfaces/msg\n'}
[1.275438] (drone_interfaces) StdoutLine: {'line': b'-- Up-to-date: /home/ccl/Multitask-Drone/install/drone_interfaces/local/lib/python3.10/dist-packages/drone_interfaces/msg/_panel_box_s.c\n'}
[1.275508] (drone_interfaces) StdoutLine: {'line': b'-- Up-to-date: /home/ccl/Multitask-Drone/install/drone_interfaces/local/lib/python3.10/dist-packages/drone_interfaces/msg/_task.py\n'}
[1.275588] (drone_interfaces) StdoutLine: {'line': b'-- Up-to-date: /home/ccl/Multitask-Drone/install/drone_interfaces/local/lib/python3.10/dist-packages/drone_interfaces/msg/__init__.py\n'}
[1.275748] (drone_interfaces) StdoutLine: {'line': b'-- Up-to-date: /home/ccl/Multitask-Drone/install/drone_interfaces/local/lib/python3.10/dist-packages/drone_interfaces/msg/_task_state_s.c\n'}
[1.275825] (drone_interfaces) StdoutLine: {'line': b'-- Up-to-date: /home/ccl/Multitask-Drone/install/drone_interfaces/local/lib/python3.10/dist-packages/drone_interfaces/msg/_task_s.c\n'}
[1.275895] (drone_interfaces) StdoutLine: {'line': b'-- Up-to-date: /home/ccl/Multitask-Drone/install/drone_interfaces/local/lib/python3.10/dist-packages/drone_interfaces/msg/_yaw.py\n'}
[1.275983] (drone_interfaces) StdoutLine: {'line': b'-- Up-to-date: /home/ccl/Multitask-Drone/install/drone_interfaces/local/lib/python3.10/dist-packages/drone_interfaces/msg/_panel_box.py\n'}
[1.276054] (drone_interfaces) StdoutLine: {'line': b'-- Up-to-date: /home/ccl/Multitask-Drone/install/drone_interfaces/local/lib/python3.10/dist-packages/drone_interfaces/msg/_raw_waypoint.py\n'}
[1.276122] (drone_interfaces) StdoutLine: {'line': b'-- Up-to-date: /home/ccl/Multitask-Drone/install/drone_interfaces/local/lib/python3.10/dist-packages/drone_interfaces/msg/_yaw_s.c\n'}
[1.276190] (drone_interfaces) StdoutLine: {'line': b'-- Up-to-date: /home/ccl/Multitask-Drone/install/drone_interfaces/local/lib/python3.10/dist-packages/drone_interfaces/msg/_raw_waypoint_s.c\n'}
[1.276312] (drone_interfaces) StdoutLine: {'line': b'-- Up-to-date: /home/ccl/Multitask-Drone/install/drone_interfaces/local/lib/python3.10/dist-packages/drone_interfaces/msg/_task_state.py\n'}
[1.276394] (drone_interfaces) StdoutLine: {'line': b'-- Up-to-date: /home/ccl/Multitask-Drone/install/drone_interfaces/local/lib/python3.10/dist-packages/drone_interfaces/_drone_interfaces_s.ep.rosidl_typesupport_c.c\n'}
[1.276466] (drone_interfaces) StdoutLine: {'line': b'-- Up-to-date: /home/ccl/Multitask-Drone/install/drone_interfaces/local/lib/python3.10/dist-packages/drone_interfaces/_drone_interfaces_s.ep.rosidl_typesupport_fastrtps_c.c\n'}
[1.276536] (drone_interfaces) StdoutLine: {'line': b'-- Up-to-date: /home/ccl/Multitask-Drone/install/drone_interfaces/local/lib/python3.10/dist-packages/drone_interfaces/action\n'}
[1.276605] (drone_interfaces) StdoutLine: {'line': b'-- Up-to-date: /home/ccl/Multitask-Drone/install/drone_interfaces/local/lib/python3.10/dist-packages/drone_interfaces/action/__init__.py\n'}
[1.276711] (drone_interfaces) StdoutLine: {'line': b'-- Up-to-date: /home/ccl/Multitask-Drone/install/drone_interfaces/local/lib/python3.10/dist-packages/drone_interfaces/action/_execute_waypoint.py\n'}
[1.276782] (drone_interfaces) StdoutLine: {'line': b'-- Up-to-date: /home/ccl/Multitask-Drone/install/drone_interfaces/local/lib/python3.10/dist-packages/drone_interfaces/action/_execute_waypoint_s.c\n'}
[1.276851] (drone_interfaces) StdoutLine: {'line': b'-- Up-to-date: /home/ccl/Multitask-Drone/install/drone_interfaces/local/lib/python3.10/dist-packages/drone_interfaces/_drone_interfaces_s.ep.rosidl_typesupport_introspection_c.c\n'}
[1.276919] (drone_interfaces) StdoutLine: {'line': b'-- Up-to-date: /home/ccl/Multitask-Drone/install/drone_interfaces/local/lib/python3.10/dist-packages/drone_interfaces/srv\n'}
[1.276988] (drone_interfaces) StdoutLine: {'line': b'-- Up-to-date: /home/ccl/Multitask-Drone/install/drone_interfaces/local/lib/python3.10/dist-packages/drone_interfaces/srv/__init__.py\n'}
[1.277057] (drone_interfaces) StdoutLine: {'line': b'-- Up-to-date: /home/ccl/Multitask-Drone/install/drone_interfaces/local/lib/python3.10/dist-packages/drone_interfaces/srv/_task_dispatch_s.c\n'}
[1.277127] (drone_interfaces) StdoutLine: {'line': b'-- Up-to-date: /home/ccl/Multitask-Drone/install/drone_interfaces/local/lib/python3.10/dist-packages/drone_interfaces/srv/_yolo_request_s.c\n'}
[1.277195] (drone_interfaces) StdoutLine: {'line': b'-- Up-to-date: /home/ccl/Multitask-Drone/install/drone_interfaces/local/lib/python3.10/dist-packages/drone_interfaces/srv/_yolo_request.py\n'}
[1.277317] (drone_interfaces) StdoutLine: {'line': b'-- Up-to-date: /home/ccl/Multitask-Drone/install/drone_interfaces/local/lib/python3.10/dist-packages/drone_interfaces/srv/_task_push.py\n'}
[1.277392] (drone_interfaces) StdoutLine: {'line': b'-- Up-to-date: /home/ccl/Multitask-Drone/install/drone_interfaces/local/lib/python3.10/dist-packages/drone_interfaces/srv/_task_dispatch.py\n'}
[1.277461] (drone_interfaces) StdoutLine: {'line': b'-- Up-to-date: /home/ccl/Multitask-Drone/install/drone_interfaces/local/lib/python3.10/dist-packages/drone_interfaces/srv/_task_push_s.c\n'}
[1.307970] (drone_interfaces) StdoutLine: {'line': b"Listing '/home/ccl/Multitask-Drone/install/drone_interfaces/local/lib/python3.10/dist-packages/drone_interfaces'...\n"}
[1.308170] (drone_interfaces) StdoutLine: {'line': b"Listing '/home/ccl/Multitask-Drone/install/drone_interfaces/local/lib/python3.10/dist-packages/drone_interfaces/action'...\n"}
[1.308222] (drone_interfaces) StdoutLine: {'line': b"Listing '/home/ccl/Multitask-Drone/install/drone_interfaces/local/lib/python3.10/dist-packages/drone_interfaces/msg'...\n"}
[1.308264] (drone_interfaces) StdoutLine: {'line': b"Listing '/home/ccl/Multitask-Drone/install/drone_interfaces/local/lib/python3.10/dist-packages/drone_interfaces/srv'...\n"}
[1.310790] (drone_interfaces) StdoutLine: {'line': b'-- Up-to-date: /home/ccl/Multitask-Drone/install/drone_interfaces/local/lib/python3.10/dist-packages/drone_interfaces/drone_interfaces_s__rosidl_typesupport_fastrtps_c.cpython-310-x86_64-linux-gnu.so\n'}
[1.311053] (drone_interfaces) StdoutLine: {'line': b'-- Up-to-date: /home/ccl/Multitask-Drone/install/drone_interfaces/local/lib/python3.10/dist-packages/drone_interfaces/drone_interfaces_s__rosidl_typesupport_introspection_c.cpython-310-x86_64-linux-gnu.so\n'}
[1.311111] (drone_interfaces) StdoutLine: {'line': b'-- Up-to-date: /home/ccl/Multitask-Drone/install/drone_interfaces/local/lib/python3.10/dist-packages/drone_interfaces/drone_interfaces_s__rosidl_typesupport_c.cpython-310-x86_64-linux-gnu.so\n'}
[1.311531] (drone_interfaces) StdoutLine: {'line': b'-- Up-to-date: /home/ccl/Multitask-Drone/install/drone_interfaces/lib/libdrone_interfaces__rosidl_generator_py.so\n'}
[1.312238] (drone_interfaces) StdoutLine: {'line': b'-- Up-to-date: /home/ccl/Multitask-Drone/install/drone_interfaces/share/drone_interfaces/msg/Yaw.idl\n'}
[1.313505] (drone_interfaces) StdoutLine: {'line': b'-- Up-to-date: /home/ccl/Multitask-Drone/install/drone_interfaces/share/drone_interfaces/msg/PanelBox.idl\n'}
[1.313567] (drone_interfaces) StdoutLine: {'line': b'-- Up-to-date: /home/ccl/Multitask-Drone/install/drone_interfaces/share/drone_interfaces/msg/Task.idl\n'}
[1.313843] (-) TimerEvent: {}
[1.313949] (drone_interfaces) StdoutLine: {'line': b'-- Up-to-date: /home/ccl/Multitask-Drone/install/drone_interfaces/share/drone_interfaces/msg/TaskState.idl\n'}
[1.314005] (drone_interfaces) StdoutLine: {'line': b'-- Up-to-date: /home/ccl/Multitask-Drone/install/drone_interfaces/share/drone_interfaces/msg/RawWaypoint.idl\n'}
[1.314054] (drone_interfaces) StdoutLine: {'line': b'-- Up-to-date: /home/ccl/Multitask-Drone/install/drone_interfaces/share/drone_interfaces/srv/TaskDispatch.idl\n'}
[1.314096] (drone_interfaces) StdoutLine: {'line': b'-- Up-to-date: /home/ccl/Multitask-Drone/install/drone_interfaces/share/drone_interfaces/srv/YoloRequest.idl\n'}
[1.314135] (drone_interfaces) StdoutLine: {'line': b'-- Up-to-date: /home/ccl/Multitask-Drone/install/drone_interfaces/share/drone_interfaces/srv/TaskPush.idl\n'}
[1.314175] (drone_interfaces) StdoutLine: {'line': b'-- Up-to-date: /home/ccl/Multitask-Drone/install/drone_interfaces/share/drone_interfaces/action/ExecuteWaypoint.idl\n'}
[1.314215] (drone_interfaces) StdoutLine: {'line': b'-- Up-to-date: /home/ccl/Multitask-Drone/install/drone_interfaces/share/drone_interfaces/msg/Yaw.msg\n'}
[1.314254] (drone_interfaces) StdoutLine: {'line': b'-- Up-to-date: /home/ccl/Multitask-Drone/install/drone_interfaces/share/drone_interfaces/msg/PanelBox.msg\n'}
[1.314296] (drone_interfaces) StdoutLine: {'line': b'-- Up-to-date: /home/ccl/Multitask-Drone/install/drone_interfaces/share/drone_interfaces/msg/Task.msg\n'}
[1.314335] (drone_interfaces) StdoutLine: {'line': b'-- Up-to-date: /home/ccl/Multitask-Drone/install/drone_interfaces/share/drone_interfaces/msg/TaskState.msg\n'}
[1.314374] (drone_interfaces) StdoutLine: {'line': b'-- Up-to-date: /home/ccl/Multitask-Drone/install/drone_interfaces/share/drone_interfaces/msg/RawWaypoint.msg\n'}
[1.314413] (drone_interfaces) StdoutLine: {'line': b'-- Up-to-date: /home/ccl/Multitask-Drone/install/drone_interfaces/share/drone_interfaces/srv/TaskDispatch.srv\n'}
[1.314453] (drone_interfaces) StdoutLine: {'line': b'-- Up-to-date: /home/ccl/Multitask-Drone/install/drone_interfaces/share/drone_interfaces/srv/TaskDispatch_Request.msg\n'}
[1.314492] (drone_interfaces) StdoutLine: {'line': b'-- Up-to-date: /home/ccl/Multitask-Drone/install/drone_interfaces/share/drone_interfaces/srv/TaskDispatch_Response.msg\n'}
[1.314532] (drone_interfaces) StdoutLine: {'line': b'-- Up-to-date: /home/ccl/Multitask-Drone/install/drone_interfaces/share/drone_interfaces/srv/YoloRequest.srv\n'}
[1.314572] (drone_interfaces) StdoutLine: {'line': b'-- Up-to-date: /home/ccl/Multitask-Drone/install/drone_interfaces/share/drone_interfaces/srv/YoloRequest_Request.msg\n'}
[1.314610] (drone_interfaces) StdoutLine: {'line': b'-- Up-to-date: /home/ccl/Multitask-Drone/install/drone_interfaces/share/drone_interfaces/srv/YoloRequest_Response.msg\n'}
[1.314664] (drone_interfaces) StdoutLine: {'line': b'-- Up-to-date: /home/ccl/Multitask-Drone/install/drone_interfaces/share/drone_interfaces/srv/TaskPush.srv\n'}
[1.314703] (drone_interfaces) StdoutLine: {'line': b'-- Up-to-date: /home/ccl/Multitask-Drone/install/drone_interfaces/share/drone_interfaces/srv/TaskPush_Request.msg\n'}
[1.314773] (drone_interfaces) StdoutLine: {'line': b'-- Up-to-date: /home/ccl/Multitask-Drone/install/drone_interfaces/share/drone_interfaces/srv/TaskPush_Response.msg\n'}
[1.314818] (drone_interfaces) StdoutLine: {'line': b'-- Up-to-date: /home/ccl/Multitask-Drone/install/drone_interfaces/share/drone_interfaces/action/ExecuteWaypoint.action\n'}
[1.314860] (drone_interfaces) StdoutLine: {'line': b'-- Up-to-date: /home/ccl/Multitask-Drone/install/drone_interfaces/share/ament_index/resource_index/package_run_dependencies/drone_interfaces\n'}
[1.314901] (drone_interfaces) StdoutLine: {'line': b'-- Up-to-date: /home/ccl/Multitask-Drone/install/drone_interfaces/share/ament_index/resource_index/parent_prefix_path/drone_interfaces\n'}
[1.314942] (drone_interfaces) StdoutLine: {'line': b'-- Up-to-date: /home/ccl/Multitask-Drone/install/drone_interfaces/share/drone_interfaces/environment/ament_prefix_path.sh\n'}
[1.315067] (drone_interfaces) StdoutLine: {'line': b'-- Up-to-date: /home/ccl/Multitask-Drone/install/drone_interfaces/share/drone_interfaces/environment/ament_prefix_path.dsv\n'}
[1.315262] (drone_interfaces) StdoutLine: {'line': b'-- Up-to-date: /home/ccl/Multitask-Drone/install/drone_interfaces/share/drone_interfaces/environment/path.sh\n'}
[1.315361] (drone_interfaces) StdoutLine: {'line': b'-- Up-to-date: /home/ccl/Multitask-Drone/install/drone_interfaces/share/drone_interfaces/environment/path.dsv\n'}
[1.315438] (drone_interfaces) StdoutLine: {'line': b'-- Up-to-date: /home/ccl/Multitask-Drone/install/drone_interfaces/share/drone_interfaces/local_setup.bash\n'}
[1.315510] (drone_interfaces) StdoutLine: {'line': b'-- Up-to-date: /home/ccl/Multitask-Drone/install/drone_interfaces/share/drone_interfaces/local_setup.sh\n'}
[1.315581] (drone_interfaces) StdoutLine: {'line': b'-- Up-to-date: /home/ccl/Multitask-Drone/install/drone_interfaces/share/drone_interfaces/local_setup.zsh\n'}
[1.315673] (drone_interfaces) StdoutLine: {'line': b'-- Up-to-date: /home/ccl/Multitask-Drone/install/drone_interfaces/share/drone_interfaces/local_setup.dsv\n'}
[1.318882] (drone_interfaces) StdoutLine: {'line': b'-- Installing: /home/ccl/Multitask-Drone/install/drone_interfaces/share/drone_interfaces/package.dsv\n'}
[1.319005] (drone_interfaces) StdoutLine: {'line': b'-- Up-to-date: /home/ccl/Multitask-Drone/install/drone_interfaces/share/ament_index/resource_index/packages/drone_interfaces\n'}
[1.319080] (drone_interfaces) StdoutLine: {'line': b'-- Up-to-date: /home/ccl/Multitask-Drone/install/drone_interfaces/share/drone_interfaces/cmake/export_drone_interfaces__rosidl_generator_cExport.cmake\n'}
[1.319166] (drone_interfaces) StdoutLine: {'line': b'-- Up-to-date: /home/ccl/Multitask-Drone/install/drone_interfaces/share/drone_interfaces/cmake/export_drone_interfaces__rosidl_generator_cExport-noconfig.cmake\n'}
[1.319241] (drone_interfaces) StdoutLine: {'line': b'-- Up-to-date: /home/ccl/Multitask-Drone/install/drone_interfaces/share/drone_interfaces/cmake/export_drone_interfaces__rosidl_typesupport_fastrtps_cExport.cmake\n'}
[1.319313] (drone_interfaces) StdoutLine: {'line': b'-- Up-to-date: /home/ccl/Multitask-Drone/install/drone_interfaces/share/drone_interfaces/cmake/export_drone_interfaces__rosidl_typesupport_fastrtps_cExport-noconfig.cmake\n'}
[1.319385] (drone_interfaces) StdoutLine: {'line': b'-- Up-to-date: /home/ccl/Multitask-Drone/install/drone_interfaces/share/drone_interfaces/cmake/drone_interfaces__rosidl_typesupport_introspection_cExport.cmake\n'}
[1.319458] (drone_interfaces) StdoutLine: {'line': b'-- Up-to-date: /home/ccl/Multitask-Drone/install/drone_interfaces/share/drone_interfaces/cmake/drone_interfaces__rosidl_typesupport_introspection_cExport-noconfig.cmake\n'}
[1.319532] (drone_interfaces) StdoutLine: {'line': b'-- Up-to-date: /home/ccl/Multitask-Drone/install/drone_interfaces/share/drone_interfaces/cmake/drone_interfaces__rosidl_typesupport_cExport.cmake\n'}
[1.319606] (drone_interfaces) StdoutLine: {'line': b'-- Up-to-date: /home/ccl/Multitask-Drone/install/drone_interfaces/share/drone_interfaces/cmake/drone_interfaces__rosidl_typesupport_cExport-noconfig.cmake\n'}
[1.319701] (drone_interfaces) StdoutLine: {'line': b'-- Up-to-date: /home/ccl/Multitask-Drone/install/drone_interfaces/share/drone_interfaces/cmake/export_drone_interfaces__rosidl_generator_cppExport.cmake\n'}
[1.319777] (drone_interfaces) StdoutLine: {'line': b'-- Up-to-date: /home/ccl/Multitask-Drone/install/drone_interfaces/share/drone_interfaces/cmake/export_drone_interfaces__rosidl_typesupport_fastrtps_cppExport.cmake\n'}
[1.319847] (drone_interfaces) StdoutLine: {'line': b'-- Up-to-date: /home/ccl/Multitask-Drone/install/drone_interfaces/share/drone_interfaces/cmake/export_drone_interfaces__rosidl_typesupport_fastrtps_cppExport-noconfig.cmake\n'}
[1.319915] (drone_interfaces) StdoutLine: {'line': b'-- Up-to-date: /home/ccl/Multitask-Drone/install/drone_interfaces/share/drone_interfaces/cmake/drone_interfaces__rosidl_typesupport_introspection_cppExport.cmake\n'}
[1.319984] (drone_interfaces) StdoutLine: {'line': b'-- Up-to-date: /home/ccl/Multitask-Drone/install/drone_interfaces/share/drone_interfaces/cmake/drone_interfaces__rosidl_typesupport_introspection_cppExport-noconfig.cmake\n'}
[1.320057] (drone_interfaces) StdoutLine: {'line': b'-- Up-to-date: /home/ccl/Multitask-Drone/install/drone_interfaces/share/drone_interfaces/cmake/drone_interfaces__rosidl_typesupport_cppExport.cmake\n'}
[1.320127] (drone_interfaces) StdoutLine: {'line': b'-- Up-to-date: /home/ccl/Multitask-Drone/install/drone_interfaces/share/drone_interfaces/cmake/drone_interfaces__rosidl_typesupport_cppExport-noconfig.cmake\n'}
[1.320199] (drone_interfaces) StdoutLine: {'line': b'-- Up-to-date: /home/ccl/Multitask-Drone/install/drone_interfaces/share/drone_interfaces/cmake/export_drone_interfaces__rosidl_generator_pyExport.cmake\n'}
[1.320269] (drone_interfaces) StdoutLine: {'line': b'-- Up-to-date: /home/ccl/Multitask-Drone/install/drone_interfaces/share/drone_interfaces/cmake/export_drone_interfaces__rosidl_generator_pyExport-noconfig.cmake\n'}
[1.320393] (drone_interfaces) StdoutLine: {'line': b'-- Up-to-date: /home/ccl/Multitask-Drone/install/drone_interfaces/share/drone_interfaces/cmake/rosidl_cmake-extras.cmake\n'}
[1.320478] (drone_interfaces) StdoutLine: {'line': b'-- Up-to-date: /home/ccl/Multitask-Drone/install/drone_interfaces/share/drone_interfaces/cmake/ament_cmake_export_dependencies-extras.cmake\n'}
[1.320550] (drone_interfaces) StdoutLine: {'line': b'-- Up-to-date: /home/ccl/Multitask-Drone/install/drone_interfaces/share/drone_interfaces/cmake/ament_cmake_export_include_directories-extras.cmake\n'}
[1.320631] (drone_interfaces) StdoutLine: {'line': b'-- Up-to-date: /home/ccl/Multitask-Drone/install/drone_interfaces/share/drone_interfaces/cmake/ament_cmake_export_libraries-extras.cmake\n'}
[1.320713] (drone_interfaces) StdoutLine: {'line': b'-- Up-to-date: /home/ccl/Multitask-Drone/install/drone_interfaces/share/drone_interfaces/cmake/ament_cmake_export_targets-extras.cmake\n'}
[1.320782] (drone_interfaces) StdoutLine: {'line': b'-- Up-to-date: /home/ccl/Multitask-Drone/install/drone_interfaces/share/drone_interfaces/cmake/rosidl_cmake_export_typesupport_targets-extras.cmake\n'}
[1.320853] (drone_interfaces) StdoutLine: {'line': b'-- Up-to-date: /home/ccl/Multitask-Drone/install/drone_interfaces/share/drone_interfaces/cmake/rosidl_cmake_export_typesupport_libraries-extras.cmake\n'}
[1.320936] (drone_interfaces) StdoutLine: {'line': b'-- Up-to-date: /home/ccl/Multitask-Drone/install/drone_interfaces/share/drone_interfaces/cmake/drone_interfacesConfig.cmake\n'}
[1.321005] (drone_interfaces) StdoutLine: {'line': b'-- Up-to-date: /home/ccl/Multitask-Drone/install/drone_interfaces/share/drone_interfaces/cmake/drone_interfacesConfig-version.cmake\n'}
[1.321076] (drone_interfaces) StdoutLine: {'line': b'-- Up-to-date: /home/ccl/Multitask-Drone/install/drone_interfaces/share/drone_interfaces/package.xml\n'}
[1.329977] (drone_interfaces) CommandEnded: {'returncode': 0}
[1.356377] (drone_interfaces) JobEnded: {'identifier': 'drone_interfaces', 'rc': 0}
[1.358653] (drone_controller) JobStarted: {'identifier': 'drone_controller'}
[1.366040] (drone_vision) JobStarted: {'identifier': 'drone_vision'}
[1.414025] (-) TimerEvent: {}
[1.514664] (-) TimerEvent: {}
[1.615037] (-) TimerEvent: {}
[1.715416] (-) TimerEvent: {}
[1.816876] (-) TimerEvent: {}
[1.917195] (-) TimerEvent: {}
[2.017595] (-) TimerEvent: {}
[2.120507] (-) TimerEvent: {}
[2.203224] (drone_controller) Command: {'cmd': ['/usr/bin/python3', '-W', 'ignore:setup.py install is deprecated', '-W', 'ignore:easy_install command is deprecated', 'setup.py', 'egg_info', '--egg-base', '../../build/drone_controller', 'build', '--build-base', '/home/ccl/Multitask-Drone/build/drone_controller/build', 'install', '--record', '/home/ccl/Multitask-Drone/build/drone_controller/install.log', '--single-version-externally-managed', 'install_data'], 'cwd': '/home/ccl/Multitask-Drone/src/drone_controller', 'env': {'GJS_DEBUG_TOPICS': 'JS ERROR;JS LOG', 'LESSOPEN': '| /usr/bin/lesspipe %s', 'SVGA_VGPU10': '0', 'no_proxy': '127.0.0.1, localhost', 'USER': 'ccl', 'LC_TIME': 'zh_CN.UTF-8', 'XDG_SESSION_TYPE': 'wayland', 'GIT_ASKPASS': '/usr/share/code/resources/app/extensions/git/dist/askpass.sh', 'SHLVL': '1', 'LD_LIBRARY_PATH': '/home/ccl/Multitask-Drone/install/drone_interfaces/lib:/opt/ros/humble/opt/rviz_ogre_vendor/lib:/opt/ros/humble/lib/x86_64-linux-gnu:/opt/ros/humble/lib', 'HOME': '/home/ccl', 'CHROME_DESKTOP': 'code.desktop', 'OLDPWD': '/home/ccl', 'TERM_PROGRAM_VERSION': '1.98.0', 'DESKTOP_SESSION': 'ubuntu', 'GIO_LAUNCHED_DESKTOP_FILE': '/usr/share/applications/code.desktop', 'ROS_PYTHON_VERSION': '3', 'GNOME_SHELL_SESSION_MODE': 'ubuntu', 'GTK_MODULES': 'gail:atk-bridge', 'VSCODE_GIT_ASKPASS_MAIN': '/usr/share/code/resources/app/extensions/git/dist/askpass-main.js', 'LC_MONETARY': 'zh_CN.UTF-8', 'VSCODE_GIT_ASKPASS_NODE': '/usr/share/code/code', 'MANAGERPID': '1078', 'PYDEVD_DISABLE_FILE_VALIDATION': '1', 'SYSTEMD_EXEC_PID': '1235', 'BUNDLED_DEBUGPY_PATH': '/home/ccl/.vscode/extensions/ms-python.debugpy-2025.4.0-linux-x64/bundled/libs/debugpy', 'IM_CONFIG_CHECK_ENV': '1', 'DBUS_SESSION_BUS_ADDRESS': 'unix:path=/run/user/1000/bus', 'COLORTERM': 'truecolor', 'GIO_LAUNCHED_DESKTOP_FILE_PID': '17873', 'IM_CONFIG_PHASE': '1', 'WAYLAND_DISPLAY': 'wayland-0', 'https_proxy': 'http://192.168.218.1:5555', 'COLCON_PREFIX_PATH': '/home/ccl/Multitask-Drone/install', 'ROS_DISTRO': 'humble', 'GTK_IM_MODULE': 'fcitx', 'LOGNAME': 'ccl', 'http_proxy': 'http://192.168.218.1:5555', 'JOURNAL_STREAM': '8:17839', '_': '/usr/bin/colcon', 'ROS_VERSION': '2', 'XDG_SESSION_CLASS': 'user', 'USERNAME': 'ccl', 'TERM': 'xterm-256color', 'GNOME_DESKTOP_SESSION_ID': 'this-is-deprecated', 'ROS_LOCALHOST_ONLY': '0', 'PATH': '/home/ccl/.local/bin:/opt/ros/humble/bin:/home/ccl/.local/bin:/usr/local/sbin:/usr/local/bin:/usr/sbin:/usr/bin:/sbin:/bin:/usr/games:/usr/local/games:/snap/bin:/usr/local/go/bin:/home/ccl/.vscode/extensions/ms-python.debugpy-2025.4.0-linux-x64/bundled/scripts/noConfigScripts:/usr/local/go/bin', 'SESSION_MANAGER': 'local/ubuntu64:@/tmp/.ICE-unix/1212,unix/ubuntu64:/tmp/.ICE-unix/1212', 'INVOCATION_ID': 'b97f6cc10fc1482b957a1d12886b36f0', 'XDG_MENU_PREFIX': 'gnome-', 'LC_ADDRESS': 'zh_CN.UTF-8', 'GNOME_SETUP_DISPLAY': ':1', 'XDG_RUNTIME_DIR': '/run/user/1000', 'GDK_BACKEND': 'x11', 'DISPLAY': ':0', 'VSCODE_DEBUGPY_ADAPTER_ENDPOINTS': '/home/ccl/.vscode/extensions/ms-python.debugpy-2025.4.0-linux-x64/.noConfigDebugAdapterEndpoints/endpoint-17a7e6cfd4e60750.txt', 'LANG': 'en_US.UTF-8', 'XDG_CURRENT_DESKTOP': 'Unity', 'LC_TELEPHONE': 'zh_CN.UTF-8', 'XMODIFIERS': '@im=fcitx', 'XDG_SESSION_DESKTOP': 'ubuntu', 'XAUTHORITY': '/run/user/1000/.mutter-Xwaylandauth.23GQ22', 'LS_COLORS': 'rs=0:di=01;34:ln=01;36:mh=00:pi=40;33:so=01;35:do=01;35:bd=40;33;01:cd=40;33;01:or=40;31;01:mi=00:su=37;41:sg=30;43:ca=30;41:tw=30;42:ow=34;42:st=37;44:ex=01;32:*.tar=01;31:*.tgz=01;31:*.arc=01;31:*.arj=01;31:*.taz=01;31:*.lha=01;31:*.lz4=01;31:*.lzh=01;31:*.lzma=01;31:*.tlz=01;31:*.txz=01;31:*.tzo=01;31:*.t7z=01;31:*.zip=01;31:*.z=01;31:*.dz=01;31:*.gz=01;31:*.lrz=01;31:*.lz=01;31:*.lzo=01;31:*.xz=01;31:*.zst=01;31:*.tzst=01;31:*.bz2=01;31:*.bz=01;31:*.tbz=01;31:*.tbz2=01;31:*.tz=01;31:*.deb=01;31:*.rpm=01;31:*.jar=01;31:*.war=01;31:*.ear=01;31:*.sar=01;31:*.rar=01;31:*.alz=01;31:*.ace=01;31:*.zoo=01;31:*.cpio=01;31:*.7z=01;31:*.rz=01;31:*.cab=01;31:*.wim=01;31:*.swm=01;31:*.dwm=01;31:*.esd=01;31:*.jpg=01;35:*.jpeg=01;35:*.mjpg=01;35:*.mjpeg=01;35:*.gif=01;35:*.bmp=01;35:*.pbm=01;35:*.pgm=01;35:*.ppm=01;35:*.tga=01;35:*.xbm=01;35:*.xpm=01;35:*.tif=01;35:*.tiff=01;35:*.png=01;35:*.svg=01;35:*.svgz=01;35:*.mng=01;35:*.pcx=01;35:*.mov=01;35:*.mpg=01;35:*.mpeg=01;35:*.m2v=01;35:*.mkv=01;35:*.webm=01;35:*.webp=01;35:*.ogm=01;35:*.mp4=01;35:*.m4v=01;35:*.mp4v=01;35:*.vob=01;35:*.qt=01;35:*.nuv=01;35:*.wmv=01;35:*.asf=01;35:*.rm=01;35:*.rmvb=01;35:*.flc=01;35:*.avi=01;35:*.fli=01;35:*.flv=01;35:*.gl=01;35:*.dl=01;35:*.xcf=01;35:*.xwd=01;35:*.yuv=01;35:*.cgm=01;35:*.emf=01;35:*.ogv=01;35:*.ogx=01;35:*.aac=00;36:*.au=00;36:*.flac=00;36:*.m4a=00;36:*.mid=00;36:*.midi=00;36:*.mka=00;36:*.mp3=00;36:*.mpc=00;36:*.ogg=00;36:*.ra=00;36:*.wav=00;36:*.oga=00;36:*.opus=00;36:*.spx=00;36:*.xspf=00;36:', 'VSCODE_GIT_IPC_HANDLE': '/run/user/1000/vscode-git-9d2c69e155.sock', 'TERM_PROGRAM': 'vscode', 'SSH_AGENT_LAUNCHER': 'gnome-keyring', 'SSH_AUTH_SOCK': '/run/user/1000/keyring/ssh', 'AMENT_PREFIX_PATH': '/home/ccl/Multitask-Drone/install/drone_vision:/home/ccl/Multitask-Drone/install/drone_monitor:/home/ccl/Multitask-Drone/install/drone_controller:/home/ccl/Multitask-Drone/install/drone_interfaces:/opt/ros/humble', 'QUIC_GO_LOG_LEVEL': 'debug', 'ORIGINAL_XDG_CURRENT_DESKTOP': 'ubuntu:GNOME', 'SHELL': '/bin/bash', 'LC_NAME': 'zh_CN.UTF-8', 'QT_ACCESSIBILITY': '1', 'GDMSESSION': 'ubuntu', 'LESSCLOSE': '/usr/bin/lesspipe %s %s', 'LC_MEASUREMENT': 'zh_CN.UTF-8', 'GJS_DEBUG_OUTPUT': 'stderr', 'LC_IDENTIFICATION': 'zh_CN.UTF-8', 'VSCODE_GIT_ASKPASS_EXTRA_ARGS': '', 'QT_IM_MODULE': 'fcitx', 'PWD': '/home/ccl/Multitask-Drone/build/drone_controller', 'LC_ALL': 'en_US.UTF-8', 'XDG_CONFIG_DIRS': '/etc/xdg/xdg-ubuntu:/etc/xdg', 'CLUTTER_IM_MODULE': 'xim', 'XDG_DATA_DIRS': '/usr/share/ubuntu:/usr/local/share:/usr/share:/var/lib/snapd/desktop', 'PYTHONPATH': '/home/ccl/Multitask-Drone/build/drone_controller/prefix_override:/usr/lib/python3/dist-packages/colcon_core/task/python/colcon_distutils_commands:/home/ccl/Multitask-Drone/install/drone_controller/lib/python3.10/site-packages:/home/ccl/Multitask-Drone/install/drone_vision/lib/python3.10/site-packages:/home/ccl/Multitask-Drone/install/drone_monitor/lib/python3.10/site-packages:/home/ccl/Multitask-Drone/install/drone_controller/lib/python3.10/site-packages:/home/ccl/Multitask-Drone/install/drone_interfaces/local/lib/python3.10/dist-packages:/opt/ros/humble/lib/python3.10/site-packages:/opt/ros/humble/local/lib/python3.10/dist-packages', 'LC_NUMERIC': 'zh_CN.UTF-8', 'LC_PAPER': 'zh_CN.UTF-8', 'COLCON': '1', 'CMAKE_PREFIX_PATH': '/home/ccl/Multitask-Drone/install/drone_interfaces'}, 'shell': False}
[2.220641] (-) TimerEvent: {}
[2.251747] (drone_vision) Command: {'cmd': ['/usr/bin/python3', '-W', 'ignore:setup.py install is deprecated', '-W', 'ignore:easy_install command is deprecated', 'setup.py', 'egg_info', '--egg-base', '../../build/drone_vision', 'build', '--build-base', '/home/ccl/Multitask-Drone/build/drone_vision/build', 'install', '--record', '/home/ccl/Multitask-Drone/build/drone_vision/install.log', '--single-version-externally-managed', 'install_data'], 'cwd': '/home/ccl/Multitask-Drone/src/drone_vision', 'env': {'GJS_DEBUG_TOPICS': 'JS ERROR;JS LOG', 'LESSOPEN': '| /usr/bin/lesspipe %s', 'SVGA_VGPU10': '0', 'no_proxy': '127.0.0.1, localhost', 'USER': 'ccl', 'LC_TIME': 'zh_CN.UTF-8', 'XDG_SESSION_TYPE': 'wayland', 'GIT_ASKPASS': '/usr/share/code/resources/app/extensions/git/dist/askpass.sh', 'SHLVL': '1', 'LD_LIBRARY_PATH': '/home/ccl/Multitask-Drone/install/drone_interfaces/lib:/opt/ros/humble/opt/rviz_ogre_vendor/lib:/opt/ros/humble/lib/x86_64-linux-gnu:/opt/ros/humble/lib', 'HOME': '/home/ccl', 'CHROME_DESKTOP': 'code.desktop', 'OLDPWD': '/home/ccl', 'TERM_PROGRAM_VERSION': '1.98.0', 'DESKTOP_SESSION': 'ubuntu', 'GIO_LAUNCHED_DESKTOP_FILE': '/usr/share/applications/code.desktop', 'ROS_PYTHON_VERSION': '3', 'GNOME_SHELL_SESSION_MODE': 'ubuntu', 'GTK_MODULES': 'gail:atk-bridge', 'VSCODE_GIT_ASKPASS_MAIN': '/usr/share/code/resources/app/extensions/git/dist/askpass-main.js', 'LC_MONETARY': 'zh_CN.UTF-8', 'VSCODE_GIT_ASKPASS_NODE': '/usr/share/code/code', 'MANAGERPID': '1078', 'PYDEVD_DISABLE_FILE_VALIDATION': '1', 'SYSTEMD_EXEC_PID': '1235', 'BUNDLED_DEBUGPY_PATH': '/home/ccl/.vscode/extensions/ms-python.debugpy-2025.4.0-linux-x64/bundled/libs/debugpy', 'IM_CONFIG_CHECK_ENV': '1', 'DBUS_SESSION_BUS_ADDRESS': 'unix:path=/run/user/1000/bus', 'COLORTERM': 'truecolor', 'GIO_LAUNCHED_DESKTOP_FILE_PID': '17873', 'IM_CONFIG_PHASE': '1', 'WAYLAND_DISPLAY': 'wayland-0', 'https_proxy': 'http://192.168.218.1:5555', 'COLCON_PREFIX_PATH': '/home/ccl/Multitask-Drone/install', 'ROS_DISTRO': 'humble', 'GTK_IM_MODULE': 'fcitx', 'LOGNAME': 'ccl', 'http_proxy': 'http://192.168.218.1:5555', 'JOURNAL_STREAM': '8:17839', '_': '/usr/bin/colcon', 'ROS_VERSION': '2', 'XDG_SESSION_CLASS': 'user', 'USERNAME': 'ccl', 'TERM': 'xterm-256color', 'GNOME_DESKTOP_SESSION_ID': 'this-is-deprecated', 'ROS_LOCALHOST_ONLY': '0', 'PATH': '/home/ccl/.local/bin:/opt/ros/humble/bin:/home/ccl/.local/bin:/usr/local/sbin:/usr/local/bin:/usr/sbin:/usr/bin:/sbin:/bin:/usr/games:/usr/local/games:/snap/bin:/usr/local/go/bin:/home/ccl/.vscode/extensions/ms-python.debugpy-2025.4.0-linux-x64/bundled/scripts/noConfigScripts:/usr/local/go/bin', 'SESSION_MANAGER': 'local/ubuntu64:@/tmp/.ICE-unix/1212,unix/ubuntu64:/tmp/.ICE-unix/1212', 'INVOCATION_ID': 'b97f6cc10fc1482b957a1d12886b36f0', 'XDG_MENU_PREFIX': 'gnome-', 'LC_ADDRESS': 'zh_CN.UTF-8', 'GNOME_SETUP_DISPLAY': ':1', 'XDG_RUNTIME_DIR': '/run/user/1000', 'GDK_BACKEND': 'x11', 'DISPLAY': ':0', 'VSCODE_DEBUGPY_ADAPTER_ENDPOINTS': '/home/ccl/.vscode/extensions/ms-python.debugpy-2025.4.0-linux-x64/.noConfigDebugAdapterEndpoints/endpoint-17a7e6cfd4e60750.txt', 'LANG': 'en_US.UTF-8', 'XDG_CURRENT_DESKTOP': 'Unity', 'LC_TELEPHONE': 'zh_CN.UTF-8', 'XMODIFIERS': '@im=fcitx', 'XDG_SESSION_DESKTOP': 'ubuntu', 'XAUTHORITY': '/run/user/1000/.mutter-Xwaylandauth.23GQ22', 'LS_COLORS': 'rs=0:di=01;34:ln=01;36:mh=00:pi=40;33:so=01;35:do=01;35:bd=40;33;01:cd=40;33;01:or=40;31;01:mi=00:su=37;41:sg=30;43:ca=30;41:tw=30;42:ow=34;42:st=37;44:ex=01;32:*.tar=01;31:*.tgz=01;31:*.arc=01;31:*.arj=01;31:*.taz=01;31:*.lha=01;31:*.lz4=01;31:*.lzh=01;31:*.lzma=01;31:*.tlz=01;31:*.txz=01;31:*.tzo=01;31:*.t7z=01;31:*.zip=01;31:*.z=01;31:*.dz=01;31:*.gz=01;31:*.lrz=01;31:*.lz=01;31:*.lzo=01;31:*.xz=01;31:*.zst=01;31:*.tzst=01;31:*.bz2=01;31:*.bz=01;31:*.tbz=01;31:*.tbz2=01;31:*.tz=01;31:*.deb=01;31:*.rpm=01;31:*.jar=01;31:*.war=01;31:*.ear=01;31:*.sar=01;31:*.rar=01;31:*.alz=01;31:*.ace=01;31:*.zoo=01;31:*.cpio=01;31:*.7z=01;31:*.rz=01;31:*.cab=01;31:*.wim=01;31:*.swm=01;31:*.dwm=01;31:*.esd=01;31:*.jpg=01;35:*.jpeg=01;35:*.mjpg=01;35:*.mjpeg=01;35:*.gif=01;35:*.bmp=01;35:*.pbm=01;35:*.pgm=01;35:*.ppm=01;35:*.tga=01;35:*.xbm=01;35:*.xpm=01;35:*.tif=01;35:*.tiff=01;35:*.png=01;35:*.svg=01;35:*.svgz=01;35:*.mng=01;35:*.pcx=01;35:*.mov=01;35:*.mpg=01;35:*.mpeg=01;35:*.m2v=01;35:*.mkv=01;35:*.webm=01;35:*.webp=01;35:*.ogm=01;35:*.mp4=01;35:*.m4v=01;35:*.mp4v=01;35:*.vob=01;35:*.qt=01;35:*.nuv=01;35:*.wmv=01;35:*.asf=01;35:*.rm=01;35:*.rmvb=01;35:*.flc=01;35:*.avi=01;35:*.fli=01;35:*.flv=01;35:*.gl=01;35:*.dl=01;35:*.xcf=01;35:*.xwd=01;35:*.yuv=01;35:*.cgm=01;35:*.emf=01;35:*.ogv=01;35:*.ogx=01;35:*.aac=00;36:*.au=00;36:*.flac=00;36:*.m4a=00;36:*.mid=00;36:*.midi=00;36:*.mka=00;36:*.mp3=00;36:*.mpc=00;36:*.ogg=00;36:*.ra=00;36:*.wav=00;36:*.oga=00;36:*.opus=00;36:*.spx=00;36:*.xspf=00;36:', 'VSCODE_GIT_IPC_HANDLE': '/run/user/1000/vscode-git-9d2c69e155.sock', 'TERM_PROGRAM': 'vscode', 'SSH_AGENT_LAUNCHER': 'gnome-keyring', 'SSH_AUTH_SOCK': '/run/user/1000/keyring/ssh', 'AMENT_PREFIX_PATH': '/home/ccl/Multitask-Drone/install/drone_vision:/home/ccl/Multitask-Drone/install/drone_monitor:/home/ccl/Multitask-Drone/install/drone_controller:/home/ccl/Multitask-Drone/install/drone_interfaces:/opt/ros/humble', 'QUIC_GO_LOG_LEVEL': 'debug', 'ORIGINAL_XDG_CURRENT_DESKTOP': 'ubuntu:GNOME', 'SHELL': '/bin/bash', 'LC_NAME': 'zh_CN.UTF-8', 'QT_ACCESSIBILITY': '1', 'GDMSESSION': 'ubuntu', 'LESSCLOSE': '/usr/bin/lesspipe %s %s', 'LC_MEASUREMENT': 'zh_CN.UTF-8', 'GJS_DEBUG_OUTPUT': 'stderr', 'LC_IDENTIFICATION': 'zh_CN.UTF-8', 'VSCODE_GIT_ASKPASS_EXTRA_ARGS': '', 'QT_IM_MODULE': 'fcitx', 'PWD': '/home/ccl/Multitask-Drone/build/drone_vision', 'LC_ALL': 'en_US.UTF-8', 'XDG_CONFIG_DIRS': '/etc/xdg/xdg-ubuntu:/etc/xdg', 'CLUTTER_IM_MODULE': 'xim', 'XDG_DATA_DIRS': '/usr/share/ubuntu:/usr/local/share:/usr/share:/var/lib/snapd/desktop', 'PYTHONPATH': '/home/ccl/Multitask-Drone/build/drone_vision/prefix_override:/usr/lib/python3/dist-packages/colcon_core/task/python/colcon_distutils_commands:/home/ccl/Multitask-Drone/install/drone_vision/lib/python3.10/site-packages:/home/ccl/Multitask-Drone/install/drone_vision/lib/python3.10/site-packages:/home/ccl/Multitask-Drone/install/drone_monitor/lib/python3.10/site-packages:/home/ccl/Multitask-Drone/install/drone_controller/lib/python3.10/site-packages:/home/ccl/Multitask-Drone/install/drone_interfaces/local/lib/python3.10/dist-packages:/opt/ros/humble/lib/python3.10/site-packages:/opt/ros/humble/local/lib/python3.10/dist-packages', 'LC_NUMERIC': 'zh_CN.UTF-8', 'LC_PAPER': 'zh_CN.UTF-8', 'COLCON': '1', 'CMAKE_PREFIX_PATH': '/home/ccl/Multitask-Drone/install/drone_interfaces'}, 'shell': False}
[2.320774] (-) TimerEvent: {}
[2.421247] (-) TimerEvent: {}
[2.445071] (drone_controller) StdoutLine: {'line': b'running egg_info\n'}
[2.445795] (drone_controller) StdoutLine: {'line': b'writing ../../build/drone_controller/drone_controller.egg-info/PKG-INFO\n'}
[2.445871] (drone_controller) StdoutLine: {'line': b'writing dependency_links to ../../build/drone_controller/drone_controller.egg-info/dependency_links.txt\n'}
[2.445916] (drone_controller) StdoutLine: {'line': b'writing entry points to ../../build/drone_controller/drone_controller.egg-info/entry_points.txt\n'}
[2.445959] (drone_controller) StdoutLine: {'line': b'writing requirements to ../../build/drone_controller/drone_controller.egg-info/requires.txt\n'}
[2.446004] (drone_controller) StdoutLine: {'line': b'writing top-level names to ../../build/drone_controller/drone_controller.egg-info/top_level.txt\n'}
[2.446045] (drone_controller) StdoutLine: {'line': b"reading manifest file '../../build/drone_controller/drone_controller.egg-info/SOURCES.txt'\n"}
[2.446114] (drone_controller) StdoutLine: {'line': b"adding license file 'LICENSE'\n"}
[2.446160] (drone_controller) StdoutLine: {'line': b"writing manifest file '../../build/drone_controller/drone_controller.egg-info/SOURCES.txt'\n"}
[2.447486] (drone_controller) StdoutLine: {'line': b'running build\n'}
[2.447604] (drone_controller) StdoutLine: {'line': b'running build_py\n'}
[2.447701] (drone_controller) StdoutLine: {'line': b'copying drone_controller/utils.py -> /home/ccl/Multitask-Drone/build/drone_controller/build/lib/drone_controller\n'}
[2.447789] (drone_controller) StdoutLine: {'line': b'running install\n'}
[2.448241] (drone_controller) StdoutLine: {'line': b'running install_lib\n'}
[2.450025] (drone_controller) StdoutLine: {'line': b'copying /home/ccl/Multitask-Drone/build/drone_controller/build/lib/drone_controller/utils.py -> /home/ccl/Multitask-Drone/install/drone_controller/lib/python3.10/site-packages/drone_controller\n'}
[2.450934] (drone_controller) StdoutLine: {'line': b'byte-compiling /home/ccl/Multitask-Drone/install/drone_controller/lib/python3.10/site-packages/drone_controller/utils.py to utils.cpython-310.pyc\n'}
[2.452195] (drone_controller) StdoutLine: {'line': b'running install_data\n'}
[2.452475] (drone_controller) StdoutLine: {'line': b'running install_egg_info\n'}
[2.454813] (drone_controller) StdoutLine: {'line': b"removing '/home/ccl/Multitask-Drone/install/drone_controller/lib/python3.10/site-packages/drone_controller-0.0.0-py3.10.egg-info' (and everything under it)\n"}
[2.455204] (drone_controller) StdoutLine: {'line': b'Copying ../../build/drone_controller/drone_controller.egg-info to /home/ccl/Multitask-Drone/install/drone_controller/lib/python3.10/site-packages/drone_controller-0.0.0-py3.10.egg-info\n'}
[2.455963] (drone_controller) StdoutLine: {'line': b'running install_scripts\n'}
[2.473902] (drone_controller) StdoutLine: {'line': b'Installing drone_controller script to /home/ccl/Multitask-Drone/install/drone_controller/lib/drone_controller\n'}
[2.474452] (drone_controller) StdoutLine: {'line': b'Installing task_executor script to /home/ccl/Multitask-Drone/install/drone_controller/lib/drone_controller\n'}
[2.475033] (drone_controller) StdoutLine: {'line': b'Installing waypoint_handler script to /home/ccl/Multitask-Drone/install/drone_controller/lib/drone_controller\n'}
[2.475679] (drone_controller) StdoutLine: {'line': b'Installing yiku_test script to /home/ccl/Multitask-Drone/install/drone_controller/lib/drone_controller\n'}
[2.476200] (drone_controller) StdoutLine: {'line': b"writing list of installed files to '/home/ccl/Multitask-Drone/build/drone_controller/install.log'\n"}
[2.503326] (drone_controller) CommandEnded: {'returncode': 0}
[2.506019] (drone_vision) StdoutLine: {'line': b'running egg_info\n'}
[2.506137] (drone_vision) StdoutLine: {'line': b'writing ../../build/drone_vision/drone_vision.egg-info/PKG-INFO\n'}
[2.506844] (drone_vision) StdoutLine: {'line': b'writing dependency_links to ../../build/drone_vision/drone_vision.egg-info/dependency_links.txt\n'}
[2.507043] (drone_vision) StdoutLine: {'line': b'writing entry points to ../../build/drone_vision/drone_vision.egg-info/entry_points.txt\n'}
[2.507174] (drone_vision) StdoutLine: {'line': b'writing requirements to ../../build/drone_vision/drone_vision.egg-info/requires.txt\n'}
[2.507527] (drone_vision) StdoutLine: {'line': b'writing top-level names to ../../build/drone_vision/drone_vision.egg-info/top_level.txt\n'}
[2.510165] (drone_vision) StdoutLine: {'line': b"reading manifest file '../../build/drone_vision/drone_vision.egg-info/SOURCES.txt'\n"}
[2.510258] (drone_vision) StdoutLine: {'line': b"adding license file 'LICENSE'\n"}
[2.511710] (drone_vision) StdoutLine: {'line': b"writing manifest file '../../build/drone_vision/drone_vision.egg-info/SOURCES.txt'\n"}
[2.511809] (drone_vision) StdoutLine: {'line': b'running build\n'}
[2.511886] (drone_vision) StdoutLine: {'line': b'running build_py\n'}
[2.511932] (drone_vision) StdoutLine: {'line': b'running install\n'}
[2.511974] (drone_vision) StdoutLine: {'line': b'running install_lib\n'}
[2.512923] (drone_vision) StdoutLine: {'line': b'running install_data\n'}
[2.513028] (drone_vision) StdoutLine: {'line': b'running install_egg_info\n'}
[2.514219] (drone_vision) StdoutLine: {'line': b"removing '/home/ccl/Multitask-Drone/install/drone_vision/lib/python3.10/site-packages/drone_vision-0.0.0-py3.10.egg-info' (and everything under it)\n"}
[2.514382] (drone_vision) StdoutLine: {'line': b'Copying ../../build/drone_vision/drone_vision.egg-info to /home/ccl/Multitask-Drone/install/drone_vision/lib/python3.10/site-packages/drone_vision-0.0.0-py3.10.egg-info\n'}
[2.515029] (drone_vision) StdoutLine: {'line': b'running install_scripts\n'}
[2.515409] (drone_controller) JobEnded: {'identifier': 'drone_controller', 'rc': 0}
[2.521531] (-) TimerEvent: {}
[2.532609] (drone_vision) StdoutLine: {'line': b'Installing object_detector script to /home/ccl/Multitask-Drone/install/drone_vision/lib/drone_vision\n'}
[2.533348] (drone_vision) StdoutLine: {'line': b"writing list of installed files to '/home/ccl/Multitask-Drone/build/drone_vision/install.log'\n"}
[2.553314] (drone_vision) CommandEnded: {'returncode': 0}
[2.561005] (drone_vision) JobEnded: {'identifier': 'drone_vision', 'rc': 0}
[2.561926] (-) EventReactorShutdown: {}
