[0.000000] (-) TimerEvent: {}
[0.003809] (drone_interfaces) JobQueued: {'identifier': 'drone_interfaces', 'dependencies': OrderedDict()}
[0.003855] (drone_monitor) JobQueued: {'identifier': 'drone_monitor', 'dependencies': OrderedDict()}
[0.003871] (drone_controller) JobQueued: {'identifier': 'drone_controller', 'dependencies': OrderedDict([('drone_interfaces', '/home/ccl/Multitask-Drone/install/drone_interfaces')])}
[0.003887] (drone_vision) JobQueued: {'identifier': 'drone_vision', 'dependencies': OrderedDict([('drone_interfaces', '/home/ccl/Multitask-Drone/install/drone_interfaces')])}
[0.003903] (drone_interfaces) JobStarted: {'identifier': 'drone_interfaces'}
[0.006556] (drone_monitor) JobStarted: {'identifier': 'drone_monitor'}
[0.019792] (drone_interfaces) JobProgress: {'identifier': 'drone_interfaces', 'progress': 'cmake'}
[0.020448] (drone_interfaces) JobProgress: {'identifier': 'drone_interfaces', 'progress': 'build'}
[0.020946] (drone_interfaces) Command: {'cmd': ['/usr/bin/cmake', '--build', '/home/ccl/Multitask-Drone/build/drone_interfaces', '--', '-j8', '-l8'], 'cwd': '/home/ccl/Multitask-Drone/build/drone_interfaces', 'env': OrderedDict([('GJS_DEBUG_TOPICS', 'JS ERROR;JS LOG'), ('LESSOPEN', '| /usr/bin/lesspipe %s'), ('SVGA_VGPU10', '0'), ('no_proxy', '127.0.0.1, localhost'), ('USER', 'ccl'), ('LC_TIME', 'zh_CN.UTF-8'), ('XDG_SESSION_TYPE', 'wayland'), ('GIT_ASKPASS', '/usr/share/code/resources/app/extensions/git/dist/askpass.sh'), ('SHLVL', '1'), ('LD_LIBRARY_PATH', '/home/ccl/Multitask-Drone/install/drone_interfaces/lib:/opt/ros/humble/opt/rviz_ogre_vendor/lib:/opt/ros/humble/lib/x86_64-linux-gnu:/opt/ros/humble/lib'), ('HOME', '/home/ccl'), ('CHROME_DESKTOP', 'code.desktop'), ('TERM_PROGRAM_VERSION', '1.98.0'), ('DESKTOP_SESSION', 'ubuntu'), ('GIO_LAUNCHED_DESKTOP_FILE', '/usr/share/applications/code.desktop'), ('ROS_PYTHON_VERSION', '3'), ('GNOME_SHELL_SESSION_MODE', 'ubuntu'), ('GTK_MODULES', 'gail:atk-bridge'), ('VSCODE_GIT_ASKPASS_MAIN', '/usr/share/code/resources/app/extensions/git/dist/askpass-main.js'), ('LC_MONETARY', 'zh_CN.UTF-8'), ('VSCODE_GIT_ASKPASS_NODE', '/usr/share/code/code'), ('MANAGERPID', '1158'), ('PYDEVD_DISABLE_FILE_VALIDATION', '1'), ('SYSTEMD_EXEC_PID', '1324'), ('BUNDLED_DEBUGPY_PATH', '/home/ccl/.vscode/extensions/ms-python.debugpy-2025.4.0-linux-x64/bundled/libs/debugpy'), ('IM_CONFIG_CHECK_ENV', '1'), ('DBUS_SESSION_BUS_ADDRESS', 'unix:path=/run/user/1000/bus'), ('COLORTERM', 'truecolor'), ('GIO_LAUNCHED_DESKTOP_FILE_PID', '4580'), ('IM_CONFIG_PHASE', '1'), ('WAYLAND_DISPLAY', 'wayland-0'), ('https_proxy', 'http://192.168.218.1:5555'), ('COLCON_PREFIX_PATH', '/home/ccl/Multitask-Drone/install'), ('ROS_DISTRO', 'humble'), ('GTK_IM_MODULE', 'fcitx'), ('LOGNAME', 'ccl'), ('http_proxy', 'http://192.168.218.1:5555'), ('JOURNAL_STREAM', '8:21923'), ('_', '/usr/bin/colcon'), ('ROS_VERSION', '2'), ('XDG_SESSION_CLASS', 'user'), ('USERNAME', 'ccl'), ('TERM', 'xterm-256color'), ('GNOME_DESKTOP_SESSION_ID', 'this-is-deprecated'), ('ROS_LOCALHOST_ONLY', '0'), ('PATH', '/home/ccl/.local/bin:/opt/ros/humble/bin:/home/ccl/.local/bin:/usr/local/sbin:/usr/local/bin:/usr/sbin:/usr/bin:/sbin:/bin:/usr/games:/usr/local/games:/snap/bin:/snap/bin:/usr/local/go/bin:/home/ccl/.vscode/extensions/ms-python.debugpy-2025.4.0-linux-x64/bundled/scripts/noConfigScripts:/usr/local/go/bin'), ('SESSION_MANAGER', 'local/ubuntu64:@/tmp/.ICE-unix/1286,unix/ubuntu64:/tmp/.ICE-unix/1286'), ('INVOCATION_ID', 'a2df986e80c248b180bb0004ea66587c'), ('XDG_MENU_PREFIX', 'gnome-'), ('LC_ADDRESS', 'zh_CN.UTF-8'), ('GNOME_SETUP_DISPLAY', ':1'), ('XDG_RUNTIME_DIR', '/run/user/1000'), ('GDK_BACKEND', 'x11'), ('DISPLAY', ':0'), ('VSCODE_DEBUGPY_ADAPTER_ENDPOINTS', '/home/ccl/.vscode/extensions/ms-python.debugpy-2025.4.0-linux-x64/.noConfigDebugAdapterEndpoints/endpoint-17a7e6cfd4e60750.txt'), ('LANG', 'en_US.UTF-8'), ('XDG_CURRENT_DESKTOP', 'Unity'), ('LC_TELEPHONE', 'zh_CN.UTF-8'), ('XMODIFIERS', '@im=fcitx'), ('XDG_SESSION_DESKTOP', 'ubuntu'), ('XAUTHORITY', '/run/user/1000/.mutter-Xwaylandauth.SG5222'), ('LS_COLORS', 'rs=0:di=01;34:ln=01;36:mh=00:pi=40;33:so=01;35:do=01;35:bd=40;33;01:cd=40;33;01:or=40;31;01:mi=00:su=37;41:sg=30;43:ca=30;41:tw=30;42:ow=34;42:st=37;44:ex=01;32:*.tar=01;31:*.tgz=01;31:*.arc=01;31:*.arj=01;31:*.taz=01;31:*.lha=01;31:*.lz4=01;31:*.lzh=01;31:*.lzma=01;31:*.tlz=01;31:*.txz=01;31:*.tzo=01;31:*.t7z=01;31:*.zip=01;31:*.z=01;31:*.dz=01;31:*.gz=01;31:*.lrz=01;31:*.lz=01;31:*.lzo=01;31:*.xz=01;31:*.zst=01;31:*.tzst=01;31:*.bz2=01;31:*.bz=01;31:*.tbz=01;31:*.tbz2=01;31:*.tz=01;31:*.deb=01;31:*.rpm=01;31:*.jar=01;31:*.war=01;31:*.ear=01;31:*.sar=01;31:*.rar=01;31:*.alz=01;31:*.ace=01;31:*.zoo=01;31:*.cpio=01;31:*.7z=01;31:*.rz=01;31:*.cab=01;31:*.wim=01;31:*.swm=01;31:*.dwm=01;31:*.esd=01;31:*.jpg=01;35:*.jpeg=01;35:*.mjpg=01;35:*.mjpeg=01;35:*.gif=01;35:*.bmp=01;35:*.pbm=01;35:*.pgm=01;35:*.ppm=01;35:*.tga=01;35:*.xbm=01;35:*.xpm=01;35:*.tif=01;35:*.tiff=01;35:*.png=01;35:*.svg=01;35:*.svgz=01;35:*.mng=01;35:*.pcx=01;35:*.mov=01;35:*.mpg=01;35:*.mpeg=01;35:*.m2v=01;35:*.mkv=01;35:*.webm=01;35:*.webp=01;35:*.ogm=01;35:*.mp4=01;35:*.m4v=01;35:*.mp4v=01;35:*.vob=01;35:*.qt=01;35:*.nuv=01;35:*.wmv=01;35:*.asf=01;35:*.rm=01;35:*.rmvb=01;35:*.flc=01;35:*.avi=01;35:*.fli=01;35:*.flv=01;35:*.gl=01;35:*.dl=01;35:*.xcf=01;35:*.xwd=01;35:*.yuv=01;35:*.cgm=01;35:*.emf=01;35:*.ogv=01;35:*.ogx=01;35:*.aac=00;36:*.au=00;36:*.flac=00;36:*.m4a=00;36:*.mid=00;36:*.midi=00;36:*.mka=00;36:*.mp3=00;36:*.mpc=00;36:*.ogg=00;36:*.ra=00;36:*.wav=00;36:*.oga=00;36:*.opus=00;36:*.spx=00;36:*.xspf=00;36:'), ('VSCODE_GIT_IPC_HANDLE', '/run/user/1000/vscode-git-9d2c69e155.sock'), ('TERM_PROGRAM', 'vscode'), ('SSH_AGENT_LAUNCHER', 'gnome-keyring'), ('SSH_AUTH_SOCK', '/run/user/1000/keyring/ssh'), ('AMENT_PREFIX_PATH', '/home/ccl/Multitask-Drone/install/drone_vision:/home/ccl/Multitask-Drone/install/drone_monitor:/home/ccl/Multitask-Drone/install/drone_controller:/home/ccl/Multitask-Drone/install/drone_interfaces:/opt/ros/humble'), ('QUIC_GO_LOG_LEVEL', 'debug'), ('ORIGINAL_XDG_CURRENT_DESKTOP', 'ubuntu:GNOME'), ('SHELL', '/bin/bash'), ('LC_NAME', 'zh_CN.UTF-8'), ('QT_ACCESSIBILITY', '1'), ('GDMSESSION', 'ubuntu'), ('LESSCLOSE', '/usr/bin/lesspipe %s %s'), ('LC_MEASUREMENT', 'zh_CN.UTF-8'), ('GJS_DEBUG_OUTPUT', 'stderr'), ('LC_IDENTIFICATION', 'zh_CN.UTF-8'), ('VSCODE_GIT_ASKPASS_EXTRA_ARGS', ''), ('QT_IM_MODULE', 'fcitx'), ('PWD', '/home/ccl/Multitask-Drone/build/drone_interfaces'), ('LC_ALL', 'en_US.UTF-8'), ('XDG_CONFIG_DIRS', '/etc/xdg/xdg-ubuntu:/etc/xdg'), ('CLUTTER_IM_MODULE', 'xim'), ('XDG_DATA_DIRS', '/usr/share/ubuntu:/usr/local/share/:/usr/share/:/var/lib/snapd/desktop'), ('PYTHONPATH', '/home/ccl/Multitask-Drone/install/drone_vision/lib/python3.10/site-packages:/home/ccl/Multitask-Drone/install/drone_monitor/lib/python3.10/site-packages:/home/ccl/Multitask-Drone/install/drone_controller/lib/python3.10/site-packages:/home/ccl/Multitask-Drone/install/drone_interfaces/local/lib/python3.10/dist-packages:/opt/ros/humble/lib/python3.10/site-packages:/opt/ros/humble/local/lib/python3.10/dist-packages'), ('LC_NUMERIC', 'zh_CN.UTF-8'), ('LC_PAPER', 'zh_CN.UTF-8'), ('COLCON', '1'), ('CMAKE_PREFIX_PATH', '/home/ccl/Multitask-Drone/install/drone_interfaces:/home/ccl/Multitask-Drone/install/drone_vision:/home/ccl/Multitask-Drone/install/drone_monitor:/home/ccl/Multitask-Drone/install/drone_controller:/opt/ros/humble')]), 'shell': False}
[0.100001] (-) TimerEvent: {}
[0.147755] (drone_interfaces) StdoutLine: {'line': b'[  1%] Built target drone_interfaces__cpp\n'}
[0.199990] (drone_interfaces) StdoutLine: {'line': b'[  1%] Built target ament_cmake_python_copy_drone_interfaces\n'}
[0.200147] (-) TimerEvent: {}
[0.251925] (drone_interfaces) StdoutLine: {'line': b'[ 12%] Built target drone_interfaces__rosidl_typesupport_introspection_cpp\n'}
[0.301822] (-) TimerEvent: {}
[0.402090] (-) TimerEvent: {}
[0.501873] (drone_interfaces) StdoutLine: {'line': b'running egg_info\n'}
[0.502026] (drone_interfaces) StdoutLine: {'line': b'writing drone_interfaces.egg-info/PKG-INFO\n'}
[0.502076] (drone_interfaces) StdoutLine: {'line': b'writing dependency_links to drone_interfaces.egg-info/dependency_links.txt\n'}
[0.502128] (-) TimerEvent: {}
[0.502211] (drone_interfaces) StdoutLine: {'line': b'writing top-level names to drone_interfaces.egg-info/top_level.txt\n'}
[0.502262] (drone_interfaces) StdoutLine: {'line': b"reading manifest file 'drone_interfaces.egg-info/SOURCES.txt'\n"}
[0.502304] (drone_interfaces) StdoutLine: {'line': b"writing manifest file 'drone_interfaces.egg-info/SOURCES.txt'\n"}
[0.523331] (drone_interfaces) StdoutLine: {'line': b'[ 12%] Built target ament_cmake_python_build_drone_interfaces_egg\n'}
[0.581262] (drone_interfaces) StdoutLine: {'line': b'[ 24%] Built target drone_interfaces__rosidl_typesupport_fastrtps_cpp\n'}
[0.602569] (-) TimerEvent: {}
[0.626402] (drone_interfaces) StdoutLine: {'line': b'[ 35%] Built target drone_interfaces__rosidl_typesupport_cpp\n'}
[0.676457] (drone_monitor) Command: {'cmd': ['/usr/bin/python3', '-W', 'ignore:setup.py install is deprecated', '-W', 'ignore:easy_install command is deprecated', 'setup.py', 'egg_info', '--egg-base', '../../build/drone_monitor', 'build', '--build-base', '/home/ccl/Multitask-Drone/build/drone_monitor/build', 'install', '--record', '/home/ccl/Multitask-Drone/build/drone_monitor/install.log', '--single-version-externally-managed', 'install_data'], 'cwd': '/home/ccl/Multitask-Drone/src/drone_monitor', 'env': {'GJS_DEBUG_TOPICS': 'JS ERROR;JS LOG', 'LESSOPEN': '| /usr/bin/lesspipe %s', 'SVGA_VGPU10': '0', 'no_proxy': '127.0.0.1, localhost', 'USER': 'ccl', 'LC_TIME': 'zh_CN.UTF-8', 'XDG_SESSION_TYPE': 'wayland', 'GIT_ASKPASS': '/usr/share/code/resources/app/extensions/git/dist/askpass.sh', 'SHLVL': '1', 'LD_LIBRARY_PATH': '/home/ccl/Multitask-Drone/install/drone_interfaces/lib:/opt/ros/humble/opt/rviz_ogre_vendor/lib:/opt/ros/humble/lib/x86_64-linux-gnu:/opt/ros/humble/lib', 'HOME': '/home/ccl', 'CHROME_DESKTOP': 'code.desktop', 'TERM_PROGRAM_VERSION': '1.98.0', 'DESKTOP_SESSION': 'ubuntu', 'GIO_LAUNCHED_DESKTOP_FILE': '/usr/share/applications/code.desktop', 'ROS_PYTHON_VERSION': '3', 'GNOME_SHELL_SESSION_MODE': 'ubuntu', 'GTK_MODULES': 'gail:atk-bridge', 'VSCODE_GIT_ASKPASS_MAIN': '/usr/share/code/resources/app/extensions/git/dist/askpass-main.js', 'LC_MONETARY': 'zh_CN.UTF-8', 'VSCODE_GIT_ASKPASS_NODE': '/usr/share/code/code', 'MANAGERPID': '1158', 'PYDEVD_DISABLE_FILE_VALIDATION': '1', 'SYSTEMD_EXEC_PID': '1324', 'BUNDLED_DEBUGPY_PATH': '/home/ccl/.vscode/extensions/ms-python.debugpy-2025.4.0-linux-x64/bundled/libs/debugpy', 'IM_CONFIG_CHECK_ENV': '1', 'DBUS_SESSION_BUS_ADDRESS': 'unix:path=/run/user/1000/bus', 'COLORTERM': 'truecolor', 'GIO_LAUNCHED_DESKTOP_FILE_PID': '4580', 'IM_CONFIG_PHASE': '1', 'WAYLAND_DISPLAY': 'wayland-0', 'https_proxy': 'http://192.168.218.1:5555', 'COLCON_PREFIX_PATH': '/home/ccl/Multitask-Drone/install', 'ROS_DISTRO': 'humble', 'GTK_IM_MODULE': 'fcitx', 'LOGNAME': 'ccl', 'http_proxy': 'http://192.168.218.1:5555', 'JOURNAL_STREAM': '8:21923', '_': '/usr/bin/colcon', 'ROS_VERSION': '2', 'XDG_SESSION_CLASS': 'user', 'USERNAME': 'ccl', 'TERM': 'xterm-256color', 'GNOME_DESKTOP_SESSION_ID': 'this-is-deprecated', 'ROS_LOCALHOST_ONLY': '0', 'PATH': '/home/ccl/.local/bin:/opt/ros/humble/bin:/home/ccl/.local/bin:/usr/local/sbin:/usr/local/bin:/usr/sbin:/usr/bin:/sbin:/bin:/usr/games:/usr/local/games:/snap/bin:/snap/bin:/usr/local/go/bin:/home/ccl/.vscode/extensions/ms-python.debugpy-2025.4.0-linux-x64/bundled/scripts/noConfigScripts:/usr/local/go/bin', 'SESSION_MANAGER': 'local/ubuntu64:@/tmp/.ICE-unix/1286,unix/ubuntu64:/tmp/.ICE-unix/1286', 'INVOCATION_ID': 'a2df986e80c248b180bb0004ea66587c', 'XDG_MENU_PREFIX': 'gnome-', 'LC_ADDRESS': 'zh_CN.UTF-8', 'GNOME_SETUP_DISPLAY': ':1', 'XDG_RUNTIME_DIR': '/run/user/1000', 'GDK_BACKEND': 'x11', 'DISPLAY': ':0', 'VSCODE_DEBUGPY_ADAPTER_ENDPOINTS': '/home/ccl/.vscode/extensions/ms-python.debugpy-2025.4.0-linux-x64/.noConfigDebugAdapterEndpoints/endpoint-17a7e6cfd4e60750.txt', 'LANG': 'en_US.UTF-8', 'XDG_CURRENT_DESKTOP': 'Unity', 'LC_TELEPHONE': 'zh_CN.UTF-8', 'XMODIFIERS': '@im=fcitx', 'XDG_SESSION_DESKTOP': 'ubuntu', 'XAUTHORITY': '/run/user/1000/.mutter-Xwaylandauth.SG5222', 'LS_COLORS': 'rs=0:di=01;34:ln=01;36:mh=00:pi=40;33:so=01;35:do=01;35:bd=40;33;01:cd=40;33;01:or=40;31;01:mi=00:su=37;41:sg=30;43:ca=30;41:tw=30;42:ow=34;42:st=37;44:ex=01;32:*.tar=01;31:*.tgz=01;31:*.arc=01;31:*.arj=01;31:*.taz=01;31:*.lha=01;31:*.lz4=01;31:*.lzh=01;31:*.lzma=01;31:*.tlz=01;31:*.txz=01;31:*.tzo=01;31:*.t7z=01;31:*.zip=01;31:*.z=01;31:*.dz=01;31:*.gz=01;31:*.lrz=01;31:*.lz=01;31:*.lzo=01;31:*.xz=01;31:*.zst=01;31:*.tzst=01;31:*.bz2=01;31:*.bz=01;31:*.tbz=01;31:*.tbz2=01;31:*.tz=01;31:*.deb=01;31:*.rpm=01;31:*.jar=01;31:*.war=01;31:*.ear=01;31:*.sar=01;31:*.rar=01;31:*.alz=01;31:*.ace=01;31:*.zoo=01;31:*.cpio=01;31:*.7z=01;31:*.rz=01;31:*.cab=01;31:*.wim=01;31:*.swm=01;31:*.dwm=01;31:*.esd=01;31:*.jpg=01;35:*.jpeg=01;35:*.mjpg=01;35:*.mjpeg=01;35:*.gif=01;35:*.bmp=01;35:*.pbm=01;35:*.pgm=01;35:*.ppm=01;35:*.tga=01;35:*.xbm=01;35:*.xpm=01;35:*.tif=01;35:*.tiff=01;35:*.png=01;35:*.svg=01;35:*.svgz=01;35:*.mng=01;35:*.pcx=01;35:*.mov=01;35:*.mpg=01;35:*.mpeg=01;35:*.m2v=01;35:*.mkv=01;35:*.webm=01;35:*.webp=01;35:*.ogm=01;35:*.mp4=01;35:*.m4v=01;35:*.mp4v=01;35:*.vob=01;35:*.qt=01;35:*.nuv=01;35:*.wmv=01;35:*.asf=01;35:*.rm=01;35:*.rmvb=01;35:*.flc=01;35:*.avi=01;35:*.fli=01;35:*.flv=01;35:*.gl=01;35:*.dl=01;35:*.xcf=01;35:*.xwd=01;35:*.yuv=01;35:*.cgm=01;35:*.emf=01;35:*.ogv=01;35:*.ogx=01;35:*.aac=00;36:*.au=00;36:*.flac=00;36:*.m4a=00;36:*.mid=00;36:*.midi=00;36:*.mka=00;36:*.mp3=00;36:*.mpc=00;36:*.ogg=00;36:*.ra=00;36:*.wav=00;36:*.oga=00;36:*.opus=00;36:*.spx=00;36:*.xspf=00;36:', 'VSCODE_GIT_IPC_HANDLE': '/run/user/1000/vscode-git-9d2c69e155.sock', 'TERM_PROGRAM': 'vscode', 'SSH_AGENT_LAUNCHER': 'gnome-keyring', 'SSH_AUTH_SOCK': '/run/user/1000/keyring/ssh', 'AMENT_PREFIX_PATH': '/home/ccl/Multitask-Drone/install/drone_vision:/home/ccl/Multitask-Drone/install/drone_monitor:/home/ccl/Multitask-Drone/install/drone_controller:/home/ccl/Multitask-Drone/install/drone_interfaces:/opt/ros/humble', 'QUIC_GO_LOG_LEVEL': 'debug', 'ORIGINAL_XDG_CURRENT_DESKTOP': 'ubuntu:GNOME', 'SHELL': '/bin/bash', 'LC_NAME': 'zh_CN.UTF-8', 'QT_ACCESSIBILITY': '1', 'GDMSESSION': 'ubuntu', 'LESSCLOSE': '/usr/bin/lesspipe %s %s', 'LC_MEASUREMENT': 'zh_CN.UTF-8', 'GJS_DEBUG_OUTPUT': 'stderr', 'LC_IDENTIFICATION': 'zh_CN.UTF-8', 'VSCODE_GIT_ASKPASS_EXTRA_ARGS': '', 'QT_IM_MODULE': 'fcitx', 'PWD': '/home/ccl/Multitask-Drone/build/drone_monitor', 'LC_ALL': 'en_US.UTF-8', 'XDG_CONFIG_DIRS': '/etc/xdg/xdg-ubuntu:/etc/xdg', 'CLUTTER_IM_MODULE': 'xim', 'XDG_DATA_DIRS': '/usr/share/ubuntu:/usr/local/share/:/usr/share/:/var/lib/snapd/desktop', 'PYTHONPATH': '/home/ccl/Multitask-Drone/build/drone_monitor/prefix_override:/usr/lib/python3/dist-packages/colcon_core/task/python/colcon_distutils_commands:/home/ccl/Multitask-Drone/install/drone_monitor/lib/python3.10/site-packages:/home/ccl/Multitask-Drone/install/drone_vision/lib/python3.10/site-packages:/home/ccl/Multitask-Drone/install/drone_monitor/lib/python3.10/site-packages:/home/ccl/Multitask-Drone/install/drone_controller/lib/python3.10/site-packages:/home/ccl/Multitask-Drone/install/drone_interfaces/local/lib/python3.10/dist-packages:/opt/ros/humble/lib/python3.10/site-packages:/opt/ros/humble/local/lib/python3.10/dist-packages', 'LC_NUMERIC': 'zh_CN.UTF-8', 'LC_PAPER': 'zh_CN.UTF-8', 'COLCON': '1', 'CMAKE_PREFIX_PATH': '/home/ccl/Multitask-Drone/install/drone_interfaces'}, 'shell': False}
[0.678339] (drone_interfaces) StdoutLine: {'line': b'[ 47%] Built target drone_interfaces__rosidl_generator_c\n'}
[0.705857] (-) TimerEvent: {}
[0.725839] (drone_interfaces) StdoutLine: {'line': b'[ 58%] Built target drone_interfaces__rosidl_typesupport_fastrtps_c\n'}
[0.774883] (drone_interfaces) StdoutLine: {'line': b'[ 70%] Built target drone_interfaces__rosidl_typesupport_c\n'}
[0.805946] (-) TimerEvent: {}
[0.817510] (drone_interfaces) StdoutLine: {'line': b'[ 82%] Built target drone_interfaces__rosidl_typesupport_introspection_c\n'}
[0.854899] (drone_interfaces) StdoutLine: {'line': b'[ 82%] Built target drone_interfaces\n'}
[0.890435] (drone_interfaces) StdoutLine: {'line': b'[ 83%] Built target drone_interfaces__py\n'}
[0.906828] (-) TimerEvent: {}
[0.942408] (drone_interfaces) StdoutLine: {'line': b'[ 93%] Built target drone_interfaces__rosidl_generator_py\n'}
[0.942823] (drone_monitor) StdoutLine: {'line': b'running egg_info\n'}
[0.944537] (drone_monitor) StdoutLine: {'line': b'writing ../../build/drone_monitor/drone_monitor.egg-info/PKG-INFO\n'}
[0.944782] (drone_monitor) StdoutLine: {'line': b'writing dependency_links to ../../build/drone_monitor/drone_monitor.egg-info/dependency_links.txt\n'}
[0.944932] (drone_monitor) StdoutLine: {'line': b'writing entry points to ../../build/drone_monitor/drone_monitor.egg-info/entry_points.txt\n'}
[0.945083] (drone_monitor) StdoutLine: {'line': b'writing requirements to ../../build/drone_monitor/drone_monitor.egg-info/requires.txt\n'}
[0.945307] (drone_monitor) StdoutLine: {'line': b'writing top-level names to ../../build/drone_monitor/drone_monitor.egg-info/top_level.txt\n'}
[0.946619] (drone_monitor) StdoutLine: {'line': b"reading manifest file '../../build/drone_monitor/drone_monitor.egg-info/SOURCES.txt'\n"}
[0.946824] (drone_monitor) StdoutLine: {'line': b"adding license file 'LICENSE'\n"}
[0.948417] (drone_monitor) StdoutLine: {'line': b"writing manifest file '../../build/drone_monitor/drone_monitor.egg-info/SOURCES.txt'\n"}
[0.948611] (drone_monitor) StdoutLine: {'line': b'running build\n'}
[0.948740] (drone_monitor) StdoutLine: {'line': b'running build_py\n'}
[0.948859] (drone_monitor) StdoutLine: {'line': b'running install\n'}
[0.949170] (drone_monitor) StdoutLine: {'line': b'running install_lib\n'}
[0.949704] (drone_monitor) StdoutLine: {'line': b'running install_data\n'}
[0.949806] (drone_monitor) StdoutLine: {'line': b'running install_egg_info\n'}
[0.950783] (drone_monitor) StdoutLine: {'line': b"removing '/home/ccl/Multitask-Drone/install/drone_monitor/lib/python3.10/site-packages/drone_monitor-0.0.0-py3.10.egg-info' (and everything under it)\n"}
[0.952958] (drone_monitor) StdoutLine: {'line': b'Copying ../../build/drone_monitor/drone_monitor.egg-info to /home/ccl/Multitask-Drone/install/drone_monitor/lib/python3.10/site-packages/drone_monitor-0.0.0-py3.10.egg-info\n'}
[0.957839] (drone_monitor) StdoutLine: {'line': b'running install_scripts\n'}
[0.976187] (drone_monitor) StdoutLine: {'line': b"writing list of installed files to '/home/ccl/Multitask-Drone/build/drone_monitor/install.log'\n"}
[0.986565] (drone_interfaces) StdoutLine: {'line': b'[ 95%] Built target drone_interfaces__rosidl_typesupport_fastrtps_c__pyext\n'}
[1.004263] (drone_monitor) CommandEnded: {'returncode': 0}
[1.007022] (-) TimerEvent: {}
[1.016766] (drone_monitor) JobEnded: {'identifier': 'drone_monitor', 'rc': 0}
[1.017419] (drone_interfaces) StdoutLine: {'line': b'[ 97%] Built target drone_interfaces__rosidl_typesupport_c__pyext\n'}
[1.053420] (drone_interfaces) StdoutLine: {'line': b'[100%] Built target drone_interfaces__rosidl_typesupport_introspection_c__pyext\n'}
[1.073792] (drone_interfaces) CommandEnded: {'returncode': 0}
[1.074257] (drone_interfaces) JobProgress: {'identifier': 'drone_interfaces', 'progress': 'install'}
[1.085213] (drone_interfaces) Command: {'cmd': ['/usr/bin/cmake', '--install', '/home/ccl/Multitask-Drone/build/drone_interfaces'], 'cwd': '/home/ccl/Multitask-Drone/build/drone_interfaces', 'env': OrderedDict([('GJS_DEBUG_TOPICS', 'JS ERROR;JS LOG'), ('LESSOPEN', '| /usr/bin/lesspipe %s'), ('SVGA_VGPU10', '0'), ('no_proxy', '127.0.0.1, localhost'), ('USER', 'ccl'), ('LC_TIME', 'zh_CN.UTF-8'), ('XDG_SESSION_TYPE', 'wayland'), ('GIT_ASKPASS', '/usr/share/code/resources/app/extensions/git/dist/askpass.sh'), ('SHLVL', '1'), ('LD_LIBRARY_PATH', '/home/ccl/Multitask-Drone/install/drone_interfaces/lib:/opt/ros/humble/opt/rviz_ogre_vendor/lib:/opt/ros/humble/lib/x86_64-linux-gnu:/opt/ros/humble/lib'), ('HOME', '/home/ccl'), ('CHROME_DESKTOP', 'code.desktop'), ('TERM_PROGRAM_VERSION', '1.98.0'), ('DESKTOP_SESSION', 'ubuntu'), ('GIO_LAUNCHED_DESKTOP_FILE', '/usr/share/applications/code.desktop'), ('ROS_PYTHON_VERSION', '3'), ('GNOME_SHELL_SESSION_MODE', 'ubuntu'), ('GTK_MODULES', 'gail:atk-bridge'), ('VSCODE_GIT_ASKPASS_MAIN', '/usr/share/code/resources/app/extensions/git/dist/askpass-main.js'), ('LC_MONETARY', 'zh_CN.UTF-8'), ('VSCODE_GIT_ASKPASS_NODE', '/usr/share/code/code'), ('MANAGERPID', '1158'), ('PYDEVD_DISABLE_FILE_VALIDATION', '1'), ('SYSTEMD_EXEC_PID', '1324'), ('BUNDLED_DEBUGPY_PATH', '/home/ccl/.vscode/extensions/ms-python.debugpy-2025.4.0-linux-x64/bundled/libs/debugpy'), ('IM_CONFIG_CHECK_ENV', '1'), ('DBUS_SESSION_BUS_ADDRESS', 'unix:path=/run/user/1000/bus'), ('COLORTERM', 'truecolor'), ('GIO_LAUNCHED_DESKTOP_FILE_PID', '4580'), ('IM_CONFIG_PHASE', '1'), ('WAYLAND_DISPLAY', 'wayland-0'), ('https_proxy', 'http://192.168.218.1:5555'), ('COLCON_PREFIX_PATH', '/home/ccl/Multitask-Drone/install'), ('ROS_DISTRO', 'humble'), ('GTK_IM_MODULE', 'fcitx'), ('LOGNAME', 'ccl'), ('http_proxy', 'http://192.168.218.1:5555'), ('JOURNAL_STREAM', '8:21923'), ('_', '/usr/bin/colcon'), ('ROS_VERSION', '2'), ('XDG_SESSION_CLASS', 'user'), ('USERNAME', 'ccl'), ('TERM', 'xterm-256color'), ('GNOME_DESKTOP_SESSION_ID', 'this-is-deprecated'), ('ROS_LOCALHOST_ONLY', '0'), ('PATH', '/home/ccl/.local/bin:/opt/ros/humble/bin:/home/ccl/.local/bin:/usr/local/sbin:/usr/local/bin:/usr/sbin:/usr/bin:/sbin:/bin:/usr/games:/usr/local/games:/snap/bin:/snap/bin:/usr/local/go/bin:/home/ccl/.vscode/extensions/ms-python.debugpy-2025.4.0-linux-x64/bundled/scripts/noConfigScripts:/usr/local/go/bin'), ('SESSION_MANAGER', 'local/ubuntu64:@/tmp/.ICE-unix/1286,unix/ubuntu64:/tmp/.ICE-unix/1286'), ('INVOCATION_ID', 'a2df986e80c248b180bb0004ea66587c'), ('XDG_MENU_PREFIX', 'gnome-'), ('LC_ADDRESS', 'zh_CN.UTF-8'), ('GNOME_SETUP_DISPLAY', ':1'), ('XDG_RUNTIME_DIR', '/run/user/1000'), ('GDK_BACKEND', 'x11'), ('DISPLAY', ':0'), ('VSCODE_DEBUGPY_ADAPTER_ENDPOINTS', '/home/ccl/.vscode/extensions/ms-python.debugpy-2025.4.0-linux-x64/.noConfigDebugAdapterEndpoints/endpoint-17a7e6cfd4e60750.txt'), ('LANG', 'en_US.UTF-8'), ('XDG_CURRENT_DESKTOP', 'Unity'), ('LC_TELEPHONE', 'zh_CN.UTF-8'), ('XMODIFIERS', '@im=fcitx'), ('XDG_SESSION_DESKTOP', 'ubuntu'), ('XAUTHORITY', '/run/user/1000/.mutter-Xwaylandauth.SG5222'), ('LS_COLORS', 'rs=0:di=01;34:ln=01;36:mh=00:pi=40;33:so=01;35:do=01;35:bd=40;33;01:cd=40;33;01:or=40;31;01:mi=00:su=37;41:sg=30;43:ca=30;41:tw=30;42:ow=34;42:st=37;44:ex=01;32:*.tar=01;31:*.tgz=01;31:*.arc=01;31:*.arj=01;31:*.taz=01;31:*.lha=01;31:*.lz4=01;31:*.lzh=01;31:*.lzma=01;31:*.tlz=01;31:*.txz=01;31:*.tzo=01;31:*.t7z=01;31:*.zip=01;31:*.z=01;31:*.dz=01;31:*.gz=01;31:*.lrz=01;31:*.lz=01;31:*.lzo=01;31:*.xz=01;31:*.zst=01;31:*.tzst=01;31:*.bz2=01;31:*.bz=01;31:*.tbz=01;31:*.tbz2=01;31:*.tz=01;31:*.deb=01;31:*.rpm=01;31:*.jar=01;31:*.war=01;31:*.ear=01;31:*.sar=01;31:*.rar=01;31:*.alz=01;31:*.ace=01;31:*.zoo=01;31:*.cpio=01;31:*.7z=01;31:*.rz=01;31:*.cab=01;31:*.wim=01;31:*.swm=01;31:*.dwm=01;31:*.esd=01;31:*.jpg=01;35:*.jpeg=01;35:*.mjpg=01;35:*.mjpeg=01;35:*.gif=01;35:*.bmp=01;35:*.pbm=01;35:*.pgm=01;35:*.ppm=01;35:*.tga=01;35:*.xbm=01;35:*.xpm=01;35:*.tif=01;35:*.tiff=01;35:*.png=01;35:*.svg=01;35:*.svgz=01;35:*.mng=01;35:*.pcx=01;35:*.mov=01;35:*.mpg=01;35:*.mpeg=01;35:*.m2v=01;35:*.mkv=01;35:*.webm=01;35:*.webp=01;35:*.ogm=01;35:*.mp4=01;35:*.m4v=01;35:*.mp4v=01;35:*.vob=01;35:*.qt=01;35:*.nuv=01;35:*.wmv=01;35:*.asf=01;35:*.rm=01;35:*.rmvb=01;35:*.flc=01;35:*.avi=01;35:*.fli=01;35:*.flv=01;35:*.gl=01;35:*.dl=01;35:*.xcf=01;35:*.xwd=01;35:*.yuv=01;35:*.cgm=01;35:*.emf=01;35:*.ogv=01;35:*.ogx=01;35:*.aac=00;36:*.au=00;36:*.flac=00;36:*.m4a=00;36:*.mid=00;36:*.midi=00;36:*.mka=00;36:*.mp3=00;36:*.mpc=00;36:*.ogg=00;36:*.ra=00;36:*.wav=00;36:*.oga=00;36:*.opus=00;36:*.spx=00;36:*.xspf=00;36:'), ('VSCODE_GIT_IPC_HANDLE', '/run/user/1000/vscode-git-9d2c69e155.sock'), ('TERM_PROGRAM', 'vscode'), ('SSH_AGENT_LAUNCHER', 'gnome-keyring'), ('SSH_AUTH_SOCK', '/run/user/1000/keyring/ssh'), ('AMENT_PREFIX_PATH', '/home/ccl/Multitask-Drone/install/drone_vision:/home/ccl/Multitask-Drone/install/drone_monitor:/home/ccl/Multitask-Drone/install/drone_controller:/home/ccl/Multitask-Drone/install/drone_interfaces:/opt/ros/humble'), ('QUIC_GO_LOG_LEVEL', 'debug'), ('ORIGINAL_XDG_CURRENT_DESKTOP', 'ubuntu:GNOME'), ('SHELL', '/bin/bash'), ('LC_NAME', 'zh_CN.UTF-8'), ('QT_ACCESSIBILITY', '1'), ('GDMSESSION', 'ubuntu'), ('LESSCLOSE', '/usr/bin/lesspipe %s %s'), ('LC_MEASUREMENT', 'zh_CN.UTF-8'), ('GJS_DEBUG_OUTPUT', 'stderr'), ('LC_IDENTIFICATION', 'zh_CN.UTF-8'), ('VSCODE_GIT_ASKPASS_EXTRA_ARGS', ''), ('QT_IM_MODULE', 'fcitx'), ('PWD', '/home/ccl/Multitask-Drone/build/drone_interfaces'), ('LC_ALL', 'en_US.UTF-8'), ('XDG_CONFIG_DIRS', '/etc/xdg/xdg-ubuntu:/etc/xdg'), ('CLUTTER_IM_MODULE', 'xim'), ('XDG_DATA_DIRS', '/usr/share/ubuntu:/usr/local/share/:/usr/share/:/var/lib/snapd/desktop'), ('PYTHONPATH', '/home/ccl/Multitask-Drone/install/drone_vision/lib/python3.10/site-packages:/home/ccl/Multitask-Drone/install/drone_monitor/lib/python3.10/site-packages:/home/ccl/Multitask-Drone/install/drone_controller/lib/python3.10/site-packages:/home/ccl/Multitask-Drone/install/drone_interfaces/local/lib/python3.10/dist-packages:/opt/ros/humble/lib/python3.10/site-packages:/opt/ros/humble/local/lib/python3.10/dist-packages'), ('LC_NUMERIC', 'zh_CN.UTF-8'), ('LC_PAPER', 'zh_CN.UTF-8'), ('COLCON', '1'), ('CMAKE_PREFIX_PATH', '/home/ccl/Multitask-Drone/install/drone_interfaces:/home/ccl/Multitask-Drone/install/drone_vision:/home/ccl/Multitask-Drone/install/drone_monitor:/home/ccl/Multitask-Drone/install/drone_controller:/opt/ros/humble')]), 'shell': False}
[1.097437] (drone_interfaces) StdoutLine: {'line': b'-- Install configuration: ""\n'}
[1.097594] (drone_interfaces) StdoutLine: {'line': b'-- Up-to-date: /home/ccl/Multitask-Drone/install/drone_interfaces/share/ament_index/resource_index/rosidl_interfaces/drone_interfaces\n'}
[1.097646] (drone_interfaces) StdoutLine: {'line': b'-- Up-to-date: /home/ccl/Multitask-Drone/install/drone_interfaces/include/drone_interfaces/drone_interfaces\n'}
[1.097689] (drone_interfaces) StdoutLine: {'line': b'-- Up-to-date: /home/ccl/Multitask-Drone/install/drone_interfaces/include/drone_interfaces/drone_interfaces/msg\n'}
[1.097732] (drone_interfaces) StdoutLine: {'line': b'-- Up-to-date: /home/ccl/Multitask-Drone/install/drone_interfaces/include/drone_interfaces/drone_interfaces/msg/yaw.h\n'}
[1.097985] (drone_interfaces) StdoutLine: {'line': b'-- Up-to-date: /home/ccl/Multitask-Drone/install/drone_interfaces/include/drone_interfaces/drone_interfaces/msg/rosidl_generator_c__visibility_control.h\n'}
[1.098037] (drone_interfaces) StdoutLine: {'line': b'-- Up-to-date: /home/ccl/Multitask-Drone/install/drone_interfaces/include/drone_interfaces/drone_interfaces/msg/task_state.h\n'}
[1.098078] (drone_interfaces) StdoutLine: {'line': b'-- Up-to-date: /home/ccl/Multitask-Drone/install/drone_interfaces/include/drone_interfaces/drone_interfaces/msg/task.h\n'}
[1.098118] (drone_interfaces) StdoutLine: {'line': b'-- Up-to-date: /home/ccl/Multitask-Drone/install/drone_interfaces/include/drone_interfaces/drone_interfaces/msg/detail\n'}
[1.098158] (drone_interfaces) StdoutLine: {'line': b'-- Up-to-date: /home/ccl/Multitask-Drone/install/drone_interfaces/include/drone_interfaces/drone_interfaces/msg/detail/panel_box__functions.h\n'}
[1.098199] (drone_interfaces) StdoutLine: {'line': b'-- Up-to-date: /home/ccl/Multitask-Drone/install/drone_interfaces/include/drone_interfaces/drone_interfaces/msg/detail/raw_waypoint__struct.h\n'}
[1.098238] (drone_interfaces) StdoutLine: {'line': b'-- Up-to-date: /home/ccl/Multitask-Drone/install/drone_interfaces/include/drone_interfaces/drone_interfaces/msg/detail/task__functions.c\n'}
[1.098290] (drone_interfaces) StdoutLine: {'line': b'-- Up-to-date: /home/ccl/Multitask-Drone/install/drone_interfaces/include/drone_interfaces/drone_interfaces/msg/detail/task__functions.h\n'}
[1.098330] (drone_interfaces) StdoutLine: {'line': b'-- Up-to-date: /home/ccl/Multitask-Drone/install/drone_interfaces/include/drone_interfaces/drone_interfaces/msg/detail/task__struct.h\n'}
[1.098370] (drone_interfaces) StdoutLine: {'line': b'-- Up-to-date: /home/ccl/Multitask-Drone/install/drone_interfaces/include/drone_interfaces/drone_interfaces/msg/detail/task_state__type_support.h\n'}
[1.098413] (drone_interfaces) StdoutLine: {'line': b'-- Up-to-date: /home/ccl/Multitask-Drone/install/drone_interfaces/include/drone_interfaces/drone_interfaces/msg/detail/task_state__struct.h\n'}
[1.098452] (drone_interfaces) StdoutLine: {'line': b'-- Up-to-date: /home/ccl/Multitask-Drone/install/drone_interfaces/include/drone_interfaces/drone_interfaces/msg/detail/yaw__struct.h\n'}
[1.098491] (drone_interfaces) StdoutLine: {'line': b'-- Up-to-date: /home/ccl/Multitask-Drone/install/drone_interfaces/include/drone_interfaces/drone_interfaces/msg/detail/yaw__functions.c\n'}
[1.098529] (drone_interfaces) StdoutLine: {'line': b'-- Up-to-date: /home/ccl/Multitask-Drone/install/drone_interfaces/include/drone_interfaces/drone_interfaces/msg/detail/task_state__functions.h\n'}
[1.098568] (drone_interfaces) StdoutLine: {'line': b'-- Up-to-date: /home/ccl/Multitask-Drone/install/drone_interfaces/include/drone_interfaces/drone_interfaces/msg/detail/yaw__functions.h\n'}
[1.098606] (drone_interfaces) StdoutLine: {'line': b'-- Up-to-date: /home/ccl/Multitask-Drone/install/drone_interfaces/include/drone_interfaces/drone_interfaces/msg/detail/yaw__type_support.h\n'}
[1.098646] (drone_interfaces) StdoutLine: {'line': b'-- Up-to-date: /home/ccl/Multitask-Drone/install/drone_interfaces/include/drone_interfaces/drone_interfaces/msg/detail/raw_waypoint__functions.h\n'}
[1.098691] (drone_interfaces) StdoutLine: {'line': b'-- Up-to-date: /home/ccl/Multitask-Drone/install/drone_interfaces/include/drone_interfaces/drone_interfaces/msg/detail/raw_waypoint__type_support.h\n'}
[1.098729] (drone_interfaces) StdoutLine: {'line': b'-- Up-to-date: /home/ccl/Multitask-Drone/install/drone_interfaces/include/drone_interfaces/drone_interfaces/msg/detail/panel_box__functions.c\n'}
[1.098777] (drone_interfaces) StdoutLine: {'line': b'-- Up-to-date: /home/ccl/Multitask-Drone/install/drone_interfaces/include/drone_interfaces/drone_interfaces/msg/detail/task_state__functions.c\n'}
[1.098819] (drone_interfaces) StdoutLine: {'line': b'-- Up-to-date: /home/ccl/Multitask-Drone/install/drone_interfaces/include/drone_interfaces/drone_interfaces/msg/detail/panel_box__struct.h\n'}
[1.098857] (drone_interfaces) StdoutLine: {'line': b'-- Up-to-date: /home/ccl/Multitask-Drone/install/drone_interfaces/include/drone_interfaces/drone_interfaces/msg/detail/panel_box__type_support.h\n'}
[1.098895] (drone_interfaces) StdoutLine: {'line': b'-- Up-to-date: /home/ccl/Multitask-Drone/install/drone_interfaces/include/drone_interfaces/drone_interfaces/msg/detail/raw_waypoint__functions.c\n'}
[1.098933] (drone_interfaces) StdoutLine: {'line': b'-- Up-to-date: /home/ccl/Multitask-Drone/install/drone_interfaces/include/drone_interfaces/drone_interfaces/msg/detail/task__type_support.h\n'}
[1.098973] (drone_interfaces) StdoutLine: {'line': b'-- Up-to-date: /home/ccl/Multitask-Drone/install/drone_interfaces/include/drone_interfaces/drone_interfaces/msg/raw_waypoint.h\n'}
[1.099944] (drone_interfaces) StdoutLine: {'line': b'-- Up-to-date: /home/ccl/Multitask-Drone/install/drone_interfaces/include/drone_interfaces/drone_interfaces/msg/panel_box.h\n'}
[1.099991] (drone_interfaces) StdoutLine: {'line': b'-- Up-to-date: /home/ccl/Multitask-Drone/install/drone_interfaces/include/drone_interfaces/drone_interfaces/action\n'}
[1.100033] (drone_interfaces) StdoutLine: {'line': b'-- Up-to-date: /home/ccl/Multitask-Drone/install/drone_interfaces/include/drone_interfaces/drone_interfaces/action/execute_waypoint.h\n'}
[1.100073] (drone_interfaces) StdoutLine: {'line': b'-- Up-to-date: /home/ccl/Multitask-Drone/install/drone_interfaces/include/drone_interfaces/drone_interfaces/action/detail\n'}
[1.100113] (drone_interfaces) StdoutLine: {'line': b'-- Up-to-date: /home/ccl/Multitask-Drone/install/drone_interfaces/include/drone_interfaces/drone_interfaces/action/detail/execute_waypoint__functions.c\n'}
[1.100154] (drone_interfaces) StdoutLine: {'line': b'-- Up-to-date: /home/ccl/Multitask-Drone/install/drone_interfaces/include/drone_interfaces/drone_interfaces/action/detail/execute_waypoint__struct.h\n'}
[1.100199] (drone_interfaces) StdoutLine: {'line': b'-- Up-to-date: /home/ccl/Multitask-Drone/install/drone_interfaces/include/drone_interfaces/drone_interfaces/action/detail/execute_waypoint__type_support.h\n'}
[1.100239] (drone_interfaces) StdoutLine: {'line': b'-- Up-to-date: /home/ccl/Multitask-Drone/install/drone_interfaces/include/drone_interfaces/drone_interfaces/action/detail/execute_waypoint__functions.h\n'}
[1.100279] (drone_interfaces) StdoutLine: {'line': b'-- Up-to-date: /home/ccl/Multitask-Drone/install/drone_interfaces/include/drone_interfaces/drone_interfaces/srv\n'}
[1.100318] (drone_interfaces) StdoutLine: {'line': b'-- Up-to-date: /home/ccl/Multitask-Drone/install/drone_interfaces/include/drone_interfaces/drone_interfaces/srv/yolo_request.h\n'}
[1.100358] (drone_interfaces) StdoutLine: {'line': b'-- Up-to-date: /home/ccl/Multitask-Drone/install/drone_interfaces/include/drone_interfaces/drone_interfaces/srv/task_push.h\n'}
[1.100397] (drone_interfaces) StdoutLine: {'line': b'-- Up-to-date: /home/ccl/Multitask-Drone/install/drone_interfaces/include/drone_interfaces/drone_interfaces/srv/detail\n'}
[1.100436] (drone_interfaces) StdoutLine: {'line': b'-- Up-to-date: /home/ccl/Multitask-Drone/install/drone_interfaces/include/drone_interfaces/drone_interfaces/srv/detail/task_push__struct.h\n'}
[1.100475] (drone_interfaces) StdoutLine: {'line': b'-- Up-to-date: /home/ccl/Multitask-Drone/install/drone_interfaces/include/drone_interfaces/drone_interfaces/srv/detail/yolo_request__functions.c\n'}
[1.100515] (drone_interfaces) StdoutLine: {'line': b'-- Up-to-date: /home/ccl/Multitask-Drone/install/drone_interfaces/include/drone_interfaces/drone_interfaces/srv/detail/task_dispatch__type_support.h\n'}
[1.100556] (drone_interfaces) StdoutLine: {'line': b'-- Up-to-date: /home/ccl/Multitask-Drone/install/drone_interfaces/include/drone_interfaces/drone_interfaces/srv/detail/task_dispatch__struct.h\n'}
[1.100595] (drone_interfaces) StdoutLine: {'line': b'-- Up-to-date: /home/ccl/Multitask-Drone/install/drone_interfaces/include/drone_interfaces/drone_interfaces/srv/detail/task_dispatch__functions.h\n'}
[1.100634] (drone_interfaces) StdoutLine: {'line': b'-- Up-to-date: /home/ccl/Multitask-Drone/install/drone_interfaces/include/drone_interfaces/drone_interfaces/srv/detail/yolo_request__functions.h\n'}
[1.100672] (drone_interfaces) StdoutLine: {'line': b'-- Up-to-date: /home/ccl/Multitask-Drone/install/drone_interfaces/include/drone_interfaces/drone_interfaces/srv/detail/yolo_request__type_support.h\n'}
[1.100710] (drone_interfaces) StdoutLine: {'line': b'-- Up-to-date: /home/ccl/Multitask-Drone/install/drone_interfaces/include/drone_interfaces/drone_interfaces/srv/detail/task_push__type_support.h\n'}
[1.100748] (drone_interfaces) StdoutLine: {'line': b'-- Up-to-date: /home/ccl/Multitask-Drone/install/drone_interfaces/include/drone_interfaces/drone_interfaces/srv/detail/task_push__functions.c\n'}
[1.100805] (drone_interfaces) StdoutLine: {'line': b'-- Up-to-date: /home/ccl/Multitask-Drone/install/drone_interfaces/include/drone_interfaces/drone_interfaces/srv/detail/task_push__functions.h\n'}
[1.100850] (drone_interfaces) StdoutLine: {'line': b'-- Up-to-date: /home/ccl/Multitask-Drone/install/drone_interfaces/include/drone_interfaces/drone_interfaces/srv/detail/task_dispatch__functions.c\n'}
[1.100888] (drone_interfaces) StdoutLine: {'line': b'-- Up-to-date: /home/ccl/Multitask-Drone/install/drone_interfaces/include/drone_interfaces/drone_interfaces/srv/detail/yolo_request__struct.h\n'}
[1.100927] (drone_interfaces) StdoutLine: {'line': b'-- Up-to-date: /home/ccl/Multitask-Drone/install/drone_interfaces/include/drone_interfaces/drone_interfaces/srv/task_dispatch.h\n'}
[1.100965] (drone_interfaces) StdoutLine: {'line': b'-- Up-to-date: /home/ccl/Multitask-Drone/install/drone_interfaces/share/drone_interfaces/environment/library_path.sh\n'}
[1.101004] (drone_interfaces) StdoutLine: {'line': b'-- Up-to-date: /home/ccl/Multitask-Drone/install/drone_interfaces/share/drone_interfaces/environment/library_path.dsv\n'}
[1.101044] (drone_interfaces) StdoutLine: {'line': b'-- Up-to-date: /home/ccl/Multitask-Drone/install/drone_interfaces/lib/libdrone_interfaces__rosidl_generator_c.so\n'}
[1.101082] (drone_interfaces) StdoutLine: {'line': b'-- Up-to-date: /home/ccl/Multitask-Drone/install/drone_interfaces/include/drone_interfaces/drone_interfaces\n'}
[1.101119] (drone_interfaces) StdoutLine: {'line': b'-- Up-to-date: /home/ccl/Multitask-Drone/install/drone_interfaces/include/drone_interfaces/drone_interfaces/msg\n'}
[1.101158] (drone_interfaces) StdoutLine: {'line': b'-- Up-to-date: /home/ccl/Multitask-Drone/install/drone_interfaces/include/drone_interfaces/drone_interfaces/msg/rosidl_typesupport_fastrtps_c__visibility_control.h\n'}
[1.101198] (drone_interfaces) StdoutLine: {'line': b'-- Up-to-date: /home/ccl/Multitask-Drone/install/drone_interfaces/include/drone_interfaces/drone_interfaces/msg/detail\n'}
[1.101236] (drone_interfaces) StdoutLine: {'line': b'-- Up-to-date: /home/ccl/Multitask-Drone/install/drone_interfaces/include/drone_interfaces/drone_interfaces/msg/detail/raw_waypoint__rosidl_typesupport_fastrtps_c.h\n'}
[1.101274] (drone_interfaces) StdoutLine: {'line': b'-- Up-to-date: /home/ccl/Multitask-Drone/install/drone_interfaces/include/drone_interfaces/drone_interfaces/msg/detail/panel_box__rosidl_typesupport_fastrtps_c.h\n'}
[1.101343] (drone_interfaces) StdoutLine: {'line': b'-- Up-to-date: /home/ccl/Multitask-Drone/install/drone_interfaces/include/drone_interfaces/drone_interfaces/msg/detail/task_state__rosidl_typesupport_fastrtps_c.h\n'}
[1.101386] (drone_interfaces) StdoutLine: {'line': b'-- Up-to-date: /home/ccl/Multitask-Drone/install/drone_interfaces/include/drone_interfaces/drone_interfaces/msg/detail/yaw__rosidl_typesupport_fastrtps_c.h\n'}
[1.101426] (drone_interfaces) StdoutLine: {'line': b'-- Up-to-date: /home/ccl/Multitask-Drone/install/drone_interfaces/include/drone_interfaces/drone_interfaces/msg/detail/task__rosidl_typesupport_fastrtps_c.h\n'}
[1.101467] (drone_interfaces) StdoutLine: {'line': b'-- Up-to-date: /home/ccl/Multitask-Drone/install/drone_interfaces/include/drone_interfaces/drone_interfaces/action\n'}
[1.101509] (drone_interfaces) StdoutLine: {'line': b'-- Up-to-date: /home/ccl/Multitask-Drone/install/drone_interfaces/include/drone_interfaces/drone_interfaces/action/detail\n'}
[1.101548] (drone_interfaces) StdoutLine: {'line': b'-- Up-to-date: /home/ccl/Multitask-Drone/install/drone_interfaces/include/drone_interfaces/drone_interfaces/action/detail/execute_waypoint__rosidl_typesupport_fastrtps_c.h\n'}
[1.101587] (drone_interfaces) StdoutLine: {'line': b'-- Up-to-date: /home/ccl/Multitask-Drone/install/drone_interfaces/include/drone_interfaces/drone_interfaces/srv\n'}
[1.101627] (drone_interfaces) StdoutLine: {'line': b'-- Up-to-date: /home/ccl/Multitask-Drone/install/drone_interfaces/include/drone_interfaces/drone_interfaces/srv/detail\n'}
[1.101666] (drone_interfaces) StdoutLine: {'line': b'-- Up-to-date: /home/ccl/Multitask-Drone/install/drone_interfaces/include/drone_interfaces/drone_interfaces/srv/detail/yolo_request__rosidl_typesupport_fastrtps_c.h\n'}
[1.101706] (drone_interfaces) StdoutLine: {'line': b'-- Up-to-date: /home/ccl/Multitask-Drone/install/drone_interfaces/include/drone_interfaces/drone_interfaces/srv/detail/task_dispatch__rosidl_typesupport_fastrtps_c.h\n'}
[1.101744] (drone_interfaces) StdoutLine: {'line': b'-- Up-to-date: /home/ccl/Multitask-Drone/install/drone_interfaces/include/drone_interfaces/drone_interfaces/srv/detail/task_push__rosidl_typesupport_fastrtps_c.h\n'}
[1.104200] (drone_interfaces) StdoutLine: {'line': b'-- Up-to-date: /home/ccl/Multitask-Drone/install/drone_interfaces/lib/libdrone_interfaces__rosidl_typesupport_fastrtps_c.so\n'}
[1.104264] (drone_interfaces) StdoutLine: {'line': b'-- Up-to-date: /home/ccl/Multitask-Drone/install/drone_interfaces/include/drone_interfaces/drone_interfaces\n'}
[1.104309] (drone_interfaces) StdoutLine: {'line': b'-- Up-to-date: /home/ccl/Multitask-Drone/install/drone_interfaces/include/drone_interfaces/drone_interfaces/msg\n'}
[1.104356] (drone_interfaces) StdoutLine: {'line': b'-- Up-to-date: /home/ccl/Multitask-Drone/install/drone_interfaces/include/drone_interfaces/drone_interfaces/msg/rosidl_typesupport_introspection_c__visibility_control.h\n'}
[1.104397] (drone_interfaces) StdoutLine: {'line': b'-- Up-to-date: /home/ccl/Multitask-Drone/install/drone_interfaces/include/drone_interfaces/drone_interfaces/msg/detail\n'}
[1.104437] (drone_interfaces) StdoutLine: {'line': b'-- Up-to-date: /home/ccl/Multitask-Drone/install/drone_interfaces/include/drone_interfaces/drone_interfaces/msg/detail/task__type_support.c\n'}
[1.104476] (drone_interfaces) StdoutLine: {'line': b'-- Up-to-date: /home/ccl/Multitask-Drone/install/drone_interfaces/include/drone_interfaces/drone_interfaces/msg/detail/raw_waypoint__rosidl_typesupport_introspection_c.h\n'}
[1.104523] (drone_interfaces) StdoutLine: {'line': b'-- Up-to-date: /home/ccl/Multitask-Drone/install/drone_interfaces/include/drone_interfaces/drone_interfaces/msg/detail/task_state__type_support.c\n'}
[1.104563] (drone_interfaces) StdoutLine: {'line': b'-- Up-to-date: /home/ccl/Multitask-Drone/install/drone_interfaces/include/drone_interfaces/drone_interfaces/msg/detail/task__rosidl_typesupport_introspection_c.h\n'}
[1.104603] (drone_interfaces) StdoutLine: {'line': b'-- Up-to-date: /home/ccl/Multitask-Drone/install/drone_interfaces/include/drone_interfaces/drone_interfaces/msg/detail/yaw__type_support.c\n'}
[1.104642] (drone_interfaces) StdoutLine: {'line': b'-- Up-to-date: /home/ccl/Multitask-Drone/install/drone_interfaces/include/drone_interfaces/drone_interfaces/msg/detail/task_state__rosidl_typesupport_introspection_c.h\n'}
[1.104680] (drone_interfaces) StdoutLine: {'line': b'-- Up-to-date: /home/ccl/Multitask-Drone/install/drone_interfaces/include/drone_interfaces/drone_interfaces/msg/detail/yaw__rosidl_typesupport_introspection_c.h\n'}
[1.104719] (drone_interfaces) StdoutLine: {'line': b'-- Up-to-date: /home/ccl/Multitask-Drone/install/drone_interfaces/include/drone_interfaces/drone_interfaces/msg/detail/panel_box__rosidl_typesupport_introspection_c.h\n'}
[1.104758] (drone_interfaces) StdoutLine: {'line': b'-- Up-to-date: /home/ccl/Multitask-Drone/install/drone_interfaces/include/drone_interfaces/drone_interfaces/msg/detail/panel_box__type_support.c\n'}
[1.104812] (drone_interfaces) StdoutLine: {'line': b'-- Up-to-date: /home/ccl/Multitask-Drone/install/drone_interfaces/include/drone_interfaces/drone_interfaces/msg/detail/raw_waypoint__type_support.c\n'}
[1.104852] (drone_interfaces) StdoutLine: {'line': b'-- Up-to-date: /home/ccl/Multitask-Drone/install/drone_interfaces/include/drone_interfaces/drone_interfaces/action\n'}
[1.104890] (drone_interfaces) StdoutLine: {'line': b'-- Up-to-date: /home/ccl/Multitask-Drone/install/drone_interfaces/include/drone_interfaces/drone_interfaces/action/detail\n'}
[1.104929] (drone_interfaces) StdoutLine: {'line': b'-- Up-to-date: /home/ccl/Multitask-Drone/install/drone_interfaces/include/drone_interfaces/drone_interfaces/action/detail/execute_waypoint__rosidl_typesupport_introspection_c.h\n'}
[1.104968] (drone_interfaces) StdoutLine: {'line': b'-- Up-to-date: /home/ccl/Multitask-Drone/install/drone_interfaces/include/drone_interfaces/drone_interfaces/action/detail/execute_waypoint__type_support.c\n'}
[1.105010] (drone_interfaces) StdoutLine: {'line': b'-- Up-to-date: /home/ccl/Multitask-Drone/install/drone_interfaces/include/drone_interfaces/drone_interfaces/srv\n'}
[1.105048] (drone_interfaces) StdoutLine: {'line': b'-- Up-to-date: /home/ccl/Multitask-Drone/install/drone_interfaces/include/drone_interfaces/drone_interfaces/srv/detail\n'}
[1.105086] (drone_interfaces) StdoutLine: {'line': b'-- Up-to-date: /home/ccl/Multitask-Drone/install/drone_interfaces/include/drone_interfaces/drone_interfaces/srv/detail/yolo_request__type_support.c\n'}
[1.105124] (drone_interfaces) StdoutLine: {'line': b'-- Up-to-date: /home/ccl/Multitask-Drone/install/drone_interfaces/include/drone_interfaces/drone_interfaces/srv/detail/task_dispatch__type_support.c\n'}
[1.105166] (drone_interfaces) StdoutLine: {'line': b'-- Up-to-date: /home/ccl/Multitask-Drone/install/drone_interfaces/include/drone_interfaces/drone_interfaces/srv/detail/task_push__rosidl_typesupport_introspection_c.h\n'}
[1.105204] (drone_interfaces) StdoutLine: {'line': b'-- Up-to-date: /home/ccl/Multitask-Drone/install/drone_interfaces/include/drone_interfaces/drone_interfaces/srv/detail/task_dispatch__rosidl_typesupport_introspection_c.h\n'}
[1.105243] (drone_interfaces) StdoutLine: {'line': b'-- Up-to-date: /home/ccl/Multitask-Drone/install/drone_interfaces/include/drone_interfaces/drone_interfaces/srv/detail/task_push__type_support.c\n'}
[1.105284] (drone_interfaces) StdoutLine: {'line': b'-- Up-to-date: /home/ccl/Multitask-Drone/install/drone_interfaces/include/drone_interfaces/drone_interfaces/srv/detail/yolo_request__rosidl_typesupport_introspection_c.h\n'}
[1.105353] (drone_interfaces) StdoutLine: {'line': b'-- Up-to-date: /home/ccl/Multitask-Drone/install/drone_interfaces/lib/libdrone_interfaces__rosidl_typesupport_introspection_c.so\n'}
[1.105396] (drone_interfaces) StdoutLine: {'line': b'-- Up-to-date: /home/ccl/Multitask-Drone/install/drone_interfaces/lib/libdrone_interfaces__rosidl_typesupport_c.so\n'}
[1.105437] (drone_interfaces) StdoutLine: {'line': b'-- Up-to-date: /home/ccl/Multitask-Drone/install/drone_interfaces/include/drone_interfaces/drone_interfaces\n'}
[1.105476] (drone_interfaces) StdoutLine: {'line': b'-- Up-to-date: /home/ccl/Multitask-Drone/install/drone_interfaces/include/drone_interfaces/drone_interfaces/msg\n'}
[1.105515] (drone_interfaces) StdoutLine: {'line': b'-- Up-to-date: /home/ccl/Multitask-Drone/install/drone_interfaces/include/drone_interfaces/drone_interfaces/msg/task_state.hpp\n'}
[1.105554] (drone_interfaces) StdoutLine: {'line': b'-- Up-to-date: /home/ccl/Multitask-Drone/install/drone_interfaces/include/drone_interfaces/drone_interfaces/msg/raw_waypoint.hpp\n'}
[1.105593] (drone_interfaces) StdoutLine: {'line': b'-- Up-to-date: /home/ccl/Multitask-Drone/install/drone_interfaces/include/drone_interfaces/drone_interfaces/msg/rosidl_generator_cpp__visibility_control.hpp\n'}
[1.105632] (drone_interfaces) StdoutLine: {'line': b'-- Up-to-date: /home/ccl/Multitask-Drone/install/drone_interfaces/include/drone_interfaces/drone_interfaces/msg/panel_box.hpp\n'}
[1.105675] (drone_interfaces) StdoutLine: {'line': b'-- Up-to-date: /home/ccl/Multitask-Drone/install/drone_interfaces/include/drone_interfaces/drone_interfaces/msg/yaw.hpp\n'}
[1.105714] (drone_interfaces) StdoutLine: {'line': b'-- Up-to-date: /home/ccl/Multitask-Drone/install/drone_interfaces/include/drone_interfaces/drone_interfaces/msg/detail\n'}
[1.105752] (drone_interfaces) StdoutLine: {'line': b'-- Up-to-date: /home/ccl/Multitask-Drone/install/drone_interfaces/include/drone_interfaces/drone_interfaces/msg/detail/panel_box__traits.hpp\n'}
[1.105802] (drone_interfaces) StdoutLine: {'line': b'-- Up-to-date: /home/ccl/Multitask-Drone/install/drone_interfaces/include/drone_interfaces/drone_interfaces/msg/detail/task_state__type_support.hpp\n'}
[1.105848] (drone_interfaces) StdoutLine: {'line': b'-- Up-to-date: /home/ccl/Multitask-Drone/install/drone_interfaces/include/drone_interfaces/drone_interfaces/msg/detail/yaw__builder.hpp\n'}
[1.105887] (drone_interfaces) StdoutLine: {'line': b'-- Up-to-date: /home/ccl/Multitask-Drone/install/drone_interfaces/include/drone_interfaces/drone_interfaces/msg/detail/yaw__type_support.hpp\n'}
[1.105926] (drone_interfaces) StdoutLine: {'line': b'-- Up-to-date: /home/ccl/Multitask-Drone/install/drone_interfaces/include/drone_interfaces/drone_interfaces/msg/detail/raw_waypoint__struct.hpp\n'}
[1.105965] (drone_interfaces) StdoutLine: {'line': b'-- Up-to-date: /home/ccl/Multitask-Drone/install/drone_interfaces/include/drone_interfaces/drone_interfaces/msg/detail/task__struct.hpp\n'}
[1.106004] (drone_interfaces) StdoutLine: {'line': b'-- Up-to-date: /home/ccl/Multitask-Drone/install/drone_interfaces/include/drone_interfaces/drone_interfaces/msg/detail/task__builder.hpp\n'}
[1.106045] (drone_interfaces) StdoutLine: {'line': b'-- Up-to-date: /home/ccl/Multitask-Drone/install/drone_interfaces/include/drone_interfaces/drone_interfaces/msg/detail/raw_waypoint__type_support.hpp\n'}
[1.106084] (drone_interfaces) StdoutLine: {'line': b'-- Up-to-date: /home/ccl/Multitask-Drone/install/drone_interfaces/include/drone_interfaces/drone_interfaces/msg/detail/raw_waypoint__builder.hpp\n'}
[1.106123] (drone_interfaces) StdoutLine: {'line': b'-- Up-to-date: /home/ccl/Multitask-Drone/install/drone_interfaces/include/drone_interfaces/drone_interfaces/msg/detail/task_state__struct.hpp\n'}
[1.106163] (drone_interfaces) StdoutLine: {'line': b'-- Up-to-date: /home/ccl/Multitask-Drone/install/drone_interfaces/include/drone_interfaces/drone_interfaces/msg/detail/task__traits.hpp\n'}
[1.106202] (drone_interfaces) StdoutLine: {'line': b'-- Up-to-date: /home/ccl/Multitask-Drone/install/drone_interfaces/include/drone_interfaces/drone_interfaces/msg/detail/raw_waypoint__traits.hpp\n'}
[1.106241] (drone_interfaces) StdoutLine: {'line': b'-- Up-to-date: /home/ccl/Multitask-Drone/install/drone_interfaces/include/drone_interfaces/drone_interfaces/msg/detail/panel_box__type_support.hpp\n'}
[1.106281] (drone_interfaces) StdoutLine: {'line': b'-- Up-to-date: /home/ccl/Multitask-Drone/install/drone_interfaces/include/drone_interfaces/drone_interfaces/msg/detail/task__type_support.hpp\n'}
[1.106320] (drone_interfaces) StdoutLine: {'line': b'-- Up-to-date: /home/ccl/Multitask-Drone/install/drone_interfaces/include/drone_interfaces/drone_interfaces/msg/detail/panel_box__struct.hpp\n'}
[1.106359] (drone_interfaces) StdoutLine: {'line': b'-- Up-to-date: /home/ccl/Multitask-Drone/install/drone_interfaces/include/drone_interfaces/drone_interfaces/msg/detail/panel_box__builder.hpp\n'}
[1.106397] (drone_interfaces) StdoutLine: {'line': b'-- Up-to-date: /home/ccl/Multitask-Drone/install/drone_interfaces/include/drone_interfaces/drone_interfaces/msg/detail/task_state__traits.hpp\n'}
[1.106435] (drone_interfaces) StdoutLine: {'line': b'-- Up-to-date: /home/ccl/Multitask-Drone/install/drone_interfaces/include/drone_interfaces/drone_interfaces/msg/detail/task_state__builder.hpp\n'}
[1.106475] (drone_interfaces) StdoutLine: {'line': b'-- Up-to-date: /home/ccl/Multitask-Drone/install/drone_interfaces/include/drone_interfaces/drone_interfaces/msg/detail/yaw__traits.hpp\n'}
[1.106514] (drone_interfaces) StdoutLine: {'line': b'-- Up-to-date: /home/ccl/Multitask-Drone/install/drone_interfaces/include/drone_interfaces/drone_interfaces/msg/detail/yaw__struct.hpp\n'}
[1.106552] (drone_interfaces) StdoutLine: {'line': b'-- Up-to-date: /home/ccl/Multitask-Drone/install/drone_interfaces/include/drone_interfaces/drone_interfaces/msg/task.hpp\n'}
[1.106590] (drone_interfaces) StdoutLine: {'line': b'-- Up-to-date: /home/ccl/Multitask-Drone/install/drone_interfaces/include/drone_interfaces/drone_interfaces/action\n'}
[1.106628] (drone_interfaces) StdoutLine: {'line': b'-- Up-to-date: /home/ccl/Multitask-Drone/install/drone_interfaces/include/drone_interfaces/drone_interfaces/action/execute_waypoint.hpp\n'}
[1.106667] (drone_interfaces) StdoutLine: {'line': b'-- Up-to-date: /home/ccl/Multitask-Drone/install/drone_interfaces/include/drone_interfaces/drone_interfaces/action/detail\n'}
[1.106707] (drone_interfaces) StdoutLine: {'line': b'-- Up-to-date: /home/ccl/Multitask-Drone/install/drone_interfaces/include/drone_interfaces/drone_interfaces/action/detail/execute_waypoint__type_support.hpp\n'}
[1.106746] (drone_interfaces) StdoutLine: {'line': b'-- Up-to-date: /home/ccl/Multitask-Drone/install/drone_interfaces/include/drone_interfaces/drone_interfaces/action/detail/execute_waypoint__builder.hpp\n'}
[1.106793] (drone_interfaces) StdoutLine: {'line': b'-- Up-to-date: /home/ccl/Multitask-Drone/install/drone_interfaces/include/drone_interfaces/drone_interfaces/action/detail/execute_waypoint__traits.hpp\n'}
[1.106834] (drone_interfaces) StdoutLine: {'line': b'-- Up-to-date: /home/ccl/Multitask-Drone/install/drone_interfaces/include/drone_interfaces/drone_interfaces/action/detail/execute_waypoint__struct.hpp\n'}
[1.106881] (drone_interfaces) StdoutLine: {'line': b'-- Up-to-date: /home/ccl/Multitask-Drone/install/drone_interfaces/include/drone_interfaces/drone_interfaces/srv\n'}
[1.106920] (drone_interfaces) StdoutLine: {'line': b'-- Up-to-date: /home/ccl/Multitask-Drone/install/drone_interfaces/include/drone_interfaces/drone_interfaces/srv/task_push.hpp\n'}
[1.106959] (drone_interfaces) StdoutLine: {'line': b'-- Up-to-date: /home/ccl/Multitask-Drone/install/drone_interfaces/include/drone_interfaces/drone_interfaces/srv/task_dispatch.hpp\n'}
[1.106998] (drone_interfaces) StdoutLine: {'line': b'-- Up-to-date: /home/ccl/Multitask-Drone/install/drone_interfaces/include/drone_interfaces/drone_interfaces/srv/yolo_request.hpp\n'}
[1.107035] (-) TimerEvent: {}
[1.110466] (drone_interfaces) StdoutLine: {'line': b'-- Up-to-date: /home/ccl/Multitask-Drone/install/drone_interfaces/include/drone_interfaces/drone_interfaces/srv/detail\n'}
[1.110622] (drone_interfaces) StdoutLine: {'line': b'-- Up-to-date: /home/ccl/Multitask-Drone/install/drone_interfaces/include/drone_interfaces/drone_interfaces/srv/detail/yolo_request__traits.hpp\n'}
[1.110670] (drone_interfaces) StdoutLine: {'line': b'-- Up-to-date: /home/ccl/Multitask-Drone/install/drone_interfaces/include/drone_interfaces/drone_interfaces/srv/detail/yolo_request__builder.hpp\n'}
[1.110716] (drone_interfaces) StdoutLine: {'line': b'-- Up-to-date: /home/ccl/Multitask-Drone/install/drone_interfaces/include/drone_interfaces/drone_interfaces/srv/detail/task_dispatch__builder.hpp\n'}
[1.110757] (drone_interfaces) StdoutLine: {'line': b'-- Up-to-date: /home/ccl/Multitask-Drone/install/drone_interfaces/include/drone_interfaces/drone_interfaces/srv/detail/task_push__type_support.hpp\n'}
[1.110831] (drone_interfaces) StdoutLine: {'line': b'-- Up-to-date: /home/ccl/Multitask-Drone/install/drone_interfaces/include/drone_interfaces/drone_interfaces/srv/detail/task_dispatch__struct.hpp\n'}
[1.110881] (drone_interfaces) StdoutLine: {'line': b'-- Up-to-date: /home/ccl/Multitask-Drone/install/drone_interfaces/include/drone_interfaces/drone_interfaces/srv/detail/task_dispatch__traits.hpp\n'}
[1.110923] (drone_interfaces) StdoutLine: {'line': b'-- Up-to-date: /home/ccl/Multitask-Drone/install/drone_interfaces/include/drone_interfaces/drone_interfaces/srv/detail/task_push__builder.hpp\n'}
[1.110965] (drone_interfaces) StdoutLine: {'line': b'-- Up-to-date: /home/ccl/Multitask-Drone/install/drone_interfaces/include/drone_interfaces/drone_interfaces/srv/detail/yolo_request__type_support.hpp\n'}
[1.111005] (drone_interfaces) StdoutLine: {'line': b'-- Up-to-date: /home/ccl/Multitask-Drone/install/drone_interfaces/include/drone_interfaces/drone_interfaces/srv/detail/yolo_request__struct.hpp\n'}
[1.111047] (drone_interfaces) StdoutLine: {'line': b'-- Up-to-date: /home/ccl/Multitask-Drone/install/drone_interfaces/include/drone_interfaces/drone_interfaces/srv/detail/task_push__struct.hpp\n'}
[1.111088] (drone_interfaces) StdoutLine: {'line': b'-- Up-to-date: /home/ccl/Multitask-Drone/install/drone_interfaces/include/drone_interfaces/drone_interfaces/srv/detail/task_dispatch__type_support.hpp\n'}
[1.111128] (drone_interfaces) StdoutLine: {'line': b'-- Up-to-date: /home/ccl/Multitask-Drone/install/drone_interfaces/include/drone_interfaces/drone_interfaces/srv/detail/task_push__traits.hpp\n'}
[1.111198] (drone_interfaces) StdoutLine: {'line': b'-- Up-to-date: /home/ccl/Multitask-Drone/install/drone_interfaces/include/drone_interfaces/drone_interfaces\n'}
[1.111244] (drone_interfaces) StdoutLine: {'line': b'-- Up-to-date: /home/ccl/Multitask-Drone/install/drone_interfaces/include/drone_interfaces/drone_interfaces/msg\n'}
[1.111287] (drone_interfaces) StdoutLine: {'line': b'-- Up-to-date: /home/ccl/Multitask-Drone/install/drone_interfaces/include/drone_interfaces/drone_interfaces/msg/rosidl_typesupport_fastrtps_cpp__visibility_control.h\n'}
[1.111329] (drone_interfaces) StdoutLine: {'line': b'-- Up-to-date: /home/ccl/Multitask-Drone/install/drone_interfaces/include/drone_interfaces/drone_interfaces/msg/detail\n'}
[1.111373] (drone_interfaces) StdoutLine: {'line': b'-- Up-to-date: /home/ccl/Multitask-Drone/install/drone_interfaces/include/drone_interfaces/drone_interfaces/msg/detail/panel_box__rosidl_typesupport_fastrtps_cpp.hpp\n'}
[1.111413] (drone_interfaces) StdoutLine: {'line': b'-- Up-to-date: /home/ccl/Multitask-Drone/install/drone_interfaces/include/drone_interfaces/drone_interfaces/msg/detail/task__rosidl_typesupport_fastrtps_cpp.hpp\n'}
[1.111453] (drone_interfaces) StdoutLine: {'line': b'-- Up-to-date: /home/ccl/Multitask-Drone/install/drone_interfaces/include/drone_interfaces/drone_interfaces/msg/detail/yaw__rosidl_typesupport_fastrtps_cpp.hpp\n'}
[1.111493] (drone_interfaces) StdoutLine: {'line': b'-- Up-to-date: /home/ccl/Multitask-Drone/install/drone_interfaces/include/drone_interfaces/drone_interfaces/msg/detail/dds_fastrtps\n'}
[1.111534] (drone_interfaces) StdoutLine: {'line': b'-- Up-to-date: /home/ccl/Multitask-Drone/install/drone_interfaces/include/drone_interfaces/drone_interfaces/msg/detail/task_state__rosidl_typesupport_fastrtps_cpp.hpp\n'}
[1.111574] (drone_interfaces) StdoutLine: {'line': b'-- Up-to-date: /home/ccl/Multitask-Drone/install/drone_interfaces/include/drone_interfaces/drone_interfaces/msg/detail/raw_waypoint__rosidl_typesupport_fastrtps_cpp.hpp\n'}
[1.111613] (drone_interfaces) StdoutLine: {'line': b'-- Up-to-date: /home/ccl/Multitask-Drone/install/drone_interfaces/include/drone_interfaces/drone_interfaces/action\n'}
[1.111655] (drone_interfaces) StdoutLine: {'line': b'-- Up-to-date: /home/ccl/Multitask-Drone/install/drone_interfaces/include/drone_interfaces/drone_interfaces/action/detail\n'}
[1.111711] (drone_interfaces) StdoutLine: {'line': b'-- Up-to-date: /home/ccl/Multitask-Drone/install/drone_interfaces/include/drone_interfaces/drone_interfaces/action/detail/execute_waypoint__rosidl_typesupport_fastrtps_cpp.hpp\n'}
[1.111751] (drone_interfaces) StdoutLine: {'line': b'-- Up-to-date: /home/ccl/Multitask-Drone/install/drone_interfaces/include/drone_interfaces/drone_interfaces/action/detail/dds_fastrtps\n'}
[1.111801] (drone_interfaces) StdoutLine: {'line': b'-- Up-to-date: /home/ccl/Multitask-Drone/install/drone_interfaces/include/drone_interfaces/drone_interfaces/srv\n'}
[1.111841] (drone_interfaces) StdoutLine: {'line': b'-- Up-to-date: /home/ccl/Multitask-Drone/install/drone_interfaces/include/drone_interfaces/drone_interfaces/srv/detail\n'}
[1.112199] (drone_interfaces) StdoutLine: {'line': b'-- Up-to-date: /home/ccl/Multitask-Drone/install/drone_interfaces/include/drone_interfaces/drone_interfaces/srv/detail/yolo_request__rosidl_typesupport_fastrtps_cpp.hpp\n'}
[1.112257] (drone_interfaces) StdoutLine: {'line': b'-- Up-to-date: /home/ccl/Multitask-Drone/install/drone_interfaces/include/drone_interfaces/drone_interfaces/srv/detail/task_dispatch__rosidl_typesupport_fastrtps_cpp.hpp\n'}
[1.112299] (drone_interfaces) StdoutLine: {'line': b'-- Up-to-date: /home/ccl/Multitask-Drone/install/drone_interfaces/include/drone_interfaces/drone_interfaces/srv/detail/dds_fastrtps\n'}
[1.112339] (drone_interfaces) StdoutLine: {'line': b'-- Up-to-date: /home/ccl/Multitask-Drone/install/drone_interfaces/include/drone_interfaces/drone_interfaces/srv/detail/task_push__rosidl_typesupport_fastrtps_cpp.hpp\n'}
[1.112386] (drone_interfaces) StdoutLine: {'line': b'-- Up-to-date: /home/ccl/Multitask-Drone/install/drone_interfaces/lib/libdrone_interfaces__rosidl_typesupport_fastrtps_cpp.so\n'}
[1.112425] (drone_interfaces) StdoutLine: {'line': b'-- Up-to-date: /home/ccl/Multitask-Drone/install/drone_interfaces/include/drone_interfaces/drone_interfaces\n'}
[1.112465] (drone_interfaces) StdoutLine: {'line': b'-- Up-to-date: /home/ccl/Multitask-Drone/install/drone_interfaces/include/drone_interfaces/drone_interfaces/msg\n'}
[1.112506] (drone_interfaces) StdoutLine: {'line': b'-- Up-to-date: /home/ccl/Multitask-Drone/install/drone_interfaces/include/drone_interfaces/drone_interfaces/msg/detail\n'}
[1.112547] (drone_interfaces) StdoutLine: {'line': b'-- Up-to-date: /home/ccl/Multitask-Drone/install/drone_interfaces/include/drone_interfaces/drone_interfaces/msg/detail/raw_waypoint__type_support.cpp\n'}
[1.112590] (drone_interfaces) StdoutLine: {'line': b'-- Up-to-date: /home/ccl/Multitask-Drone/install/drone_interfaces/include/drone_interfaces/drone_interfaces/msg/detail/task_state__rosidl_typesupport_introspection_cpp.hpp\n'}
[1.112629] (drone_interfaces) StdoutLine: {'line': b'-- Up-to-date: /home/ccl/Multitask-Drone/install/drone_interfaces/include/drone_interfaces/drone_interfaces/msg/detail/panel_box__rosidl_typesupport_introspection_cpp.hpp\n'}
[1.112669] (drone_interfaces) StdoutLine: {'line': b'-- Up-to-date: /home/ccl/Multitask-Drone/install/drone_interfaces/include/drone_interfaces/drone_interfaces/msg/detail/raw_waypoint__rosidl_typesupport_introspection_cpp.hpp\n'}
[1.112708] (drone_interfaces) StdoutLine: {'line': b'-- Up-to-date: /home/ccl/Multitask-Drone/install/drone_interfaces/include/drone_interfaces/drone_interfaces/msg/detail/task__type_support.cpp\n'}
[1.112748] (drone_interfaces) StdoutLine: {'line': b'-- Up-to-date: /home/ccl/Multitask-Drone/install/drone_interfaces/include/drone_interfaces/drone_interfaces/msg/detail/task_state__type_support.cpp\n'}
[1.112806] (drone_interfaces) StdoutLine: {'line': b'-- Up-to-date: /home/ccl/Multitask-Drone/install/drone_interfaces/include/drone_interfaces/drone_interfaces/msg/detail/yaw__type_support.cpp\n'}
[1.112847] (drone_interfaces) StdoutLine: {'line': b'-- Up-to-date: /home/ccl/Multitask-Drone/install/drone_interfaces/include/drone_interfaces/drone_interfaces/msg/detail/panel_box__type_support.cpp\n'}
[1.112888] (drone_interfaces) StdoutLine: {'line': b'-- Up-to-date: /home/ccl/Multitask-Drone/install/drone_interfaces/include/drone_interfaces/drone_interfaces/msg/detail/task__rosidl_typesupport_introspection_cpp.hpp\n'}
[1.112927] (drone_interfaces) StdoutLine: {'line': b'-- Up-to-date: /home/ccl/Multitask-Drone/install/drone_interfaces/include/drone_interfaces/drone_interfaces/msg/detail/yaw__rosidl_typesupport_introspection_cpp.hpp\n'}
[1.112967] (drone_interfaces) StdoutLine: {'line': b'-- Up-to-date: /home/ccl/Multitask-Drone/install/drone_interfaces/include/drone_interfaces/drone_interfaces/action\n'}
[1.113006] (drone_interfaces) StdoutLine: {'line': b'-- Up-to-date: /home/ccl/Multitask-Drone/install/drone_interfaces/include/drone_interfaces/drone_interfaces/action/detail\n'}
[1.113047] (drone_interfaces) StdoutLine: {'line': b'-- Up-to-date: /home/ccl/Multitask-Drone/install/drone_interfaces/include/drone_interfaces/drone_interfaces/action/detail/execute_waypoint__rosidl_typesupport_introspection_cpp.hpp\n'}
[1.113086] (drone_interfaces) StdoutLine: {'line': b'-- Up-to-date: /home/ccl/Multitask-Drone/install/drone_interfaces/include/drone_interfaces/drone_interfaces/action/detail/execute_waypoint__type_support.cpp\n'}
[1.113125] (drone_interfaces) StdoutLine: {'line': b'-- Up-to-date: /home/ccl/Multitask-Drone/install/drone_interfaces/include/drone_interfaces/drone_interfaces/srv\n'}
[1.113163] (drone_interfaces) StdoutLine: {'line': b'-- Up-to-date: /home/ccl/Multitask-Drone/install/drone_interfaces/include/drone_interfaces/drone_interfaces/srv/detail\n'}
[1.113206] (drone_interfaces) StdoutLine: {'line': b'-- Up-to-date: /home/ccl/Multitask-Drone/install/drone_interfaces/include/drone_interfaces/drone_interfaces/srv/detail/task_push__type_support.cpp\n'}
[1.113245] (drone_interfaces) StdoutLine: {'line': b'-- Up-to-date: /home/ccl/Multitask-Drone/install/drone_interfaces/include/drone_interfaces/drone_interfaces/srv/detail/task_dispatch__rosidl_typesupport_introspection_cpp.hpp\n'}
[1.113283] (drone_interfaces) StdoutLine: {'line': b'-- Up-to-date: /home/ccl/Multitask-Drone/install/drone_interfaces/include/drone_interfaces/drone_interfaces/srv/detail/yolo_request__type_support.cpp\n'}
[1.113322] (drone_interfaces) StdoutLine: {'line': b'-- Up-to-date: /home/ccl/Multitask-Drone/install/drone_interfaces/include/drone_interfaces/drone_interfaces/srv/detail/yolo_request__rosidl_typesupport_introspection_cpp.hpp\n'}
[1.113362] (drone_interfaces) StdoutLine: {'line': b'-- Up-to-date: /home/ccl/Multitask-Drone/install/drone_interfaces/include/drone_interfaces/drone_interfaces/srv/detail/task_push__rosidl_typesupport_introspection_cpp.hpp\n'}
[1.113401] (drone_interfaces) StdoutLine: {'line': b'-- Up-to-date: /home/ccl/Multitask-Drone/install/drone_interfaces/include/drone_interfaces/drone_interfaces/srv/detail/task_dispatch__type_support.cpp\n'}
[1.113442] (drone_interfaces) StdoutLine: {'line': b'-- Up-to-date: /home/ccl/Multitask-Drone/install/drone_interfaces/lib/libdrone_interfaces__rosidl_typesupport_introspection_cpp.so\n'}
[1.113481] (drone_interfaces) StdoutLine: {'line': b'-- Up-to-date: /home/ccl/Multitask-Drone/install/drone_interfaces/lib/libdrone_interfaces__rosidl_typesupport_cpp.so\n'}
[1.113520] (drone_interfaces) StdoutLine: {'line': b'-- Up-to-date: /home/ccl/Multitask-Drone/install/drone_interfaces/share/drone_interfaces/environment/pythonpath.sh\n'}
[1.113560] (drone_interfaces) StdoutLine: {'line': b'-- Up-to-date: /home/ccl/Multitask-Drone/install/drone_interfaces/share/drone_interfaces/environment/pythonpath.dsv\n'}
[1.113598] (drone_interfaces) StdoutLine: {'line': b'-- Up-to-date: /home/ccl/Multitask-Drone/install/drone_interfaces/local/lib/python3.10/dist-packages/drone_interfaces-0.0.0-py3.10.egg-info\n'}
[1.113636] (drone_interfaces) StdoutLine: {'line': b'-- Installing: /home/ccl/Multitask-Drone/install/drone_interfaces/local/lib/python3.10/dist-packages/drone_interfaces-0.0.0-py3.10.egg-info/top_level.txt\n'}
[1.113676] (drone_interfaces) StdoutLine: {'line': b'-- Installing: /home/ccl/Multitask-Drone/install/drone_interfaces/local/lib/python3.10/dist-packages/drone_interfaces-0.0.0-py3.10.egg-info/dependency_links.txt\n'}
[1.113715] (drone_interfaces) StdoutLine: {'line': b'-- Installing: /home/ccl/Multitask-Drone/install/drone_interfaces/local/lib/python3.10/dist-packages/drone_interfaces-0.0.0-py3.10.egg-info/SOURCES.txt\n'}
[1.113753] (drone_interfaces) StdoutLine: {'line': b'-- Installing: /home/ccl/Multitask-Drone/install/drone_interfaces/local/lib/python3.10/dist-packages/drone_interfaces-0.0.0-py3.10.egg-info/PKG-INFO\n'}
[1.113801] (drone_interfaces) StdoutLine: {'line': b'-- Up-to-date: /home/ccl/Multitask-Drone/install/drone_interfaces/local/lib/python3.10/dist-packages/drone_interfaces\n'}
[1.113840] (drone_interfaces) StdoutLine: {'line': b'-- Up-to-date: /home/ccl/Multitask-Drone/install/drone_interfaces/local/lib/python3.10/dist-packages/drone_interfaces/libdrone_interfaces__rosidl_generator_py.so\n'}
[1.113881] (drone_interfaces) StdoutLine: {'line': b'-- Up-to-date: /home/ccl/Multitask-Drone/install/drone_interfaces/local/lib/python3.10/dist-packages/drone_interfaces/drone_interfaces_s__rosidl_typesupport_c.cpython-310-x86_64-linux-gnu.so\n'}
[1.113920] (drone_interfaces) StdoutLine: {'line': b'-- Up-to-date: /home/ccl/Multitask-Drone/install/drone_interfaces/local/lib/python3.10/dist-packages/drone_interfaces/drone_interfaces_s__rosidl_typesupport_introspection_c.cpython-310-x86_64-linux-gnu.so\n'}
[1.113987] (drone_interfaces) StdoutLine: {'line': b'-- Up-to-date: /home/ccl/Multitask-Drone/install/drone_interfaces/local/lib/python3.10/dist-packages/drone_interfaces/__init__.py\n'}
[1.114032] (drone_interfaces) StdoutLine: {'line': b'-- Up-to-date: /home/ccl/Multitask-Drone/install/drone_interfaces/local/lib/python3.10/dist-packages/drone_interfaces/drone_interfaces_s__rosidl_typesupport_fastrtps_c.cpython-310-x86_64-linux-gnu.so\n'}
[1.114072] (drone_interfaces) StdoutLine: {'line': b'-- Up-to-date: /home/ccl/Multitask-Drone/install/drone_interfaces/local/lib/python3.10/dist-packages/drone_interfaces/msg\n'}
[1.114113] (drone_interfaces) StdoutLine: {'line': b'-- Up-to-date: /home/ccl/Multitask-Drone/install/drone_interfaces/local/lib/python3.10/dist-packages/drone_interfaces/msg/_panel_box_s.c\n'}
[1.114152] (drone_interfaces) StdoutLine: {'line': b'-- Up-to-date: /home/ccl/Multitask-Drone/install/drone_interfaces/local/lib/python3.10/dist-packages/drone_interfaces/msg/_task.py\n'}
[1.114194] (drone_interfaces) StdoutLine: {'line': b'-- Up-to-date: /home/ccl/Multitask-Drone/install/drone_interfaces/local/lib/python3.10/dist-packages/drone_interfaces/msg/__init__.py\n'}
[1.114233] (drone_interfaces) StdoutLine: {'line': b'-- Up-to-date: /home/ccl/Multitask-Drone/install/drone_interfaces/local/lib/python3.10/dist-packages/drone_interfaces/msg/_task_state_s.c\n'}
[1.114273] (drone_interfaces) StdoutLine: {'line': b'-- Up-to-date: /home/ccl/Multitask-Drone/install/drone_interfaces/local/lib/python3.10/dist-packages/drone_interfaces/msg/_task_s.c\n'}
[1.114312] (drone_interfaces) StdoutLine: {'line': b'-- Up-to-date: /home/ccl/Multitask-Drone/install/drone_interfaces/local/lib/python3.10/dist-packages/drone_interfaces/msg/_yaw.py\n'}
[1.114359] (drone_interfaces) StdoutLine: {'line': b'-- Up-to-date: /home/ccl/Multitask-Drone/install/drone_interfaces/local/lib/python3.10/dist-packages/drone_interfaces/msg/_panel_box.py\n'}
[1.114400] (drone_interfaces) StdoutLine: {'line': b'-- Up-to-date: /home/ccl/Multitask-Drone/install/drone_interfaces/local/lib/python3.10/dist-packages/drone_interfaces/msg/_raw_waypoint.py\n'}
[1.114439] (drone_interfaces) StdoutLine: {'line': b'-- Up-to-date: /home/ccl/Multitask-Drone/install/drone_interfaces/local/lib/python3.10/dist-packages/drone_interfaces/msg/_yaw_s.c\n'}
[1.114479] (drone_interfaces) StdoutLine: {'line': b'-- Up-to-date: /home/ccl/Multitask-Drone/install/drone_interfaces/local/lib/python3.10/dist-packages/drone_interfaces/msg/_raw_waypoint_s.c\n'}
[1.114519] (drone_interfaces) StdoutLine: {'line': b'-- Up-to-date: /home/ccl/Multitask-Drone/install/drone_interfaces/local/lib/python3.10/dist-packages/drone_interfaces/msg/_task_state.py\n'}
[1.115759] (drone_interfaces) StdoutLine: {'line': b'-- Up-to-date: /home/ccl/Multitask-Drone/install/drone_interfaces/local/lib/python3.10/dist-packages/drone_interfaces/_drone_interfaces_s.ep.rosidl_typesupport_c.c\n'}
[1.115926] (drone_interfaces) StdoutLine: {'line': b'-- Up-to-date: /home/ccl/Multitask-Drone/install/drone_interfaces/local/lib/python3.10/dist-packages/drone_interfaces/_drone_interfaces_s.ep.rosidl_typesupport_fastrtps_c.c\n'}
[1.116005] (drone_interfaces) StdoutLine: {'line': b'-- Up-to-date: /home/ccl/Multitask-Drone/install/drone_interfaces/local/lib/python3.10/dist-packages/drone_interfaces/action\n'}
[1.116077] (drone_interfaces) StdoutLine: {'line': b'-- Up-to-date: /home/ccl/Multitask-Drone/install/drone_interfaces/local/lib/python3.10/dist-packages/drone_interfaces/action/__init__.py\n'}
[1.116148] (drone_interfaces) StdoutLine: {'line': b'-- Up-to-date: /home/ccl/Multitask-Drone/install/drone_interfaces/local/lib/python3.10/dist-packages/drone_interfaces/action/_execute_waypoint.py\n'}
[1.116218] (drone_interfaces) StdoutLine: {'line': b'-- Up-to-date: /home/ccl/Multitask-Drone/install/drone_interfaces/local/lib/python3.10/dist-packages/drone_interfaces/action/_execute_waypoint_s.c\n'}
[1.116287] (drone_interfaces) StdoutLine: {'line': b'-- Up-to-date: /home/ccl/Multitask-Drone/install/drone_interfaces/local/lib/python3.10/dist-packages/drone_interfaces/_drone_interfaces_s.ep.rosidl_typesupport_introspection_c.c\n'}
[1.116355] (drone_interfaces) StdoutLine: {'line': b'-- Up-to-date: /home/ccl/Multitask-Drone/install/drone_interfaces/local/lib/python3.10/dist-packages/drone_interfaces/srv\n'}
[1.116423] (drone_interfaces) StdoutLine: {'line': b'-- Up-to-date: /home/ccl/Multitask-Drone/install/drone_interfaces/local/lib/python3.10/dist-packages/drone_interfaces/srv/__init__.py\n'}
[1.116493] (drone_interfaces) StdoutLine: {'line': b'-- Up-to-date: /home/ccl/Multitask-Drone/install/drone_interfaces/local/lib/python3.10/dist-packages/drone_interfaces/srv/_task_dispatch_s.c\n'}
[1.116562] (drone_interfaces) StdoutLine: {'line': b'-- Up-to-date: /home/ccl/Multitask-Drone/install/drone_interfaces/local/lib/python3.10/dist-packages/drone_interfaces/srv/_yolo_request_s.c\n'}
[1.116635] (drone_interfaces) StdoutLine: {'line': b'-- Up-to-date: /home/ccl/Multitask-Drone/install/drone_interfaces/local/lib/python3.10/dist-packages/drone_interfaces/srv/_yolo_request.py\n'}
[1.116712] (drone_interfaces) StdoutLine: {'line': b'-- Up-to-date: /home/ccl/Multitask-Drone/install/drone_interfaces/local/lib/python3.10/dist-packages/drone_interfaces/srv/_task_push.py\n'}
[1.116795] (drone_interfaces) StdoutLine: {'line': b'-- Up-to-date: /home/ccl/Multitask-Drone/install/drone_interfaces/local/lib/python3.10/dist-packages/drone_interfaces/srv/_task_dispatch.py\n'}
[1.116869] (drone_interfaces) StdoutLine: {'line': b'-- Up-to-date: /home/ccl/Multitask-Drone/install/drone_interfaces/local/lib/python3.10/dist-packages/drone_interfaces/srv/_task_push_s.c\n'}
[1.157881] (drone_interfaces) StdoutLine: {'line': b"Listing '/home/ccl/Multitask-Drone/install/drone_interfaces/local/lib/python3.10/dist-packages/drone_interfaces'...\n"}
[1.158102] (drone_interfaces) StdoutLine: {'line': b"Listing '/home/ccl/Multitask-Drone/install/drone_interfaces/local/lib/python3.10/dist-packages/drone_interfaces/action'...\n"}
[1.158192] (drone_interfaces) StdoutLine: {'line': b"Listing '/home/ccl/Multitask-Drone/install/drone_interfaces/local/lib/python3.10/dist-packages/drone_interfaces/msg'...\n"}
[1.158279] (drone_interfaces) StdoutLine: {'line': b"Listing '/home/ccl/Multitask-Drone/install/drone_interfaces/local/lib/python3.10/dist-packages/drone_interfaces/srv'...\n"}
[1.162287] (drone_interfaces) StdoutLine: {'line': b'-- Up-to-date: /home/ccl/Multitask-Drone/install/drone_interfaces/local/lib/python3.10/dist-packages/drone_interfaces/drone_interfaces_s__rosidl_typesupport_fastrtps_c.cpython-310-x86_64-linux-gnu.so\n'}
[1.163152] (drone_interfaces) StdoutLine: {'line': b'-- Up-to-date: /home/ccl/Multitask-Drone/install/drone_interfaces/local/lib/python3.10/dist-packages/drone_interfaces/drone_interfaces_s__rosidl_typesupport_introspection_c.cpython-310-x86_64-linux-gnu.so\n'}
[1.164519] (drone_interfaces) StdoutLine: {'line': b'-- Up-to-date: /home/ccl/Multitask-Drone/install/drone_interfaces/local/lib/python3.10/dist-packages/drone_interfaces/drone_interfaces_s__rosidl_typesupport_c.cpython-310-x86_64-linux-gnu.so\n'}
[1.165088] (drone_interfaces) StdoutLine: {'line': b'-- Up-to-date: /home/ccl/Multitask-Drone/install/drone_interfaces/lib/libdrone_interfaces__rosidl_generator_py.so\n'}
[1.165216] (drone_interfaces) StdoutLine: {'line': b'-- Up-to-date: /home/ccl/Multitask-Drone/install/drone_interfaces/share/drone_interfaces/msg/Yaw.idl\n'}
[1.165403] (drone_interfaces) StdoutLine: {'line': b'-- Up-to-date: /home/ccl/Multitask-Drone/install/drone_interfaces/share/drone_interfaces/msg/PanelBox.idl\n'}
[1.165546] (drone_interfaces) StdoutLine: {'line': b'-- Up-to-date: /home/ccl/Multitask-Drone/install/drone_interfaces/share/drone_interfaces/msg/Task.idl\n'}
[1.165732] (drone_interfaces) StdoutLine: {'line': b'-- Up-to-date: /home/ccl/Multitask-Drone/install/drone_interfaces/share/drone_interfaces/msg/TaskState.idl\n'}
[1.165852] (drone_interfaces) StdoutLine: {'line': b'-- Up-to-date: /home/ccl/Multitask-Drone/install/drone_interfaces/share/drone_interfaces/msg/RawWaypoint.idl\n'}
[1.166036] (drone_interfaces) StdoutLine: {'line': b'-- Up-to-date: /home/ccl/Multitask-Drone/install/drone_interfaces/share/drone_interfaces/srv/TaskDispatch.idl\n'}
[1.166169] (drone_interfaces) StdoutLine: {'line': b'-- Up-to-date: /home/ccl/Multitask-Drone/install/drone_interfaces/share/drone_interfaces/srv/YoloRequest.idl\n'}
[1.166297] (drone_interfaces) StdoutLine: {'line': b'-- Up-to-date: /home/ccl/Multitask-Drone/install/drone_interfaces/share/drone_interfaces/srv/TaskPush.idl\n'}
[1.166439] (drone_interfaces) StdoutLine: {'line': b'-- Up-to-date: /home/ccl/Multitask-Drone/install/drone_interfaces/share/drone_interfaces/action/ExecuteWaypoint.idl\n'}
[1.166586] (drone_interfaces) StdoutLine: {'line': b'-- Up-to-date: /home/ccl/Multitask-Drone/install/drone_interfaces/share/drone_interfaces/msg/Yaw.msg\n'}
[1.166732] (drone_interfaces) StdoutLine: {'line': b'-- Up-to-date: /home/ccl/Multitask-Drone/install/drone_interfaces/share/drone_interfaces/msg/PanelBox.msg\n'}
[1.166891] (drone_interfaces) StdoutLine: {'line': b'-- Up-to-date: /home/ccl/Multitask-Drone/install/drone_interfaces/share/drone_interfaces/msg/Task.msg\n'}
[1.167078] (drone_interfaces) StdoutLine: {'line': b'-- Up-to-date: /home/ccl/Multitask-Drone/install/drone_interfaces/share/drone_interfaces/msg/TaskState.msg\n'}
[1.167230] (drone_interfaces) StdoutLine: {'line': b'-- Up-to-date: /home/ccl/Multitask-Drone/install/drone_interfaces/share/drone_interfaces/msg/RawWaypoint.msg\n'}
[1.167381] (drone_interfaces) StdoutLine: {'line': b'-- Up-to-date: /home/ccl/Multitask-Drone/install/drone_interfaces/share/drone_interfaces/srv/TaskDispatch.srv\n'}
[1.167466] (drone_interfaces) StdoutLine: {'line': b'-- Up-to-date: /home/ccl/Multitask-Drone/install/drone_interfaces/share/drone_interfaces/srv/TaskDispatch_Request.msg\n'}
[1.167651] (drone_interfaces) StdoutLine: {'line': b'-- Up-to-date: /home/ccl/Multitask-Drone/install/drone_interfaces/share/drone_interfaces/srv/TaskDispatch_Response.msg\n'}
[1.167816] (drone_interfaces) StdoutLine: {'line': b'-- Up-to-date: /home/ccl/Multitask-Drone/install/drone_interfaces/share/drone_interfaces/srv/YoloRequest.srv\n'}
[1.167975] (drone_interfaces) StdoutLine: {'line': b'-- Up-to-date: /home/ccl/Multitask-Drone/install/drone_interfaces/share/drone_interfaces/srv/YoloRequest_Request.msg\n'}
[1.168056] (drone_interfaces) StdoutLine: {'line': b'-- Up-to-date: /home/ccl/Multitask-Drone/install/drone_interfaces/share/drone_interfaces/srv/YoloRequest_Response.msg\n'}
[1.168238] (drone_interfaces) StdoutLine: {'line': b'-- Up-to-date: /home/ccl/Multitask-Drone/install/drone_interfaces/share/drone_interfaces/srv/TaskPush.srv\n'}
[1.168377] (drone_interfaces) StdoutLine: {'line': b'-- Up-to-date: /home/ccl/Multitask-Drone/install/drone_interfaces/share/drone_interfaces/srv/TaskPush_Request.msg\n'}
[1.168522] (drone_interfaces) StdoutLine: {'line': b'-- Up-to-date: /home/ccl/Multitask-Drone/install/drone_interfaces/share/drone_interfaces/srv/TaskPush_Response.msg\n'}
[1.168665] (drone_interfaces) StdoutLine: {'line': b'-- Up-to-date: /home/ccl/Multitask-Drone/install/drone_interfaces/share/drone_interfaces/action/ExecuteWaypoint.action\n'}
[1.168816] (drone_interfaces) StdoutLine: {'line': b'-- Up-to-date: /home/ccl/Multitask-Drone/install/drone_interfaces/share/ament_index/resource_index/package_run_dependencies/drone_interfaces\n'}
[1.169019] (drone_interfaces) StdoutLine: {'line': b'-- Up-to-date: /home/ccl/Multitask-Drone/install/drone_interfaces/share/ament_index/resource_index/parent_prefix_path/drone_interfaces\n'}
[1.169191] (drone_interfaces) StdoutLine: {'line': b'-- Up-to-date: /home/ccl/Multitask-Drone/install/drone_interfaces/share/drone_interfaces/environment/ament_prefix_path.sh\n'}
[1.169273] (drone_interfaces) StdoutLine: {'line': b'-- Up-to-date: /home/ccl/Multitask-Drone/install/drone_interfaces/share/drone_interfaces/environment/ament_prefix_path.dsv\n'}
[1.169461] (drone_interfaces) StdoutLine: {'line': b'-- Up-to-date: /home/ccl/Multitask-Drone/install/drone_interfaces/share/drone_interfaces/environment/path.sh\n'}
[1.169601] (drone_interfaces) StdoutLine: {'line': b'-- Up-to-date: /home/ccl/Multitask-Drone/install/drone_interfaces/share/drone_interfaces/environment/path.dsv\n'}
[1.169746] (drone_interfaces) StdoutLine: {'line': b'-- Up-to-date: /home/ccl/Multitask-Drone/install/drone_interfaces/share/drone_interfaces/local_setup.bash\n'}
[1.169909] (drone_interfaces) StdoutLine: {'line': b'-- Up-to-date: /home/ccl/Multitask-Drone/install/drone_interfaces/share/drone_interfaces/local_setup.sh\n'}
[1.170056] (drone_interfaces) StdoutLine: {'line': b'-- Up-to-date: /home/ccl/Multitask-Drone/install/drone_interfaces/share/drone_interfaces/local_setup.zsh\n'}
[1.170193] (drone_interfaces) StdoutLine: {'line': b'-- Up-to-date: /home/ccl/Multitask-Drone/install/drone_interfaces/share/drone_interfaces/local_setup.dsv\n'}
[1.170505] (drone_interfaces) StdoutLine: {'line': b'-- Installing: /home/ccl/Multitask-Drone/install/drone_interfaces/share/drone_interfaces/package.dsv\n'}
[1.170654] (drone_interfaces) StdoutLine: {'line': b'-- Up-to-date: /home/ccl/Multitask-Drone/install/drone_interfaces/share/ament_index/resource_index/packages/drone_interfaces\n'}
[1.171021] (drone_interfaces) StdoutLine: {'line': b'-- Up-to-date: /home/ccl/Multitask-Drone/install/drone_interfaces/share/drone_interfaces/cmake/export_drone_interfaces__rosidl_generator_cExport.cmake\n'}
[1.171259] (drone_interfaces) StdoutLine: {'line': b'-- Up-to-date: /home/ccl/Multitask-Drone/install/drone_interfaces/share/drone_interfaces/cmake/export_drone_interfaces__rosidl_generator_cExport-noconfig.cmake\n'}
[1.171456] (drone_interfaces) StdoutLine: {'line': b'-- Up-to-date: /home/ccl/Multitask-Drone/install/drone_interfaces/share/drone_interfaces/cmake/export_drone_interfaces__rosidl_typesupport_fastrtps_cExport.cmake\n'}
[1.171539] (drone_interfaces) StdoutLine: {'line': b'-- Up-to-date: /home/ccl/Multitask-Drone/install/drone_interfaces/share/drone_interfaces/cmake/export_drone_interfaces__rosidl_typesupport_fastrtps_cExport-noconfig.cmake\n'}
[1.172098] (drone_interfaces) StdoutLine: {'line': b'-- Up-to-date: /home/ccl/Multitask-Drone/install/drone_interfaces/share/drone_interfaces/cmake/drone_interfaces__rosidl_typesupport_introspection_cExport.cmake\n'}
[1.172319] (drone_interfaces) StdoutLine: {'line': b'-- Up-to-date: /home/ccl/Multitask-Drone/install/drone_interfaces/share/drone_interfaces/cmake/drone_interfaces__rosidl_typesupport_introspection_cExport-noconfig.cmake\n'}
[1.172407] (drone_interfaces) StdoutLine: {'line': b'-- Up-to-date: /home/ccl/Multitask-Drone/install/drone_interfaces/share/drone_interfaces/cmake/drone_interfaces__rosidl_typesupport_cExport.cmake\n'}
[1.172644] (drone_interfaces) StdoutLine: {'line': b'-- Up-to-date: /home/ccl/Multitask-Drone/install/drone_interfaces/share/drone_interfaces/cmake/drone_interfaces__rosidl_typesupport_cExport-noconfig.cmake\n'}
[1.172867] (drone_interfaces) StdoutLine: {'line': b'-- Up-to-date: /home/ccl/Multitask-Drone/install/drone_interfaces/share/drone_interfaces/cmake/export_drone_interfaces__rosidl_generator_cppExport.cmake\n'}
[1.172964] (drone_interfaces) StdoutLine: {'line': b'-- Up-to-date: /home/ccl/Multitask-Drone/install/drone_interfaces/share/drone_interfaces/cmake/export_drone_interfaces__rosidl_typesupport_fastrtps_cppExport.cmake\n'}
[1.173257] (drone_interfaces) StdoutLine: {'line': b'-- Up-to-date: /home/ccl/Multitask-Drone/install/drone_interfaces/share/drone_interfaces/cmake/export_drone_interfaces__rosidl_typesupport_fastrtps_cppExport-noconfig.cmake\n'}
[1.173414] (drone_interfaces) StdoutLine: {'line': b'-- Up-to-date: /home/ccl/Multitask-Drone/install/drone_interfaces/share/drone_interfaces/cmake/drone_interfaces__rosidl_typesupport_introspection_cppExport.cmake\n'}
[1.173495] (drone_interfaces) StdoutLine: {'line': b'-- Up-to-date: /home/ccl/Multitask-Drone/install/drone_interfaces/share/drone_interfaces/cmake/drone_interfaces__rosidl_typesupport_introspection_cppExport-noconfig.cmake\n'}
[1.173740] (drone_interfaces) StdoutLine: {'line': b'-- Up-to-date: /home/ccl/Multitask-Drone/install/drone_interfaces/share/drone_interfaces/cmake/drone_interfaces__rosidl_typesupport_cppExport.cmake\n'}
[1.174000] (drone_interfaces) StdoutLine: {'line': b'-- Up-to-date: /home/ccl/Multitask-Drone/install/drone_interfaces/share/drone_interfaces/cmake/drone_interfaces__rosidl_typesupport_cppExport-noconfig.cmake\n'}
[1.174092] (drone_interfaces) StdoutLine: {'line': b'-- Up-to-date: /home/ccl/Multitask-Drone/install/drone_interfaces/share/drone_interfaces/cmake/export_drone_interfaces__rosidl_generator_pyExport.cmake\n'}
[1.174221] (drone_interfaces) StdoutLine: {'line': b'-- Up-to-date: /home/ccl/Multitask-Drone/install/drone_interfaces/share/drone_interfaces/cmake/export_drone_interfaces__rosidl_generator_pyExport-noconfig.cmake\n'}
[1.174425] (drone_interfaces) StdoutLine: {'line': b'-- Up-to-date: /home/ccl/Multitask-Drone/install/drone_interfaces/share/drone_interfaces/cmake/rosidl_cmake-extras.cmake\n'}
[1.174573] (drone_interfaces) StdoutLine: {'line': b'-- Up-to-date: /home/ccl/Multitask-Drone/install/drone_interfaces/share/drone_interfaces/cmake/ament_cmake_export_dependencies-extras.cmake\n'}
[1.174662] (drone_interfaces) StdoutLine: {'line': b'-- Up-to-date: /home/ccl/Multitask-Drone/install/drone_interfaces/share/drone_interfaces/cmake/ament_cmake_export_include_directories-extras.cmake\n'}
[1.174884] (drone_interfaces) StdoutLine: {'line': b'-- Up-to-date: /home/ccl/Multitask-Drone/install/drone_interfaces/share/drone_interfaces/cmake/ament_cmake_export_libraries-extras.cmake\n'}
[1.175078] (drone_interfaces) StdoutLine: {'line': b'-- Up-to-date: /home/ccl/Multitask-Drone/install/drone_interfaces/share/drone_interfaces/cmake/ament_cmake_export_targets-extras.cmake\n'}
[1.175246] (drone_interfaces) StdoutLine: {'line': b'-- Up-to-date: /home/ccl/Multitask-Drone/install/drone_interfaces/share/drone_interfaces/cmake/rosidl_cmake_export_typesupport_targets-extras.cmake\n'}
[1.175391] (drone_interfaces) StdoutLine: {'line': b'-- Up-to-date: /home/ccl/Multitask-Drone/install/drone_interfaces/share/drone_interfaces/cmake/rosidl_cmake_export_typesupport_libraries-extras.cmake\n'}
[1.175501] (drone_interfaces) StdoutLine: {'line': b'-- Up-to-date: /home/ccl/Multitask-Drone/install/drone_interfaces/share/drone_interfaces/cmake/drone_interfacesConfig.cmake\n'}
[1.175648] (drone_interfaces) StdoutLine: {'line': b'-- Up-to-date: /home/ccl/Multitask-Drone/install/drone_interfaces/share/drone_interfaces/cmake/drone_interfacesConfig-version.cmake\n'}
[1.175726] (drone_interfaces) StdoutLine: {'line': b'-- Up-to-date: /home/ccl/Multitask-Drone/install/drone_interfaces/share/drone_interfaces/package.xml\n'}
[1.179145] (drone_interfaces) CommandEnded: {'returncode': 0}
[1.206666] (drone_interfaces) JobEnded: {'identifier': 'drone_interfaces', 'rc': 0}
[1.207807] (-) TimerEvent: {}
[1.208083] (drone_controller) JobStarted: {'identifier': 'drone_controller'}
[1.228469] (drone_vision) JobStarted: {'identifier': 'drone_vision'}
[1.307930] (-) TimerEvent: {}
[1.408241] (-) TimerEvent: {}
[1.508541] (-) TimerEvent: {}
[1.613169] (-) TimerEvent: {}
[1.713816] (-) TimerEvent: {}
[1.814138] (-) TimerEvent: {}
[1.915970] (-) TimerEvent: {}
[1.981790] (drone_vision) Command: {'cmd': ['/usr/bin/python3', '-W', 'ignore:setup.py install is deprecated', '-W', 'ignore:easy_install command is deprecated', 'setup.py', 'egg_info', '--egg-base', '../../build/drone_vision', 'build', '--build-base', '/home/ccl/Multitask-Drone/build/drone_vision/build', 'install', '--record', '/home/ccl/Multitask-Drone/build/drone_vision/install.log', '--single-version-externally-managed', 'install_data'], 'cwd': '/home/ccl/Multitask-Drone/src/drone_vision', 'env': {'GJS_DEBUG_TOPICS': 'JS ERROR;JS LOG', 'LESSOPEN': '| /usr/bin/lesspipe %s', 'SVGA_VGPU10': '0', 'no_proxy': '127.0.0.1, localhost', 'USER': 'ccl', 'LC_TIME': 'zh_CN.UTF-8', 'XDG_SESSION_TYPE': 'wayland', 'GIT_ASKPASS': '/usr/share/code/resources/app/extensions/git/dist/askpass.sh', 'SHLVL': '1', 'LD_LIBRARY_PATH': '/home/ccl/Multitask-Drone/install/drone_interfaces/lib:/opt/ros/humble/opt/rviz_ogre_vendor/lib:/opt/ros/humble/lib/x86_64-linux-gnu:/opt/ros/humble/lib', 'HOME': '/home/ccl', 'CHROME_DESKTOP': 'code.desktop', 'TERM_PROGRAM_VERSION': '1.98.0', 'DESKTOP_SESSION': 'ubuntu', 'GIO_LAUNCHED_DESKTOP_FILE': '/usr/share/applications/code.desktop', 'ROS_PYTHON_VERSION': '3', 'GNOME_SHELL_SESSION_MODE': 'ubuntu', 'GTK_MODULES': 'gail:atk-bridge', 'VSCODE_GIT_ASKPASS_MAIN': '/usr/share/code/resources/app/extensions/git/dist/askpass-main.js', 'LC_MONETARY': 'zh_CN.UTF-8', 'VSCODE_GIT_ASKPASS_NODE': '/usr/share/code/code', 'MANAGERPID': '1158', 'PYDEVD_DISABLE_FILE_VALIDATION': '1', 'SYSTEMD_EXEC_PID': '1324', 'BUNDLED_DEBUGPY_PATH': '/home/ccl/.vscode/extensions/ms-python.debugpy-2025.4.0-linux-x64/bundled/libs/debugpy', 'IM_CONFIG_CHECK_ENV': '1', 'DBUS_SESSION_BUS_ADDRESS': 'unix:path=/run/user/1000/bus', 'COLORTERM': 'truecolor', 'GIO_LAUNCHED_DESKTOP_FILE_PID': '4580', 'IM_CONFIG_PHASE': '1', 'WAYLAND_DISPLAY': 'wayland-0', 'https_proxy': 'http://192.168.218.1:5555', 'COLCON_PREFIX_PATH': '/home/ccl/Multitask-Drone/install', 'ROS_DISTRO': 'humble', 'GTK_IM_MODULE': 'fcitx', 'LOGNAME': 'ccl', 'http_proxy': 'http://192.168.218.1:5555', 'JOURNAL_STREAM': '8:21923', '_': '/usr/bin/colcon', 'ROS_VERSION': '2', 'XDG_SESSION_CLASS': 'user', 'USERNAME': 'ccl', 'TERM': 'xterm-256color', 'GNOME_DESKTOP_SESSION_ID': 'this-is-deprecated', 'ROS_LOCALHOST_ONLY': '0', 'PATH': '/home/ccl/.local/bin:/opt/ros/humble/bin:/home/ccl/.local/bin:/usr/local/sbin:/usr/local/bin:/usr/sbin:/usr/bin:/sbin:/bin:/usr/games:/usr/local/games:/snap/bin:/snap/bin:/usr/local/go/bin:/home/ccl/.vscode/extensions/ms-python.debugpy-2025.4.0-linux-x64/bundled/scripts/noConfigScripts:/usr/local/go/bin', 'SESSION_MANAGER': 'local/ubuntu64:@/tmp/.ICE-unix/1286,unix/ubuntu64:/tmp/.ICE-unix/1286', 'INVOCATION_ID': 'a2df986e80c248b180bb0004ea66587c', 'XDG_MENU_PREFIX': 'gnome-', 'LC_ADDRESS': 'zh_CN.UTF-8', 'GNOME_SETUP_DISPLAY': ':1', 'XDG_RUNTIME_DIR': '/run/user/1000', 'GDK_BACKEND': 'x11', 'DISPLAY': ':0', 'VSCODE_DEBUGPY_ADAPTER_ENDPOINTS': '/home/ccl/.vscode/extensions/ms-python.debugpy-2025.4.0-linux-x64/.noConfigDebugAdapterEndpoints/endpoint-17a7e6cfd4e60750.txt', 'LANG': 'en_US.UTF-8', 'XDG_CURRENT_DESKTOP': 'Unity', 'LC_TELEPHONE': 'zh_CN.UTF-8', 'XMODIFIERS': '@im=fcitx', 'XDG_SESSION_DESKTOP': 'ubuntu', 'XAUTHORITY': '/run/user/1000/.mutter-Xwaylandauth.SG5222', 'LS_COLORS': 'rs=0:di=01;34:ln=01;36:mh=00:pi=40;33:so=01;35:do=01;35:bd=40;33;01:cd=40;33;01:or=40;31;01:mi=00:su=37;41:sg=30;43:ca=30;41:tw=30;42:ow=34;42:st=37;44:ex=01;32:*.tar=01;31:*.tgz=01;31:*.arc=01;31:*.arj=01;31:*.taz=01;31:*.lha=01;31:*.lz4=01;31:*.lzh=01;31:*.lzma=01;31:*.tlz=01;31:*.txz=01;31:*.tzo=01;31:*.t7z=01;31:*.zip=01;31:*.z=01;31:*.dz=01;31:*.gz=01;31:*.lrz=01;31:*.lz=01;31:*.lzo=01;31:*.xz=01;31:*.zst=01;31:*.tzst=01;31:*.bz2=01;31:*.bz=01;31:*.tbz=01;31:*.tbz2=01;31:*.tz=01;31:*.deb=01;31:*.rpm=01;31:*.jar=01;31:*.war=01;31:*.ear=01;31:*.sar=01;31:*.rar=01;31:*.alz=01;31:*.ace=01;31:*.zoo=01;31:*.cpio=01;31:*.7z=01;31:*.rz=01;31:*.cab=01;31:*.wim=01;31:*.swm=01;31:*.dwm=01;31:*.esd=01;31:*.jpg=01;35:*.jpeg=01;35:*.mjpg=01;35:*.mjpeg=01;35:*.gif=01;35:*.bmp=01;35:*.pbm=01;35:*.pgm=01;35:*.ppm=01;35:*.tga=01;35:*.xbm=01;35:*.xpm=01;35:*.tif=01;35:*.tiff=01;35:*.png=01;35:*.svg=01;35:*.svgz=01;35:*.mng=01;35:*.pcx=01;35:*.mov=01;35:*.mpg=01;35:*.mpeg=01;35:*.m2v=01;35:*.mkv=01;35:*.webm=01;35:*.webp=01;35:*.ogm=01;35:*.mp4=01;35:*.m4v=01;35:*.mp4v=01;35:*.vob=01;35:*.qt=01;35:*.nuv=01;35:*.wmv=01;35:*.asf=01;35:*.rm=01;35:*.rmvb=01;35:*.flc=01;35:*.avi=01;35:*.fli=01;35:*.flv=01;35:*.gl=01;35:*.dl=01;35:*.xcf=01;35:*.xwd=01;35:*.yuv=01;35:*.cgm=01;35:*.emf=01;35:*.ogv=01;35:*.ogx=01;35:*.aac=00;36:*.au=00;36:*.flac=00;36:*.m4a=00;36:*.mid=00;36:*.midi=00;36:*.mka=00;36:*.mp3=00;36:*.mpc=00;36:*.ogg=00;36:*.ra=00;36:*.wav=00;36:*.oga=00;36:*.opus=00;36:*.spx=00;36:*.xspf=00;36:', 'VSCODE_GIT_IPC_HANDLE': '/run/user/1000/vscode-git-9d2c69e155.sock', 'TERM_PROGRAM': 'vscode', 'SSH_AGENT_LAUNCHER': 'gnome-keyring', 'SSH_AUTH_SOCK': '/run/user/1000/keyring/ssh', 'AMENT_PREFIX_PATH': '/home/ccl/Multitask-Drone/install/drone_vision:/home/ccl/Multitask-Drone/install/drone_monitor:/home/ccl/Multitask-Drone/install/drone_controller:/home/ccl/Multitask-Drone/install/drone_interfaces:/opt/ros/humble', 'QUIC_GO_LOG_LEVEL': 'debug', 'ORIGINAL_XDG_CURRENT_DESKTOP': 'ubuntu:GNOME', 'SHELL': '/bin/bash', 'LC_NAME': 'zh_CN.UTF-8', 'QT_ACCESSIBILITY': '1', 'GDMSESSION': 'ubuntu', 'LESSCLOSE': '/usr/bin/lesspipe %s %s', 'LC_MEASUREMENT': 'zh_CN.UTF-8', 'GJS_DEBUG_OUTPUT': 'stderr', 'LC_IDENTIFICATION': 'zh_CN.UTF-8', 'VSCODE_GIT_ASKPASS_EXTRA_ARGS': '', 'QT_IM_MODULE': 'fcitx', 'PWD': '/home/ccl/Multitask-Drone/build/drone_vision', 'LC_ALL': 'en_US.UTF-8', 'XDG_CONFIG_DIRS': '/etc/xdg/xdg-ubuntu:/etc/xdg', 'CLUTTER_IM_MODULE': 'xim', 'XDG_DATA_DIRS': '/usr/share/ubuntu:/usr/local/share/:/usr/share/:/var/lib/snapd/desktop', 'PYTHONPATH': '/home/ccl/Multitask-Drone/build/drone_vision/prefix_override:/usr/lib/python3/dist-packages/colcon_core/task/python/colcon_distutils_commands:/home/ccl/Multitask-Drone/install/drone_vision/lib/python3.10/site-packages:/home/ccl/Multitask-Drone/install/drone_vision/lib/python3.10/site-packages:/home/ccl/Multitask-Drone/install/drone_monitor/lib/python3.10/site-packages:/home/ccl/Multitask-Drone/install/drone_controller/lib/python3.10/site-packages:/home/ccl/Multitask-Drone/install/drone_interfaces/local/lib/python3.10/dist-packages:/opt/ros/humble/lib/python3.10/site-packages:/opt/ros/humble/local/lib/python3.10/dist-packages', 'LC_NUMERIC': 'zh_CN.UTF-8', 'LC_PAPER': 'zh_CN.UTF-8', 'COLCON': '1', 'CMAKE_PREFIX_PATH': '/home/ccl/Multitask-Drone/install/drone_interfaces'}, 'shell': False}
[1.993346] (drone_controller) Command: {'cmd': ['/usr/bin/python3', '-W', 'ignore:setup.py install is deprecated', '-W', 'ignore:easy_install command is deprecated', 'setup.py', 'egg_info', '--egg-base', '../../build/drone_controller', 'build', '--build-base', '/home/ccl/Multitask-Drone/build/drone_controller/build', 'install', '--record', '/home/ccl/Multitask-Drone/build/drone_controller/install.log', '--single-version-externally-managed', 'install_data'], 'cwd': '/home/ccl/Multitask-Drone/src/drone_controller', 'env': {'GJS_DEBUG_TOPICS': 'JS ERROR;JS LOG', 'LESSOPEN': '| /usr/bin/lesspipe %s', 'SVGA_VGPU10': '0', 'no_proxy': '127.0.0.1, localhost', 'USER': 'ccl', 'LC_TIME': 'zh_CN.UTF-8', 'XDG_SESSION_TYPE': 'wayland', 'GIT_ASKPASS': '/usr/share/code/resources/app/extensions/git/dist/askpass.sh', 'SHLVL': '1', 'LD_LIBRARY_PATH': '/home/ccl/Multitask-Drone/install/drone_interfaces/lib:/opt/ros/humble/opt/rviz_ogre_vendor/lib:/opt/ros/humble/lib/x86_64-linux-gnu:/opt/ros/humble/lib', 'HOME': '/home/ccl', 'CHROME_DESKTOP': 'code.desktop', 'TERM_PROGRAM_VERSION': '1.98.0', 'DESKTOP_SESSION': 'ubuntu', 'GIO_LAUNCHED_DESKTOP_FILE': '/usr/share/applications/code.desktop', 'ROS_PYTHON_VERSION': '3', 'GNOME_SHELL_SESSION_MODE': 'ubuntu', 'GTK_MODULES': 'gail:atk-bridge', 'VSCODE_GIT_ASKPASS_MAIN': '/usr/share/code/resources/app/extensions/git/dist/askpass-main.js', 'LC_MONETARY': 'zh_CN.UTF-8', 'VSCODE_GIT_ASKPASS_NODE': '/usr/share/code/code', 'MANAGERPID': '1158', 'PYDEVD_DISABLE_FILE_VALIDATION': '1', 'SYSTEMD_EXEC_PID': '1324', 'BUNDLED_DEBUGPY_PATH': '/home/ccl/.vscode/extensions/ms-python.debugpy-2025.4.0-linux-x64/bundled/libs/debugpy', 'IM_CONFIG_CHECK_ENV': '1', 'DBUS_SESSION_BUS_ADDRESS': 'unix:path=/run/user/1000/bus', 'COLORTERM': 'truecolor', 'GIO_LAUNCHED_DESKTOP_FILE_PID': '4580', 'IM_CONFIG_PHASE': '1', 'WAYLAND_DISPLAY': 'wayland-0', 'https_proxy': 'http://192.168.218.1:5555', 'COLCON_PREFIX_PATH': '/home/ccl/Multitask-Drone/install', 'ROS_DISTRO': 'humble', 'GTK_IM_MODULE': 'fcitx', 'LOGNAME': 'ccl', 'http_proxy': 'http://192.168.218.1:5555', 'JOURNAL_STREAM': '8:21923', '_': '/usr/bin/colcon', 'ROS_VERSION': '2', 'XDG_SESSION_CLASS': 'user', 'USERNAME': 'ccl', 'TERM': 'xterm-256color', 'GNOME_DESKTOP_SESSION_ID': 'this-is-deprecated', 'ROS_LOCALHOST_ONLY': '0', 'PATH': '/home/ccl/.local/bin:/opt/ros/humble/bin:/home/ccl/.local/bin:/usr/local/sbin:/usr/local/bin:/usr/sbin:/usr/bin:/sbin:/bin:/usr/games:/usr/local/games:/snap/bin:/snap/bin:/usr/local/go/bin:/home/ccl/.vscode/extensions/ms-python.debugpy-2025.4.0-linux-x64/bundled/scripts/noConfigScripts:/usr/local/go/bin', 'SESSION_MANAGER': 'local/ubuntu64:@/tmp/.ICE-unix/1286,unix/ubuntu64:/tmp/.ICE-unix/1286', 'INVOCATION_ID': 'a2df986e80c248b180bb0004ea66587c', 'XDG_MENU_PREFIX': 'gnome-', 'LC_ADDRESS': 'zh_CN.UTF-8', 'GNOME_SETUP_DISPLAY': ':1', 'XDG_RUNTIME_DIR': '/run/user/1000', 'GDK_BACKEND': 'x11', 'DISPLAY': ':0', 'VSCODE_DEBUGPY_ADAPTER_ENDPOINTS': '/home/ccl/.vscode/extensions/ms-python.debugpy-2025.4.0-linux-x64/.noConfigDebugAdapterEndpoints/endpoint-17a7e6cfd4e60750.txt', 'LANG': 'en_US.UTF-8', 'XDG_CURRENT_DESKTOP': 'Unity', 'LC_TELEPHONE': 'zh_CN.UTF-8', 'XMODIFIERS': '@im=fcitx', 'XDG_SESSION_DESKTOP': 'ubuntu', 'XAUTHORITY': '/run/user/1000/.mutter-Xwaylandauth.SG5222', 'LS_COLORS': 'rs=0:di=01;34:ln=01;36:mh=00:pi=40;33:so=01;35:do=01;35:bd=40;33;01:cd=40;33;01:or=40;31;01:mi=00:su=37;41:sg=30;43:ca=30;41:tw=30;42:ow=34;42:st=37;44:ex=01;32:*.tar=01;31:*.tgz=01;31:*.arc=01;31:*.arj=01;31:*.taz=01;31:*.lha=01;31:*.lz4=01;31:*.lzh=01;31:*.lzma=01;31:*.tlz=01;31:*.txz=01;31:*.tzo=01;31:*.t7z=01;31:*.zip=01;31:*.z=01;31:*.dz=01;31:*.gz=01;31:*.lrz=01;31:*.lz=01;31:*.lzo=01;31:*.xz=01;31:*.zst=01;31:*.tzst=01;31:*.bz2=01;31:*.bz=01;31:*.tbz=01;31:*.tbz2=01;31:*.tz=01;31:*.deb=01;31:*.rpm=01;31:*.jar=01;31:*.war=01;31:*.ear=01;31:*.sar=01;31:*.rar=01;31:*.alz=01;31:*.ace=01;31:*.zoo=01;31:*.cpio=01;31:*.7z=01;31:*.rz=01;31:*.cab=01;31:*.wim=01;31:*.swm=01;31:*.dwm=01;31:*.esd=01;31:*.jpg=01;35:*.jpeg=01;35:*.mjpg=01;35:*.mjpeg=01;35:*.gif=01;35:*.bmp=01;35:*.pbm=01;35:*.pgm=01;35:*.ppm=01;35:*.tga=01;35:*.xbm=01;35:*.xpm=01;35:*.tif=01;35:*.tiff=01;35:*.png=01;35:*.svg=01;35:*.svgz=01;35:*.mng=01;35:*.pcx=01;35:*.mov=01;35:*.mpg=01;35:*.mpeg=01;35:*.m2v=01;35:*.mkv=01;35:*.webm=01;35:*.webp=01;35:*.ogm=01;35:*.mp4=01;35:*.m4v=01;35:*.mp4v=01;35:*.vob=01;35:*.qt=01;35:*.nuv=01;35:*.wmv=01;35:*.asf=01;35:*.rm=01;35:*.rmvb=01;35:*.flc=01;35:*.avi=01;35:*.fli=01;35:*.flv=01;35:*.gl=01;35:*.dl=01;35:*.xcf=01;35:*.xwd=01;35:*.yuv=01;35:*.cgm=01;35:*.emf=01;35:*.ogv=01;35:*.ogx=01;35:*.aac=00;36:*.au=00;36:*.flac=00;36:*.m4a=00;36:*.mid=00;36:*.midi=00;36:*.mka=00;36:*.mp3=00;36:*.mpc=00;36:*.ogg=00;36:*.ra=00;36:*.wav=00;36:*.oga=00;36:*.opus=00;36:*.spx=00;36:*.xspf=00;36:', 'VSCODE_GIT_IPC_HANDLE': '/run/user/1000/vscode-git-9d2c69e155.sock', 'TERM_PROGRAM': 'vscode', 'SSH_AGENT_LAUNCHER': 'gnome-keyring', 'SSH_AUTH_SOCK': '/run/user/1000/keyring/ssh', 'AMENT_PREFIX_PATH': '/home/ccl/Multitask-Drone/install/drone_vision:/home/ccl/Multitask-Drone/install/drone_monitor:/home/ccl/Multitask-Drone/install/drone_controller:/home/ccl/Multitask-Drone/install/drone_interfaces:/opt/ros/humble', 'QUIC_GO_LOG_LEVEL': 'debug', 'ORIGINAL_XDG_CURRENT_DESKTOP': 'ubuntu:GNOME', 'SHELL': '/bin/bash', 'LC_NAME': 'zh_CN.UTF-8', 'QT_ACCESSIBILITY': '1', 'GDMSESSION': 'ubuntu', 'LESSCLOSE': '/usr/bin/lesspipe %s %s', 'LC_MEASUREMENT': 'zh_CN.UTF-8', 'GJS_DEBUG_OUTPUT': 'stderr', 'LC_IDENTIFICATION': 'zh_CN.UTF-8', 'VSCODE_GIT_ASKPASS_EXTRA_ARGS': '', 'QT_IM_MODULE': 'fcitx', 'PWD': '/home/ccl/Multitask-Drone/build/drone_controller', 'LC_ALL': 'en_US.UTF-8', 'XDG_CONFIG_DIRS': '/etc/xdg/xdg-ubuntu:/etc/xdg', 'CLUTTER_IM_MODULE': 'xim', 'XDG_DATA_DIRS': '/usr/share/ubuntu:/usr/local/share/:/usr/share/:/var/lib/snapd/desktop', 'PYTHONPATH': '/home/ccl/Multitask-Drone/build/drone_controller/prefix_override:/usr/lib/python3/dist-packages/colcon_core/task/python/colcon_distutils_commands:/home/ccl/Multitask-Drone/install/drone_controller/lib/python3.10/site-packages:/home/ccl/Multitask-Drone/install/drone_vision/lib/python3.10/site-packages:/home/ccl/Multitask-Drone/install/drone_monitor/lib/python3.10/site-packages:/home/ccl/Multitask-Drone/install/drone_controller/lib/python3.10/site-packages:/home/ccl/Multitask-Drone/install/drone_interfaces/local/lib/python3.10/dist-packages:/opt/ros/humble/lib/python3.10/site-packages:/opt/ros/humble/local/lib/python3.10/dist-packages', 'LC_NUMERIC': 'zh_CN.UTF-8', 'LC_PAPER': 'zh_CN.UTF-8', 'COLCON': '1', 'CMAKE_PREFIX_PATH': '/home/ccl/Multitask-Drone/install/drone_interfaces'}, 'shell': False}
[2.016099] (-) TimerEvent: {}
[2.116547] (-) TimerEvent: {}
[2.189955] (drone_controller) StdoutLine: {'line': b'running egg_info\n'}
[2.190669] (drone_controller) StdoutLine: {'line': b'writing ../../build/drone_controller/drone_controller.egg-info/PKG-INFO\n'}
[2.190874] (drone_controller) StdoutLine: {'line': b'writing dependency_links to ../../build/drone_controller/drone_controller.egg-info/dependency_links.txt\n'}
[2.191225] (drone_controller) StdoutLine: {'line': b'writing entry points to ../../build/drone_controller/drone_controller.egg-info/entry_points.txt\n'}
[2.191444] (drone_controller) StdoutLine: {'line': b'writing requirements to ../../build/drone_controller/drone_controller.egg-info/requires.txt\n'}
[2.191718] (drone_controller) StdoutLine: {'line': b'writing top-level names to ../../build/drone_controller/drone_controller.egg-info/top_level.txt\n'}
[2.193888] (drone_controller) StdoutLine: {'line': b"reading manifest file '../../build/drone_controller/drone_controller.egg-info/SOURCES.txt'\n"}
[2.194304] (drone_controller) StdoutLine: {'line': b"adding license file 'LICENSE'\n"}
[2.194721] (drone_controller) StdoutLine: {'line': b"writing manifest file '../../build/drone_controller/drone_controller.egg-info/SOURCES.txt'\n"}
[2.195664] (drone_controller) StdoutLine: {'line': b'running build\n'}
[2.195854] (drone_controller) StdoutLine: {'line': b'running build_py\n'}
[2.195937] (drone_controller) StdoutLine: {'line': b'copying drone_controller/drone_controller.py -> /home/ccl/Multitask-Drone/build/drone_controller/build/lib/drone_controller\n'}
[2.196758] (drone_controller) StdoutLine: {'line': b'running install\n'}
[2.197104] (drone_controller) StdoutLine: {'line': b'running install_lib\n'}
[2.197881] (drone_controller) StdoutLine: {'line': b'copying /home/ccl/Multitask-Drone/build/drone_controller/build/lib/drone_controller/drone_controller.py -> /home/ccl/Multitask-Drone/install/drone_controller/lib/python3.10/site-packages/drone_controller\n'}
[2.198801] (drone_controller) StdoutLine: {'line': b'byte-compiling /home/ccl/Multitask-Drone/install/drone_controller/lib/python3.10/site-packages/drone_controller/drone_controller.py to drone_controller.cpython-310.pyc\n'}
[2.203093] (drone_controller) StdoutLine: {'line': b'running install_data\n'}
[2.204976] (drone_controller) StdoutLine: {'line': b'running install_egg_info\n'}
[2.205059] (drone_controller) StdoutLine: {'line': b"removing '/home/ccl/Multitask-Drone/install/drone_controller/lib/python3.10/site-packages/drone_controller-0.0.0-py3.10.egg-info' (and everything under it)\n"}
[2.206881] (drone_controller) StdoutLine: {'line': b'Copying ../../build/drone_controller/drone_controller.egg-info to /home/ccl/Multitask-Drone/install/drone_controller/lib/python3.10/site-packages/drone_controller-0.0.0-py3.10.egg-info\n'}
[2.207039] (drone_controller) StdoutLine: {'line': b'running install_scripts\n'}
[2.216590] (-) TimerEvent: {}
[2.229820] (drone_controller) StdoutLine: {'line': b'Installing drone_controller script to /home/ccl/Multitask-Drone/install/drone_controller/lib/drone_controller\n'}
[2.230182] (drone_controller) StdoutLine: {'line': b'Installing task_executor script to /home/ccl/Multitask-Drone/install/drone_controller/lib/drone_controller\n'}
[2.230415] (drone_controller) StdoutLine: {'line': b'Installing waypoint_handler script to /home/ccl/Multitask-Drone/install/drone_controller/lib/drone_controller\n'}
[2.230591] (drone_controller) StdoutLine: {'line': b'Installing yiku_test script to /home/ccl/Multitask-Drone/install/drone_controller/lib/drone_controller\n'}
[2.231256] (drone_controller) StdoutLine: {'line': b"writing list of installed files to '/home/ccl/Multitask-Drone/build/drone_controller/install.log'\n"}
[2.245988] (drone_vision) StdoutLine: {'line': b'running egg_info\n'}
[2.248816] (drone_vision) StdoutLine: {'line': b'writing ../../build/drone_vision/drone_vision.egg-info/PKG-INFO\n'}
[2.248961] (drone_vision) StdoutLine: {'line': b'writing dependency_links to ../../build/drone_vision/drone_vision.egg-info/dependency_links.txt\n'}
[2.249009] (drone_vision) StdoutLine: {'line': b'writing entry points to ../../build/drone_vision/drone_vision.egg-info/entry_points.txt\n'}
[2.249052] (drone_vision) StdoutLine: {'line': b'writing requirements to ../../build/drone_vision/drone_vision.egg-info/requires.txt\n'}
[2.249094] (drone_vision) StdoutLine: {'line': b'writing top-level names to ../../build/drone_vision/drone_vision.egg-info/top_level.txt\n'}
[2.249920] (drone_vision) StdoutLine: {'line': b"reading manifest file '../../build/drone_vision/drone_vision.egg-info/SOURCES.txt'\n"}
[2.250441] (drone_vision) StdoutLine: {'line': b"adding license file 'LICENSE'\n"}
[2.251100] (drone_vision) StdoutLine: {'line': b"writing manifest file '../../build/drone_vision/drone_vision.egg-info/SOURCES.txt'\n"}
[2.251362] (drone_vision) StdoutLine: {'line': b'running build\n'}
[2.251445] (drone_vision) StdoutLine: {'line': b'running build_py\n'}
[2.251918] (drone_vision) StdoutLine: {'line': b'running install\n'}
[2.252288] (drone_vision) StdoutLine: {'line': b'running install_lib\n'}
[2.261017] (drone_controller) CommandEnded: {'returncode': 0}
[2.262951] (drone_vision) StdoutLine: {'line': b'running install_data\n'}
[2.263101] (drone_vision) StdoutLine: {'line': b'running install_egg_info\n'}
[2.263179] (drone_vision) StdoutLine: {'line': b"removing '/home/ccl/Multitask-Drone/install/drone_vision/lib/python3.10/site-packages/drone_vision-0.0.0-py3.10.egg-info' (and everything under it)\n"}
[2.263253] (drone_vision) StdoutLine: {'line': b'Copying ../../build/drone_vision/drone_vision.egg-info to /home/ccl/Multitask-Drone/install/drone_vision/lib/python3.10/site-packages/drone_vision-0.0.0-py3.10.egg-info\n'}
[2.263324] (drone_vision) StdoutLine: {'line': b'running install_scripts\n'}
[2.265468] (drone_controller) JobEnded: {'identifier': 'drone_controller', 'rc': 0}
[2.283838] (drone_vision) StdoutLine: {'line': b'Installing object_detector script to /home/ccl/Multitask-Drone/install/drone_vision/lib/drone_vision\n'}
[2.284055] (drone_vision) StdoutLine: {'line': b"writing list of installed files to '/home/ccl/Multitask-Drone/build/drone_vision/install.log'\n"}
[2.308782] (drone_vision) CommandEnded: {'returncode': 0}
[2.316916] (-) TimerEvent: {}
[2.317683] (drone_vision) JobEnded: {'identifier': 'drone_vision', 'rc': 0}
[2.318568] (-) EventReactorShutdown: {}
