[0.000000] (-) TimerEvent: {}
[0.000685] (drone_interfaces) JobQueued: {'identifier': 'drone_interfaces', 'dependencies': OrderedDict()}
[0.000732] (drone_monitor) JobQueued: {'identifier': 'drone_monitor', 'dependencies': OrderedDict()}
[0.000762] (drone_controller) JobQueued: {'identifier': 'drone_controller', 'dependencies': OrderedDict([('drone_interfaces', '/home/ccl/Multitask-Drone/install/drone_interfaces')])}
[0.000793] (drone_vision) JobQueued: {'identifier': 'drone_vision', 'dependencies': OrderedDict([('drone_interfaces', '/home/ccl/Multitask-Drone/install/drone_interfaces')])}
[0.000823] (drone_interfaces) JobStarted: {'identifier': 'drone_interfaces'}
[0.006529] (drone_monitor) JobStarted: {'identifier': 'drone_monitor'}
[0.013906] (drone_interfaces) JobProgress: {'identifier': 'drone_interfaces', 'progress': 'cmake'}
[0.024231] (drone_interfaces) JobProgress: {'identifier': 'drone_interfaces', 'progress': 'build'}
[0.024301] (drone_interfaces) Command: {'cmd': ['/usr/bin/cmake', '--build', '/home/ccl/Multitask-Drone/build/drone_interfaces', '--', '-j8', '-l8'], 'cwd': '/home/ccl/Multitask-Drone/build/drone_interfaces', 'env': OrderedDict([('GJS_DEBUG_TOPICS', 'JS ERROR;JS LOG'), ('LESSOPEN', '| /usr/bin/lesspipe %s'), ('SVGA_VGPU10', '0'), ('no_proxy', '127.0.0.1, localhost'), ('USER', 'ccl'), ('LC_TIME', 'zh_CN.UTF-8'), ('XDG_SESSION_TYPE', 'wayland'), ('GIT_ASKPASS', '/usr/share/code/resources/app/extensions/git/dist/askpass.sh'), ('SHLVL', '1'), ('LD_LIBRARY_PATH', '/home/ccl/Multitask-Drone/install/drone_interfaces/lib:/opt/ros/humble/opt/rviz_ogre_vendor/lib:/opt/ros/humble/lib/x86_64-linux-gnu:/opt/ros/humble/lib'), ('HOME', '/home/ccl'), ('CHROME_DESKTOP', 'code.desktop'), ('OLDPWD', '/home/ccl'), ('TERM_PROGRAM_VERSION', '1.98.0'), ('DESKTOP_SESSION', 'ubuntu'), ('GIO_LAUNCHED_DESKTOP_FILE', '/usr/share/applications/code.desktop'), ('ROS_PYTHON_VERSION', '3'), ('GNOME_SHELL_SESSION_MODE', 'ubuntu'), ('GTK_MODULES', 'gail:atk-bridge'), ('VSCODE_GIT_ASKPASS_MAIN', '/usr/share/code/resources/app/extensions/git/dist/askpass-main.js'), ('LC_MONETARY', 'zh_CN.UTF-8'), ('VSCODE_GIT_ASKPASS_NODE', '/usr/share/code/code'), ('MANAGERPID', '1078'), ('PYDEVD_DISABLE_FILE_VALIDATION', '1'), ('SYSTEMD_EXEC_PID', '1235'), ('BUNDLED_DEBUGPY_PATH', '/home/ccl/.vscode/extensions/ms-python.debugpy-2025.4.0-linux-x64/bundled/libs/debugpy'), ('IM_CONFIG_CHECK_ENV', '1'), ('DBUS_SESSION_BUS_ADDRESS', 'unix:path=/run/user/1000/bus'), ('COLORTERM', 'truecolor'), ('GIO_LAUNCHED_DESKTOP_FILE_PID', '17873'), ('IM_CONFIG_PHASE', '1'), ('WAYLAND_DISPLAY', 'wayland-0'), ('https_proxy', 'http://192.168.218.1:5555'), ('COLCON_PREFIX_PATH', '/home/ccl/Multitask-Drone/install'), ('ROS_DISTRO', 'humble'), ('GTK_IM_MODULE', 'fcitx'), ('LOGNAME', 'ccl'), ('http_proxy', 'http://192.168.218.1:5555'), ('JOURNAL_STREAM', '8:17839'), ('_', '/usr/bin/colcon'), ('ROS_VERSION', '2'), ('XDG_SESSION_CLASS', 'user'), ('USERNAME', 'ccl'), ('TERM', 'xterm-256color'), ('GNOME_DESKTOP_SESSION_ID', 'this-is-deprecated'), ('ROS_LOCALHOST_ONLY', '0'), ('PATH', '/home/ccl/.local/bin:/opt/ros/humble/bin:/home/ccl/.local/bin:/usr/local/sbin:/usr/local/bin:/usr/sbin:/usr/bin:/sbin:/bin:/usr/games:/usr/local/games:/snap/bin:/usr/local/go/bin:/home/ccl/.vscode/extensions/ms-python.debugpy-2025.4.0-linux-x64/bundled/scripts/noConfigScripts:/usr/local/go/bin'), ('SESSION_MANAGER', 'local/ubuntu64:@/tmp/.ICE-unix/1212,unix/ubuntu64:/tmp/.ICE-unix/1212'), ('INVOCATION_ID', 'b97f6cc10fc1482b957a1d12886b36f0'), ('XDG_MENU_PREFIX', 'gnome-'), ('LC_ADDRESS', 'zh_CN.UTF-8'), ('GNOME_SETUP_DISPLAY', ':1'), ('XDG_RUNTIME_DIR', '/run/user/1000'), ('GDK_BACKEND', 'x11'), ('DISPLAY', ':0'), ('VSCODE_DEBUGPY_ADAPTER_ENDPOINTS', '/home/ccl/.vscode/extensions/ms-python.debugpy-2025.4.0-linux-x64/.noConfigDebugAdapterEndpoints/endpoint-17a7e6cfd4e60750.txt'), ('LANG', 'en_US.UTF-8'), ('XDG_CURRENT_DESKTOP', 'Unity'), ('LC_TELEPHONE', 'zh_CN.UTF-8'), ('XMODIFIERS', '@im=fcitx'), ('XDG_SESSION_DESKTOP', 'ubuntu'), ('XAUTHORITY', '/run/user/1000/.mutter-Xwaylandauth.23GQ22'), ('LS_COLORS', 'rs=0:di=01;34:ln=01;36:mh=00:pi=40;33:so=01;35:do=01;35:bd=40;33;01:cd=40;33;01:or=40;31;01:mi=00:su=37;41:sg=30;43:ca=30;41:tw=30;42:ow=34;42:st=37;44:ex=01;32:*.tar=01;31:*.tgz=01;31:*.arc=01;31:*.arj=01;31:*.taz=01;31:*.lha=01;31:*.lz4=01;31:*.lzh=01;31:*.lzma=01;31:*.tlz=01;31:*.txz=01;31:*.tzo=01;31:*.t7z=01;31:*.zip=01;31:*.z=01;31:*.dz=01;31:*.gz=01;31:*.lrz=01;31:*.lz=01;31:*.lzo=01;31:*.xz=01;31:*.zst=01;31:*.tzst=01;31:*.bz2=01;31:*.bz=01;31:*.tbz=01;31:*.tbz2=01;31:*.tz=01;31:*.deb=01;31:*.rpm=01;31:*.jar=01;31:*.war=01;31:*.ear=01;31:*.sar=01;31:*.rar=01;31:*.alz=01;31:*.ace=01;31:*.zoo=01;31:*.cpio=01;31:*.7z=01;31:*.rz=01;31:*.cab=01;31:*.wim=01;31:*.swm=01;31:*.dwm=01;31:*.esd=01;31:*.jpg=01;35:*.jpeg=01;35:*.mjpg=01;35:*.mjpeg=01;35:*.gif=01;35:*.bmp=01;35:*.pbm=01;35:*.pgm=01;35:*.ppm=01;35:*.tga=01;35:*.xbm=01;35:*.xpm=01;35:*.tif=01;35:*.tiff=01;35:*.png=01;35:*.svg=01;35:*.svgz=01;35:*.mng=01;35:*.pcx=01;35:*.mov=01;35:*.mpg=01;35:*.mpeg=01;35:*.m2v=01;35:*.mkv=01;35:*.webm=01;35:*.webp=01;35:*.ogm=01;35:*.mp4=01;35:*.m4v=01;35:*.mp4v=01;35:*.vob=01;35:*.qt=01;35:*.nuv=01;35:*.wmv=01;35:*.asf=01;35:*.rm=01;35:*.rmvb=01;35:*.flc=01;35:*.avi=01;35:*.fli=01;35:*.flv=01;35:*.gl=01;35:*.dl=01;35:*.xcf=01;35:*.xwd=01;35:*.yuv=01;35:*.cgm=01;35:*.emf=01;35:*.ogv=01;35:*.ogx=01;35:*.aac=00;36:*.au=00;36:*.flac=00;36:*.m4a=00;36:*.mid=00;36:*.midi=00;36:*.mka=00;36:*.mp3=00;36:*.mpc=00;36:*.ogg=00;36:*.ra=00;36:*.wav=00;36:*.oga=00;36:*.opus=00;36:*.spx=00;36:*.xspf=00;36:'), ('VSCODE_GIT_IPC_HANDLE', '/run/user/1000/vscode-git-9d2c69e155.sock'), ('TERM_PROGRAM', 'vscode'), ('SSH_AGENT_LAUNCHER', 'gnome-keyring'), ('SSH_AUTH_SOCK', '/run/user/1000/keyring/ssh'), ('AMENT_PREFIX_PATH', '/home/ccl/Multitask-Drone/install/drone_vision:/home/ccl/Multitask-Drone/install/drone_monitor:/home/ccl/Multitask-Drone/install/drone_controller:/home/ccl/Multitask-Drone/install/drone_interfaces:/opt/ros/humble'), ('QUIC_GO_LOG_LEVEL', 'debug'), ('ORIGINAL_XDG_CURRENT_DESKTOP', 'ubuntu:GNOME'), ('SHELL', '/bin/bash'), ('LC_NAME', 'zh_CN.UTF-8'), ('QT_ACCESSIBILITY', '1'), ('GDMSESSION', 'ubuntu'), ('LESSCLOSE', '/usr/bin/lesspipe %s %s'), ('LC_MEASUREMENT', 'zh_CN.UTF-8'), ('GJS_DEBUG_OUTPUT', 'stderr'), ('LC_IDENTIFICATION', 'zh_CN.UTF-8'), ('VSCODE_GIT_ASKPASS_EXTRA_ARGS', ''), ('QT_IM_MODULE', 'fcitx'), ('PWD', '/home/ccl/Multitask-Drone/build/drone_interfaces'), ('LC_ALL', 'en_US.UTF-8'), ('XDG_CONFIG_DIRS', '/etc/xdg/xdg-ubuntu:/etc/xdg'), ('CLUTTER_IM_MODULE', 'xim'), ('XDG_DATA_DIRS', '/usr/share/ubuntu:/usr/local/share:/usr/share:/var/lib/snapd/desktop'), ('PYTHONPATH', '/home/ccl/Multitask-Drone/install/drone_vision/lib/python3.10/site-packages:/home/ccl/Multitask-Drone/install/drone_monitor/lib/python3.10/site-packages:/home/ccl/Multitask-Drone/install/drone_controller/lib/python3.10/site-packages:/home/ccl/Multitask-Drone/install/drone_interfaces/local/lib/python3.10/dist-packages:/opt/ros/humble/lib/python3.10/site-packages:/opt/ros/humble/local/lib/python3.10/dist-packages'), ('LC_NUMERIC', 'zh_CN.UTF-8'), ('LC_PAPER', 'zh_CN.UTF-8'), ('COLCON', '1'), ('CMAKE_PREFIX_PATH', '/home/ccl/Multitask-Drone/install/drone_interfaces:/home/ccl/Multitask-Drone/install/drone_vision:/home/ccl/Multitask-Drone/install/drone_monitor:/home/ccl/Multitask-Drone/install/drone_controller:/opt/ros/humble')]), 'shell': False}
[0.100701] (-) TimerEvent: {}
[0.141856] (drone_interfaces) StdoutLine: {'line': b'[  1%] Built target drone_interfaces__cpp\n'}
[0.198737] (drone_interfaces) StdoutLine: {'line': b'[  1%] Built target ament_cmake_python_copy_drone_interfaces\n'}
[0.200798] (-) TimerEvent: {}
[0.264292] (drone_interfaces) StdoutLine: {'line': b'[ 12%] Built target drone_interfaces__rosidl_typesupport_introspection_cpp\n'}
[0.301166] (-) TimerEvent: {}
[0.401590] (-) TimerEvent: {}
[0.501898] (-) TimerEvent: {}
[0.522115] (drone_interfaces) StdoutLine: {'line': b'running egg_info\n'}
[0.522699] (drone_interfaces) StdoutLine: {'line': b'writing drone_interfaces.egg-info/PKG-INFO\n'}
[0.523058] (drone_interfaces) StdoutLine: {'line': b'writing dependency_links to drone_interfaces.egg-info/dependency_links.txt\n'}
[0.523706] (drone_interfaces) StdoutLine: {'line': b'writing top-level names to drone_interfaces.egg-info/top_level.txt\n'}
[0.527869] (drone_interfaces) StdoutLine: {'line': b"reading manifest file 'drone_interfaces.egg-info/SOURCES.txt'\n"}
[0.528042] (drone_interfaces) StdoutLine: {'line': b"writing manifest file 'drone_interfaces.egg-info/SOURCES.txt'\n"}
[0.555167] (drone_interfaces) StdoutLine: {'line': b'[ 12%] Built target ament_cmake_python_build_drone_interfaces_egg\n'}
[0.598809] (drone_interfaces) StdoutLine: {'line': b'[ 24%] Built target drone_interfaces__rosidl_typesupport_fastrtps_cpp\n'}
[0.602003] (-) TimerEvent: {}
[0.646691] (drone_interfaces) StdoutLine: {'line': b'[ 35%] Built target drone_interfaces__rosidl_typesupport_cpp\n'}
[0.655992] (drone_monitor) Command: {'cmd': ['/usr/bin/python3', '-W', 'ignore:setup.py install is deprecated', '-W', 'ignore:easy_install command is deprecated', 'setup.py', 'egg_info', '--egg-base', '../../build/drone_monitor', 'build', '--build-base', '/home/ccl/Multitask-Drone/build/drone_monitor/build', 'install', '--record', '/home/ccl/Multitask-Drone/build/drone_monitor/install.log', '--single-version-externally-managed', 'install_data'], 'cwd': '/home/ccl/Multitask-Drone/src/drone_monitor', 'env': {'GJS_DEBUG_TOPICS': 'JS ERROR;JS LOG', 'LESSOPEN': '| /usr/bin/lesspipe %s', 'SVGA_VGPU10': '0', 'no_proxy': '127.0.0.1, localhost', 'USER': 'ccl', 'LC_TIME': 'zh_CN.UTF-8', 'XDG_SESSION_TYPE': 'wayland', 'GIT_ASKPASS': '/usr/share/code/resources/app/extensions/git/dist/askpass.sh', 'SHLVL': '1', 'LD_LIBRARY_PATH': '/home/ccl/Multitask-Drone/install/drone_interfaces/lib:/opt/ros/humble/opt/rviz_ogre_vendor/lib:/opt/ros/humble/lib/x86_64-linux-gnu:/opt/ros/humble/lib', 'HOME': '/home/ccl', 'CHROME_DESKTOP': 'code.desktop', 'OLDPWD': '/home/ccl', 'TERM_PROGRAM_VERSION': '1.98.0', 'DESKTOP_SESSION': 'ubuntu', 'GIO_LAUNCHED_DESKTOP_FILE': '/usr/share/applications/code.desktop', 'ROS_PYTHON_VERSION': '3', 'GNOME_SHELL_SESSION_MODE': 'ubuntu', 'GTK_MODULES': 'gail:atk-bridge', 'VSCODE_GIT_ASKPASS_MAIN': '/usr/share/code/resources/app/extensions/git/dist/askpass-main.js', 'LC_MONETARY': 'zh_CN.UTF-8', 'VSCODE_GIT_ASKPASS_NODE': '/usr/share/code/code', 'MANAGERPID': '1078', 'PYDEVD_DISABLE_FILE_VALIDATION': '1', 'SYSTEMD_EXEC_PID': '1235', 'BUNDLED_DEBUGPY_PATH': '/home/ccl/.vscode/extensions/ms-python.debugpy-2025.4.0-linux-x64/bundled/libs/debugpy', 'IM_CONFIG_CHECK_ENV': '1', 'DBUS_SESSION_BUS_ADDRESS': 'unix:path=/run/user/1000/bus', 'COLORTERM': 'truecolor', 'GIO_LAUNCHED_DESKTOP_FILE_PID': '17873', 'IM_CONFIG_PHASE': '1', 'WAYLAND_DISPLAY': 'wayland-0', 'https_proxy': 'http://192.168.218.1:5555', 'COLCON_PREFIX_PATH': '/home/ccl/Multitask-Drone/install', 'ROS_DISTRO': 'humble', 'GTK_IM_MODULE': 'fcitx', 'LOGNAME': 'ccl', 'http_proxy': 'http://192.168.218.1:5555', 'JOURNAL_STREAM': '8:17839', '_': '/usr/bin/colcon', 'ROS_VERSION': '2', 'XDG_SESSION_CLASS': 'user', 'USERNAME': 'ccl', 'TERM': 'xterm-256color', 'GNOME_DESKTOP_SESSION_ID': 'this-is-deprecated', 'ROS_LOCALHOST_ONLY': '0', 'PATH': '/home/ccl/.local/bin:/opt/ros/humble/bin:/home/ccl/.local/bin:/usr/local/sbin:/usr/local/bin:/usr/sbin:/usr/bin:/sbin:/bin:/usr/games:/usr/local/games:/snap/bin:/usr/local/go/bin:/home/ccl/.vscode/extensions/ms-python.debugpy-2025.4.0-linux-x64/bundled/scripts/noConfigScripts:/usr/local/go/bin', 'SESSION_MANAGER': 'local/ubuntu64:@/tmp/.ICE-unix/1212,unix/ubuntu64:/tmp/.ICE-unix/1212', 'INVOCATION_ID': 'b97f6cc10fc1482b957a1d12886b36f0', 'XDG_MENU_PREFIX': 'gnome-', 'LC_ADDRESS': 'zh_CN.UTF-8', 'GNOME_SETUP_DISPLAY': ':1', 'XDG_RUNTIME_DIR': '/run/user/1000', 'GDK_BACKEND': 'x11', 'DISPLAY': ':0', 'VSCODE_DEBUGPY_ADAPTER_ENDPOINTS': '/home/ccl/.vscode/extensions/ms-python.debugpy-2025.4.0-linux-x64/.noConfigDebugAdapterEndpoints/endpoint-17a7e6cfd4e60750.txt', 'LANG': 'en_US.UTF-8', 'XDG_CURRENT_DESKTOP': 'Unity', 'LC_TELEPHONE': 'zh_CN.UTF-8', 'XMODIFIERS': '@im=fcitx', 'XDG_SESSION_DESKTOP': 'ubuntu', 'XAUTHORITY': '/run/user/1000/.mutter-Xwaylandauth.23GQ22', 'LS_COLORS': 'rs=0:di=01;34:ln=01;36:mh=00:pi=40;33:so=01;35:do=01;35:bd=40;33;01:cd=40;33;01:or=40;31;01:mi=00:su=37;41:sg=30;43:ca=30;41:tw=30;42:ow=34;42:st=37;44:ex=01;32:*.tar=01;31:*.tgz=01;31:*.arc=01;31:*.arj=01;31:*.taz=01;31:*.lha=01;31:*.lz4=01;31:*.lzh=01;31:*.lzma=01;31:*.tlz=01;31:*.txz=01;31:*.tzo=01;31:*.t7z=01;31:*.zip=01;31:*.z=01;31:*.dz=01;31:*.gz=01;31:*.lrz=01;31:*.lz=01;31:*.lzo=01;31:*.xz=01;31:*.zst=01;31:*.tzst=01;31:*.bz2=01;31:*.bz=01;31:*.tbz=01;31:*.tbz2=01;31:*.tz=01;31:*.deb=01;31:*.rpm=01;31:*.jar=01;31:*.war=01;31:*.ear=01;31:*.sar=01;31:*.rar=01;31:*.alz=01;31:*.ace=01;31:*.zoo=01;31:*.cpio=01;31:*.7z=01;31:*.rz=01;31:*.cab=01;31:*.wim=01;31:*.swm=01;31:*.dwm=01;31:*.esd=01;31:*.jpg=01;35:*.jpeg=01;35:*.mjpg=01;35:*.mjpeg=01;35:*.gif=01;35:*.bmp=01;35:*.pbm=01;35:*.pgm=01;35:*.ppm=01;35:*.tga=01;35:*.xbm=01;35:*.xpm=01;35:*.tif=01;35:*.tiff=01;35:*.png=01;35:*.svg=01;35:*.svgz=01;35:*.mng=01;35:*.pcx=01;35:*.mov=01;35:*.mpg=01;35:*.mpeg=01;35:*.m2v=01;35:*.mkv=01;35:*.webm=01;35:*.webp=01;35:*.ogm=01;35:*.mp4=01;35:*.m4v=01;35:*.mp4v=01;35:*.vob=01;35:*.qt=01;35:*.nuv=01;35:*.wmv=01;35:*.asf=01;35:*.rm=01;35:*.rmvb=01;35:*.flc=01;35:*.avi=01;35:*.fli=01;35:*.flv=01;35:*.gl=01;35:*.dl=01;35:*.xcf=01;35:*.xwd=01;35:*.yuv=01;35:*.cgm=01;35:*.emf=01;35:*.ogv=01;35:*.ogx=01;35:*.aac=00;36:*.au=00;36:*.flac=00;36:*.m4a=00;36:*.mid=00;36:*.midi=00;36:*.mka=00;36:*.mp3=00;36:*.mpc=00;36:*.ogg=00;36:*.ra=00;36:*.wav=00;36:*.oga=00;36:*.opus=00;36:*.spx=00;36:*.xspf=00;36:', 'VSCODE_GIT_IPC_HANDLE': '/run/user/1000/vscode-git-9d2c69e155.sock', 'TERM_PROGRAM': 'vscode', 'SSH_AGENT_LAUNCHER': 'gnome-keyring', 'SSH_AUTH_SOCK': '/run/user/1000/keyring/ssh', 'AMENT_PREFIX_PATH': '/home/ccl/Multitask-Drone/install/drone_vision:/home/ccl/Multitask-Drone/install/drone_monitor:/home/ccl/Multitask-Drone/install/drone_controller:/home/ccl/Multitask-Drone/install/drone_interfaces:/opt/ros/humble', 'QUIC_GO_LOG_LEVEL': 'debug', 'ORIGINAL_XDG_CURRENT_DESKTOP': 'ubuntu:GNOME', 'SHELL': '/bin/bash', 'LC_NAME': 'zh_CN.UTF-8', 'QT_ACCESSIBILITY': '1', 'GDMSESSION': 'ubuntu', 'LESSCLOSE': '/usr/bin/lesspipe %s %s', 'LC_MEASUREMENT': 'zh_CN.UTF-8', 'GJS_DEBUG_OUTPUT': 'stderr', 'LC_IDENTIFICATION': 'zh_CN.UTF-8', 'VSCODE_GIT_ASKPASS_EXTRA_ARGS': '', 'QT_IM_MODULE': 'fcitx', 'PWD': '/home/ccl/Multitask-Drone/build/drone_monitor', 'LC_ALL': 'en_US.UTF-8', 'XDG_CONFIG_DIRS': '/etc/xdg/xdg-ubuntu:/etc/xdg', 'CLUTTER_IM_MODULE': 'xim', 'XDG_DATA_DIRS': '/usr/share/ubuntu:/usr/local/share:/usr/share:/var/lib/snapd/desktop', 'PYTHONPATH': '/home/ccl/Multitask-Drone/build/drone_monitor/prefix_override:/usr/lib/python3/dist-packages/colcon_core/task/python/colcon_distutils_commands:/home/ccl/Multitask-Drone/install/drone_monitor/lib/python3.10/site-packages:/home/ccl/Multitask-Drone/install/drone_vision/lib/python3.10/site-packages:/home/ccl/Multitask-Drone/install/drone_monitor/lib/python3.10/site-packages:/home/ccl/Multitask-Drone/install/drone_controller/lib/python3.10/site-packages:/home/ccl/Multitask-Drone/install/drone_interfaces/local/lib/python3.10/dist-packages:/opt/ros/humble/lib/python3.10/site-packages:/opt/ros/humble/local/lib/python3.10/dist-packages', 'LC_NUMERIC': 'zh_CN.UTF-8', 'LC_PAPER': 'zh_CN.UTF-8', 'COLCON': '1', 'CMAKE_PREFIX_PATH': '/home/ccl/Multitask-Drone/install/drone_interfaces'}, 'shell': False}
[0.687031] (drone_interfaces) StdoutLine: {'line': b'[ 47%] Built target drone_interfaces__rosidl_generator_c\n'}
[0.702131] (-) TimerEvent: {}
[0.756810] (drone_interfaces) StdoutLine: {'line': b'[ 58%] Built target drone_interfaces__rosidl_typesupport_fastrtps_c\n'}
[0.795050] (drone_interfaces) StdoutLine: {'line': b'[ 70%] Built target drone_interfaces__rosidl_typesupport_c\n'}
[0.803054] (-) TimerEvent: {}
[0.850750] (drone_interfaces) StdoutLine: {'line': b'[ 82%] Built target drone_interfaces__rosidl_typesupport_introspection_c\n'}
[0.894880] (drone_interfaces) StdoutLine: {'line': b'[ 82%] Built target drone_interfaces\n'}
[0.903904] (-) TimerEvent: {}
[0.931759] (drone_interfaces) StdoutLine: {'line': b'[ 83%] Built target drone_interfaces__py\n'}
[0.944738] (drone_monitor) StdoutLine: {'line': b'running egg_info\n'}
[0.944913] (drone_monitor) StdoutLine: {'line': b'writing ../../build/drone_monitor/drone_monitor.egg-info/PKG-INFO\n'}
[0.945086] (drone_monitor) StdoutLine: {'line': b'writing dependency_links to ../../build/drone_monitor/drone_monitor.egg-info/dependency_links.txt\n'}
[0.945150] (drone_monitor) StdoutLine: {'line': b'writing entry points to ../../build/drone_monitor/drone_monitor.egg-info/entry_points.txt\n'}
[0.945192] (drone_monitor) StdoutLine: {'line': b'writing requirements to ../../build/drone_monitor/drone_monitor.egg-info/requires.txt\n'}
[0.945232] (drone_monitor) StdoutLine: {'line': b'writing top-level names to ../../build/drone_monitor/drone_monitor.egg-info/top_level.txt\n'}
[0.950036] (drone_monitor) StdoutLine: {'line': b"reading manifest file '../../build/drone_monitor/drone_monitor.egg-info/SOURCES.txt'\n"}
[0.950175] (drone_monitor) StdoutLine: {'line': b"adding license file 'LICENSE'\n"}
[0.950222] (drone_monitor) StdoutLine: {'line': b"writing manifest file '../../build/drone_monitor/drone_monitor.egg-info/SOURCES.txt'\n"}
[0.950266] (drone_monitor) StdoutLine: {'line': b'running build\n'}
[0.950307] (drone_monitor) StdoutLine: {'line': b'running build_py\n'}
[0.950347] (drone_monitor) StdoutLine: {'line': b'running install\n'}
[0.950387] (drone_monitor) StdoutLine: {'line': b'running install_lib\n'}
[0.951411] (drone_monitor) StdoutLine: {'line': b'running install_data\n'}
[0.951546] (drone_monitor) StdoutLine: {'line': b'running install_egg_info\n'}
[0.953765] (drone_monitor) StdoutLine: {'line': b"removing '/home/ccl/Multitask-Drone/install/drone_monitor/lib/python3.10/site-packages/drone_monitor-0.0.0-py3.10.egg-info' (and everything under it)\n"}
[0.957716] (drone_monitor) StdoutLine: {'line': b'Copying ../../build/drone_monitor/drone_monitor.egg-info to /home/ccl/Multitask-Drone/install/drone_monitor/lib/python3.10/site-packages/drone_monitor-0.0.0-py3.10.egg-info\n'}
[0.957827] (drone_monitor) StdoutLine: {'line': b'running install_scripts\n'}
[0.982461] (drone_monitor) StdoutLine: {'line': b"writing list of installed files to '/home/ccl/Multitask-Drone/build/drone_monitor/install.log'\n"}
[0.999862] (drone_interfaces) StdoutLine: {'line': b'[ 93%] Built target drone_interfaces__rosidl_generator_py\n'}
[1.004017] (-) TimerEvent: {}
[1.020321] (drone_monitor) CommandEnded: {'returncode': 0}
[1.024407] (drone_monitor) JobEnded: {'identifier': 'drone_monitor', 'rc': 0}
[1.033610] (drone_interfaces) StdoutLine: {'line': b'[ 95%] Built target drone_interfaces__rosidl_typesupport_fastrtps_c__pyext\n'}
[1.078469] (drone_interfaces) StdoutLine: {'line': b'[ 97%] Built target drone_interfaces__rosidl_typesupport_c__pyext\n'}
[1.104158] (-) TimerEvent: {}
[1.113540] (drone_interfaces) StdoutLine: {'line': b'[100%] Built target drone_interfaces__rosidl_typesupport_introspection_c__pyext\n'}
[1.131120] (drone_interfaces) CommandEnded: {'returncode': 0}
[1.131459] (drone_interfaces) JobProgress: {'identifier': 'drone_interfaces', 'progress': 'install'}
[1.140620] (drone_interfaces) Command: {'cmd': ['/usr/bin/cmake', '--install', '/home/ccl/Multitask-Drone/build/drone_interfaces'], 'cwd': '/home/ccl/Multitask-Drone/build/drone_interfaces', 'env': OrderedDict([('GJS_DEBUG_TOPICS', 'JS ERROR;JS LOG'), ('LESSOPEN', '| /usr/bin/lesspipe %s'), ('SVGA_VGPU10', '0'), ('no_proxy', '127.0.0.1, localhost'), ('USER', 'ccl'), ('LC_TIME', 'zh_CN.UTF-8'), ('XDG_SESSION_TYPE', 'wayland'), ('GIT_ASKPASS', '/usr/share/code/resources/app/extensions/git/dist/askpass.sh'), ('SHLVL', '1'), ('LD_LIBRARY_PATH', '/home/ccl/Multitask-Drone/install/drone_interfaces/lib:/opt/ros/humble/opt/rviz_ogre_vendor/lib:/opt/ros/humble/lib/x86_64-linux-gnu:/opt/ros/humble/lib'), ('HOME', '/home/ccl'), ('CHROME_DESKTOP', 'code.desktop'), ('OLDPWD', '/home/ccl'), ('TERM_PROGRAM_VERSION', '1.98.0'), ('DESKTOP_SESSION', 'ubuntu'), ('GIO_LAUNCHED_DESKTOP_FILE', '/usr/share/applications/code.desktop'), ('ROS_PYTHON_VERSION', '3'), ('GNOME_SHELL_SESSION_MODE', 'ubuntu'), ('GTK_MODULES', 'gail:atk-bridge'), ('VSCODE_GIT_ASKPASS_MAIN', '/usr/share/code/resources/app/extensions/git/dist/askpass-main.js'), ('LC_MONETARY', 'zh_CN.UTF-8'), ('VSCODE_GIT_ASKPASS_NODE', '/usr/share/code/code'), ('MANAGERPID', '1078'), ('PYDEVD_DISABLE_FILE_VALIDATION', '1'), ('SYSTEMD_EXEC_PID', '1235'), ('BUNDLED_DEBUGPY_PATH', '/home/ccl/.vscode/extensions/ms-python.debugpy-2025.4.0-linux-x64/bundled/libs/debugpy'), ('IM_CONFIG_CHECK_ENV', '1'), ('DBUS_SESSION_BUS_ADDRESS', 'unix:path=/run/user/1000/bus'), ('COLORTERM', 'truecolor'), ('GIO_LAUNCHED_DESKTOP_FILE_PID', '17873'), ('IM_CONFIG_PHASE', '1'), ('WAYLAND_DISPLAY', 'wayland-0'), ('https_proxy', 'http://192.168.218.1:5555'), ('COLCON_PREFIX_PATH', '/home/ccl/Multitask-Drone/install'), ('ROS_DISTRO', 'humble'), ('GTK_IM_MODULE', 'fcitx'), ('LOGNAME', 'ccl'), ('http_proxy', 'http://192.168.218.1:5555'), ('JOURNAL_STREAM', '8:17839'), ('_', '/usr/bin/colcon'), ('ROS_VERSION', '2'), ('XDG_SESSION_CLASS', 'user'), ('USERNAME', 'ccl'), ('TERM', 'xterm-256color'), ('GNOME_DESKTOP_SESSION_ID', 'this-is-deprecated'), ('ROS_LOCALHOST_ONLY', '0'), ('PATH', '/home/ccl/.local/bin:/opt/ros/humble/bin:/home/ccl/.local/bin:/usr/local/sbin:/usr/local/bin:/usr/sbin:/usr/bin:/sbin:/bin:/usr/games:/usr/local/games:/snap/bin:/usr/local/go/bin:/home/ccl/.vscode/extensions/ms-python.debugpy-2025.4.0-linux-x64/bundled/scripts/noConfigScripts:/usr/local/go/bin'), ('SESSION_MANAGER', 'local/ubuntu64:@/tmp/.ICE-unix/1212,unix/ubuntu64:/tmp/.ICE-unix/1212'), ('INVOCATION_ID', 'b97f6cc10fc1482b957a1d12886b36f0'), ('XDG_MENU_PREFIX', 'gnome-'), ('LC_ADDRESS', 'zh_CN.UTF-8'), ('GNOME_SETUP_DISPLAY', ':1'), ('XDG_RUNTIME_DIR', '/run/user/1000'), ('GDK_BACKEND', 'x11'), ('DISPLAY', ':0'), ('VSCODE_DEBUGPY_ADAPTER_ENDPOINTS', '/home/ccl/.vscode/extensions/ms-python.debugpy-2025.4.0-linux-x64/.noConfigDebugAdapterEndpoints/endpoint-17a7e6cfd4e60750.txt'), ('LANG', 'en_US.UTF-8'), ('XDG_CURRENT_DESKTOP', 'Unity'), ('LC_TELEPHONE', 'zh_CN.UTF-8'), ('XMODIFIERS', '@im=fcitx'), ('XDG_SESSION_DESKTOP', 'ubuntu'), ('XAUTHORITY', '/run/user/1000/.mutter-Xwaylandauth.23GQ22'), ('LS_COLORS', 'rs=0:di=01;34:ln=01;36:mh=00:pi=40;33:so=01;35:do=01;35:bd=40;33;01:cd=40;33;01:or=40;31;01:mi=00:su=37;41:sg=30;43:ca=30;41:tw=30;42:ow=34;42:st=37;44:ex=01;32:*.tar=01;31:*.tgz=01;31:*.arc=01;31:*.arj=01;31:*.taz=01;31:*.lha=01;31:*.lz4=01;31:*.lzh=01;31:*.lzma=01;31:*.tlz=01;31:*.txz=01;31:*.tzo=01;31:*.t7z=01;31:*.zip=01;31:*.z=01;31:*.dz=01;31:*.gz=01;31:*.lrz=01;31:*.lz=01;31:*.lzo=01;31:*.xz=01;31:*.zst=01;31:*.tzst=01;31:*.bz2=01;31:*.bz=01;31:*.tbz=01;31:*.tbz2=01;31:*.tz=01;31:*.deb=01;31:*.rpm=01;31:*.jar=01;31:*.war=01;31:*.ear=01;31:*.sar=01;31:*.rar=01;31:*.alz=01;31:*.ace=01;31:*.zoo=01;31:*.cpio=01;31:*.7z=01;31:*.rz=01;31:*.cab=01;31:*.wim=01;31:*.swm=01;31:*.dwm=01;31:*.esd=01;31:*.jpg=01;35:*.jpeg=01;35:*.mjpg=01;35:*.mjpeg=01;35:*.gif=01;35:*.bmp=01;35:*.pbm=01;35:*.pgm=01;35:*.ppm=01;35:*.tga=01;35:*.xbm=01;35:*.xpm=01;35:*.tif=01;35:*.tiff=01;35:*.png=01;35:*.svg=01;35:*.svgz=01;35:*.mng=01;35:*.pcx=01;35:*.mov=01;35:*.mpg=01;35:*.mpeg=01;35:*.m2v=01;35:*.mkv=01;35:*.webm=01;35:*.webp=01;35:*.ogm=01;35:*.mp4=01;35:*.m4v=01;35:*.mp4v=01;35:*.vob=01;35:*.qt=01;35:*.nuv=01;35:*.wmv=01;35:*.asf=01;35:*.rm=01;35:*.rmvb=01;35:*.flc=01;35:*.avi=01;35:*.fli=01;35:*.flv=01;35:*.gl=01;35:*.dl=01;35:*.xcf=01;35:*.xwd=01;35:*.yuv=01;35:*.cgm=01;35:*.emf=01;35:*.ogv=01;35:*.ogx=01;35:*.aac=00;36:*.au=00;36:*.flac=00;36:*.m4a=00;36:*.mid=00;36:*.midi=00;36:*.mka=00;36:*.mp3=00;36:*.mpc=00;36:*.ogg=00;36:*.ra=00;36:*.wav=00;36:*.oga=00;36:*.opus=00;36:*.spx=00;36:*.xspf=00;36:'), ('VSCODE_GIT_IPC_HANDLE', '/run/user/1000/vscode-git-9d2c69e155.sock'), ('TERM_PROGRAM', 'vscode'), ('SSH_AGENT_LAUNCHER', 'gnome-keyring'), ('SSH_AUTH_SOCK', '/run/user/1000/keyring/ssh'), ('AMENT_PREFIX_PATH', '/home/ccl/Multitask-Drone/install/drone_vision:/home/ccl/Multitask-Drone/install/drone_monitor:/home/ccl/Multitask-Drone/install/drone_controller:/home/ccl/Multitask-Drone/install/drone_interfaces:/opt/ros/humble'), ('QUIC_GO_LOG_LEVEL', 'debug'), ('ORIGINAL_XDG_CURRENT_DESKTOP', 'ubuntu:GNOME'), ('SHELL', '/bin/bash'), ('LC_NAME', 'zh_CN.UTF-8'), ('QT_ACCESSIBILITY', '1'), ('GDMSESSION', 'ubuntu'), ('LESSCLOSE', '/usr/bin/lesspipe %s %s'), ('LC_MEASUREMENT', 'zh_CN.UTF-8'), ('GJS_DEBUG_OUTPUT', 'stderr'), ('LC_IDENTIFICATION', 'zh_CN.UTF-8'), ('VSCODE_GIT_ASKPASS_EXTRA_ARGS', ''), ('QT_IM_MODULE', 'fcitx'), ('PWD', '/home/ccl/Multitask-Drone/build/drone_interfaces'), ('LC_ALL', 'en_US.UTF-8'), ('XDG_CONFIG_DIRS', '/etc/xdg/xdg-ubuntu:/etc/xdg'), ('CLUTTER_IM_MODULE', 'xim'), ('XDG_DATA_DIRS', '/usr/share/ubuntu:/usr/local/share:/usr/share:/var/lib/snapd/desktop'), ('PYTHONPATH', '/home/ccl/Multitask-Drone/install/drone_vision/lib/python3.10/site-packages:/home/ccl/Multitask-Drone/install/drone_monitor/lib/python3.10/site-packages:/home/ccl/Multitask-Drone/install/drone_controller/lib/python3.10/site-packages:/home/ccl/Multitask-Drone/install/drone_interfaces/local/lib/python3.10/dist-packages:/opt/ros/humble/lib/python3.10/site-packages:/opt/ros/humble/local/lib/python3.10/dist-packages'), ('LC_NUMERIC', 'zh_CN.UTF-8'), ('LC_PAPER', 'zh_CN.UTF-8'), ('COLCON', '1'), ('CMAKE_PREFIX_PATH', '/home/ccl/Multitask-Drone/install/drone_interfaces:/home/ccl/Multitask-Drone/install/drone_vision:/home/ccl/Multitask-Drone/install/drone_monitor:/home/ccl/Multitask-Drone/install/drone_controller:/opt/ros/humble')]), 'shell': False}
[1.149734] (drone_interfaces) StdoutLine: {'line': b'-- Install configuration: ""\n'}
[1.150015] (drone_interfaces) StdoutLine: {'line': b'-- Up-to-date: /home/ccl/Multitask-Drone/install/drone_interfaces/share/ament_index/resource_index/rosidl_interfaces/drone_interfaces\n'}
[1.150266] (drone_interfaces) StdoutLine: {'line': b'-- Up-to-date: /home/ccl/Multitask-Drone/install/drone_interfaces/include/drone_interfaces/drone_interfaces\n'}
[1.150315] (drone_interfaces) StdoutLine: {'line': b'-- Up-to-date: /home/ccl/Multitask-Drone/install/drone_interfaces/include/drone_interfaces/drone_interfaces/msg\n'}
[1.150359] (drone_interfaces) StdoutLine: {'line': b'-- Up-to-date: /home/ccl/Multitask-Drone/install/drone_interfaces/include/drone_interfaces/drone_interfaces/msg/yaw.h\n'}
[1.150402] (drone_interfaces) StdoutLine: {'line': b'-- Up-to-date: /home/ccl/Multitask-Drone/install/drone_interfaces/include/drone_interfaces/drone_interfaces/msg/rosidl_generator_c__visibility_control.h\n'}
[1.150445] (drone_interfaces) StdoutLine: {'line': b'-- Up-to-date: /home/ccl/Multitask-Drone/install/drone_interfaces/include/drone_interfaces/drone_interfaces/msg/task_state.h\n'}
[1.150486] (drone_interfaces) StdoutLine: {'line': b'-- Up-to-date: /home/ccl/Multitask-Drone/install/drone_interfaces/include/drone_interfaces/drone_interfaces/msg/task.h\n'}
[1.150526] (drone_interfaces) StdoutLine: {'line': b'-- Up-to-date: /home/ccl/Multitask-Drone/install/drone_interfaces/include/drone_interfaces/drone_interfaces/msg/detail\n'}
[1.150566] (drone_interfaces) StdoutLine: {'line': b'-- Up-to-date: /home/ccl/Multitask-Drone/install/drone_interfaces/include/drone_interfaces/drone_interfaces/msg/detail/panel_box__functions.h\n'}
[1.150608] (drone_interfaces) StdoutLine: {'line': b'-- Up-to-date: /home/ccl/Multitask-Drone/install/drone_interfaces/include/drone_interfaces/drone_interfaces/msg/detail/raw_waypoint__struct.h\n'}
[1.150656] (drone_interfaces) StdoutLine: {'line': b'-- Up-to-date: /home/ccl/Multitask-Drone/install/drone_interfaces/include/drone_interfaces/drone_interfaces/msg/detail/task__functions.c\n'}
[1.150709] (drone_interfaces) StdoutLine: {'line': b'-- Up-to-date: /home/ccl/Multitask-Drone/install/drone_interfaces/include/drone_interfaces/drone_interfaces/msg/detail/task__functions.h\n'}
[1.150749] (drone_interfaces) StdoutLine: {'line': b'-- Up-to-date: /home/ccl/Multitask-Drone/install/drone_interfaces/include/drone_interfaces/drone_interfaces/msg/detail/task__struct.h\n'}
[1.154337] (drone_interfaces) StdoutLine: {'line': b'-- Up-to-date: /home/ccl/Multitask-Drone/install/drone_interfaces/include/drone_interfaces/drone_interfaces/msg/detail/task_state__type_support.h\n'}
[1.154462] (drone_interfaces) StdoutLine: {'line': b'-- Up-to-date: /home/ccl/Multitask-Drone/install/drone_interfaces/include/drone_interfaces/drone_interfaces/msg/detail/task_state__struct.h\n'}
[1.154510] (drone_interfaces) StdoutLine: {'line': b'-- Up-to-date: /home/ccl/Multitask-Drone/install/drone_interfaces/include/drone_interfaces/drone_interfaces/msg/detail/yaw__struct.h\n'}
[1.154554] (drone_interfaces) StdoutLine: {'line': b'-- Up-to-date: /home/ccl/Multitask-Drone/install/drone_interfaces/include/drone_interfaces/drone_interfaces/msg/detail/yaw__functions.c\n'}
[1.154598] (drone_interfaces) StdoutLine: {'line': b'-- Up-to-date: /home/ccl/Multitask-Drone/install/drone_interfaces/include/drone_interfaces/drone_interfaces/msg/detail/task_state__functions.h\n'}
[1.154647] (drone_interfaces) StdoutLine: {'line': b'-- Up-to-date: /home/ccl/Multitask-Drone/install/drone_interfaces/include/drone_interfaces/drone_interfaces/msg/detail/yaw__functions.h\n'}
[1.154692] (drone_interfaces) StdoutLine: {'line': b'-- Up-to-date: /home/ccl/Multitask-Drone/install/drone_interfaces/include/drone_interfaces/drone_interfaces/msg/detail/yaw__type_support.h\n'}
[1.154732] (drone_interfaces) StdoutLine: {'line': b'-- Up-to-date: /home/ccl/Multitask-Drone/install/drone_interfaces/include/drone_interfaces/drone_interfaces/msg/detail/raw_waypoint__functions.h\n'}
[1.154780] (drone_interfaces) StdoutLine: {'line': b'-- Up-to-date: /home/ccl/Multitask-Drone/install/drone_interfaces/include/drone_interfaces/drone_interfaces/msg/detail/raw_waypoint__type_support.h\n'}
[1.154819] (drone_interfaces) StdoutLine: {'line': b'-- Up-to-date: /home/ccl/Multitask-Drone/install/drone_interfaces/include/drone_interfaces/drone_interfaces/msg/detail/panel_box__functions.c\n'}
[1.154857] (drone_interfaces) StdoutLine: {'line': b'-- Up-to-date: /home/ccl/Multitask-Drone/install/drone_interfaces/include/drone_interfaces/drone_interfaces/msg/detail/task_state__functions.c\n'}
[1.154896] (drone_interfaces) StdoutLine: {'line': b'-- Up-to-date: /home/ccl/Multitask-Drone/install/drone_interfaces/include/drone_interfaces/drone_interfaces/msg/detail/panel_box__struct.h\n'}
[1.154934] (drone_interfaces) StdoutLine: {'line': b'-- Up-to-date: /home/ccl/Multitask-Drone/install/drone_interfaces/include/drone_interfaces/drone_interfaces/msg/detail/panel_box__type_support.h\n'}
[1.154973] (drone_interfaces) StdoutLine: {'line': b'-- Up-to-date: /home/ccl/Multitask-Drone/install/drone_interfaces/include/drone_interfaces/drone_interfaces/msg/detail/raw_waypoint__functions.c\n'}
[1.155011] (drone_interfaces) StdoutLine: {'line': b'-- Up-to-date: /home/ccl/Multitask-Drone/install/drone_interfaces/include/drone_interfaces/drone_interfaces/msg/detail/task__type_support.h\n'}
[1.155049] (drone_interfaces) StdoutLine: {'line': b'-- Up-to-date: /home/ccl/Multitask-Drone/install/drone_interfaces/include/drone_interfaces/drone_interfaces/msg/raw_waypoint.h\n'}
[1.155088] (drone_interfaces) StdoutLine: {'line': b'-- Up-to-date: /home/ccl/Multitask-Drone/install/drone_interfaces/include/drone_interfaces/drone_interfaces/msg/panel_box.h\n'}
[1.155126] (drone_interfaces) StdoutLine: {'line': b'-- Up-to-date: /home/ccl/Multitask-Drone/install/drone_interfaces/include/drone_interfaces/drone_interfaces/action\n'}
[1.155165] (drone_interfaces) StdoutLine: {'line': b'-- Up-to-date: /home/ccl/Multitask-Drone/install/drone_interfaces/include/drone_interfaces/drone_interfaces/action/execute_waypoint.h\n'}
[1.155203] (drone_interfaces) StdoutLine: {'line': b'-- Up-to-date: /home/ccl/Multitask-Drone/install/drone_interfaces/include/drone_interfaces/drone_interfaces/action/detail\n'}
[1.155241] (drone_interfaces) StdoutLine: {'line': b'-- Up-to-date: /home/ccl/Multitask-Drone/install/drone_interfaces/include/drone_interfaces/drone_interfaces/action/detail/execute_waypoint__functions.c\n'}
[1.155280] (drone_interfaces) StdoutLine: {'line': b'-- Up-to-date: /home/ccl/Multitask-Drone/install/drone_interfaces/include/drone_interfaces/drone_interfaces/action/detail/execute_waypoint__struct.h\n'}
[1.155350] (drone_interfaces) StdoutLine: {'line': b'-- Up-to-date: /home/ccl/Multitask-Drone/install/drone_interfaces/include/drone_interfaces/drone_interfaces/action/detail/execute_waypoint__type_support.h\n'}
[1.155393] (drone_interfaces) StdoutLine: {'line': b'-- Up-to-date: /home/ccl/Multitask-Drone/install/drone_interfaces/include/drone_interfaces/drone_interfaces/action/detail/execute_waypoint__functions.h\n'}
[1.155433] (drone_interfaces) StdoutLine: {'line': b'-- Up-to-date: /home/ccl/Multitask-Drone/install/drone_interfaces/include/drone_interfaces/drone_interfaces/srv\n'}
[1.155472] (drone_interfaces) StdoutLine: {'line': b'-- Up-to-date: /home/ccl/Multitask-Drone/install/drone_interfaces/include/drone_interfaces/drone_interfaces/srv/yolo_request.h\n'}
[1.155514] (drone_interfaces) StdoutLine: {'line': b'-- Up-to-date: /home/ccl/Multitask-Drone/install/drone_interfaces/include/drone_interfaces/drone_interfaces/srv/task_push.h\n'}
[1.155553] (drone_interfaces) StdoutLine: {'line': b'-- Up-to-date: /home/ccl/Multitask-Drone/install/drone_interfaces/include/drone_interfaces/drone_interfaces/srv/detail\n'}
[1.155591] (drone_interfaces) StdoutLine: {'line': b'-- Up-to-date: /home/ccl/Multitask-Drone/install/drone_interfaces/include/drone_interfaces/drone_interfaces/srv/detail/task_push__struct.h\n'}
[1.155631] (drone_interfaces) StdoutLine: {'line': b'-- Up-to-date: /home/ccl/Multitask-Drone/install/drone_interfaces/include/drone_interfaces/drone_interfaces/srv/detail/yolo_request__functions.c\n'}
[1.155678] (drone_interfaces) StdoutLine: {'line': b'-- Up-to-date: /home/ccl/Multitask-Drone/install/drone_interfaces/include/drone_interfaces/drone_interfaces/srv/detail/task_dispatch__type_support.h\n'}
[1.155717] (drone_interfaces) StdoutLine: {'line': b'-- Up-to-date: /home/ccl/Multitask-Drone/install/drone_interfaces/include/drone_interfaces/drone_interfaces/srv/detail/task_dispatch__struct.h\n'}
[1.155756] (drone_interfaces) StdoutLine: {'line': b'-- Up-to-date: /home/ccl/Multitask-Drone/install/drone_interfaces/include/drone_interfaces/drone_interfaces/srv/detail/task_dispatch__functions.h\n'}
[1.155796] (drone_interfaces) StdoutLine: {'line': b'-- Up-to-date: /home/ccl/Multitask-Drone/install/drone_interfaces/include/drone_interfaces/drone_interfaces/srv/detail/yolo_request__functions.h\n'}
[1.155835] (drone_interfaces) StdoutLine: {'line': b'-- Up-to-date: /home/ccl/Multitask-Drone/install/drone_interfaces/include/drone_interfaces/drone_interfaces/srv/detail/yolo_request__type_support.h\n'}
[1.155872] (drone_interfaces) StdoutLine: {'line': b'-- Up-to-date: /home/ccl/Multitask-Drone/install/drone_interfaces/include/drone_interfaces/drone_interfaces/srv/detail/task_push__type_support.h\n'}
[1.155911] (drone_interfaces) StdoutLine: {'line': b'-- Up-to-date: /home/ccl/Multitask-Drone/install/drone_interfaces/include/drone_interfaces/drone_interfaces/srv/detail/task_push__functions.c\n'}
[1.157984] (drone_interfaces) StdoutLine: {'line': b'-- Up-to-date: /home/ccl/Multitask-Drone/install/drone_interfaces/include/drone_interfaces/drone_interfaces/srv/detail/task_push__functions.h\n'}
[1.158092] (drone_interfaces) StdoutLine: {'line': b'-- Up-to-date: /home/ccl/Multitask-Drone/install/drone_interfaces/include/drone_interfaces/drone_interfaces/srv/detail/task_dispatch__functions.c\n'}
[1.158135] (drone_interfaces) StdoutLine: {'line': b'-- Up-to-date: /home/ccl/Multitask-Drone/install/drone_interfaces/include/drone_interfaces/drone_interfaces/srv/detail/yolo_request__struct.h\n'}
[1.158176] (drone_interfaces) StdoutLine: {'line': b'-- Up-to-date: /home/ccl/Multitask-Drone/install/drone_interfaces/include/drone_interfaces/drone_interfaces/srv/task_dispatch.h\n'}
[1.158217] (drone_interfaces) StdoutLine: {'line': b'-- Up-to-date: /home/ccl/Multitask-Drone/install/drone_interfaces/share/drone_interfaces/environment/library_path.sh\n'}
[1.158258] (drone_interfaces) StdoutLine: {'line': b'-- Up-to-date: /home/ccl/Multitask-Drone/install/drone_interfaces/share/drone_interfaces/environment/library_path.dsv\n'}
[1.158300] (drone_interfaces) StdoutLine: {'line': b'-- Up-to-date: /home/ccl/Multitask-Drone/install/drone_interfaces/lib/libdrone_interfaces__rosidl_generator_c.so\n'}
[1.158339] (drone_interfaces) StdoutLine: {'line': b'-- Up-to-date: /home/ccl/Multitask-Drone/install/drone_interfaces/include/drone_interfaces/drone_interfaces\n'}
[1.158378] (drone_interfaces) StdoutLine: {'line': b'-- Up-to-date: /home/ccl/Multitask-Drone/install/drone_interfaces/include/drone_interfaces/drone_interfaces/msg\n'}
[1.158417] (drone_interfaces) StdoutLine: {'line': b'-- Up-to-date: /home/ccl/Multitask-Drone/install/drone_interfaces/include/drone_interfaces/drone_interfaces/msg/rosidl_typesupport_fastrtps_c__visibility_control.h\n'}
[1.158456] (drone_interfaces) StdoutLine: {'line': b'-- Up-to-date: /home/ccl/Multitask-Drone/install/drone_interfaces/include/drone_interfaces/drone_interfaces/msg/detail\n'}
[1.158494] (drone_interfaces) StdoutLine: {'line': b'-- Up-to-date: /home/ccl/Multitask-Drone/install/drone_interfaces/include/drone_interfaces/drone_interfaces/msg/detail/raw_waypoint__rosidl_typesupport_fastrtps_c.h\n'}
[1.158533] (drone_interfaces) StdoutLine: {'line': b'-- Up-to-date: /home/ccl/Multitask-Drone/install/drone_interfaces/include/drone_interfaces/drone_interfaces/msg/detail/panel_box__rosidl_typesupport_fastrtps_c.h\n'}
[1.158571] (drone_interfaces) StdoutLine: {'line': b'-- Up-to-date: /home/ccl/Multitask-Drone/install/drone_interfaces/include/drone_interfaces/drone_interfaces/msg/detail/task_state__rosidl_typesupport_fastrtps_c.h\n'}
[1.158609] (drone_interfaces) StdoutLine: {'line': b'-- Up-to-date: /home/ccl/Multitask-Drone/install/drone_interfaces/include/drone_interfaces/drone_interfaces/msg/detail/yaw__rosidl_typesupport_fastrtps_c.h\n'}
[1.158654] (drone_interfaces) StdoutLine: {'line': b'-- Up-to-date: /home/ccl/Multitask-Drone/install/drone_interfaces/include/drone_interfaces/drone_interfaces/msg/detail/task__rosidl_typesupport_fastrtps_c.h\n'}
[1.158695] (drone_interfaces) StdoutLine: {'line': b'-- Up-to-date: /home/ccl/Multitask-Drone/install/drone_interfaces/include/drone_interfaces/drone_interfaces/action\n'}
[1.158736] (drone_interfaces) StdoutLine: {'line': b'-- Up-to-date: /home/ccl/Multitask-Drone/install/drone_interfaces/include/drone_interfaces/drone_interfaces/action/detail\n'}
[1.158775] (drone_interfaces) StdoutLine: {'line': b'-- Up-to-date: /home/ccl/Multitask-Drone/install/drone_interfaces/include/drone_interfaces/drone_interfaces/action/detail/execute_waypoint__rosidl_typesupport_fastrtps_c.h\n'}
[1.158815] (drone_interfaces) StdoutLine: {'line': b'-- Up-to-date: /home/ccl/Multitask-Drone/install/drone_interfaces/include/drone_interfaces/drone_interfaces/srv\n'}
[1.158854] (drone_interfaces) StdoutLine: {'line': b'-- Up-to-date: /home/ccl/Multitask-Drone/install/drone_interfaces/include/drone_interfaces/drone_interfaces/srv/detail\n'}
[1.158893] (drone_interfaces) StdoutLine: {'line': b'-- Up-to-date: /home/ccl/Multitask-Drone/install/drone_interfaces/include/drone_interfaces/drone_interfaces/srv/detail/yolo_request__rosidl_typesupport_fastrtps_c.h\n'}
[1.158932] (drone_interfaces) StdoutLine: {'line': b'-- Up-to-date: /home/ccl/Multitask-Drone/install/drone_interfaces/include/drone_interfaces/drone_interfaces/srv/detail/task_dispatch__rosidl_typesupport_fastrtps_c.h\n'}
[1.158970] (drone_interfaces) StdoutLine: {'line': b'-- Up-to-date: /home/ccl/Multitask-Drone/install/drone_interfaces/include/drone_interfaces/drone_interfaces/srv/detail/task_push__rosidl_typesupport_fastrtps_c.h\n'}
[1.159008] (drone_interfaces) StdoutLine: {'line': b'-- Up-to-date: /home/ccl/Multitask-Drone/install/drone_interfaces/lib/libdrone_interfaces__rosidl_typesupport_fastrtps_c.so\n'}
[1.159048] (drone_interfaces) StdoutLine: {'line': b'-- Up-to-date: /home/ccl/Multitask-Drone/install/drone_interfaces/include/drone_interfaces/drone_interfaces\n'}
[1.159086] (drone_interfaces) StdoutLine: {'line': b'-- Up-to-date: /home/ccl/Multitask-Drone/install/drone_interfaces/include/drone_interfaces/drone_interfaces/msg\n'}
[1.159126] (drone_interfaces) StdoutLine: {'line': b'-- Up-to-date: /home/ccl/Multitask-Drone/install/drone_interfaces/include/drone_interfaces/drone_interfaces/msg/rosidl_typesupport_introspection_c__visibility_control.h\n'}
[1.159165] (drone_interfaces) StdoutLine: {'line': b'-- Up-to-date: /home/ccl/Multitask-Drone/install/drone_interfaces/include/drone_interfaces/drone_interfaces/msg/detail\n'}
[1.159204] (drone_interfaces) StdoutLine: {'line': b'-- Up-to-date: /home/ccl/Multitask-Drone/install/drone_interfaces/include/drone_interfaces/drone_interfaces/msg/detail/task__type_support.c\n'}
[1.159243] (drone_interfaces) StdoutLine: {'line': b'-- Up-to-date: /home/ccl/Multitask-Drone/install/drone_interfaces/include/drone_interfaces/drone_interfaces/msg/detail/raw_waypoint__rosidl_typesupport_introspection_c.h\n'}
[1.159288] (drone_interfaces) StdoutLine: {'line': b'-- Up-to-date: /home/ccl/Multitask-Drone/install/drone_interfaces/include/drone_interfaces/drone_interfaces/msg/detail/task_state__type_support.c\n'}
[1.159348] (drone_interfaces) StdoutLine: {'line': b'-- Up-to-date: /home/ccl/Multitask-Drone/install/drone_interfaces/include/drone_interfaces/drone_interfaces/msg/detail/task__rosidl_typesupport_introspection_c.h\n'}
[1.159394] (drone_interfaces) StdoutLine: {'line': b'-- Up-to-date: /home/ccl/Multitask-Drone/install/drone_interfaces/include/drone_interfaces/drone_interfaces/msg/detail/yaw__type_support.c\n'}
[1.159434] (drone_interfaces) StdoutLine: {'line': b'-- Up-to-date: /home/ccl/Multitask-Drone/install/drone_interfaces/include/drone_interfaces/drone_interfaces/msg/detail/task_state__rosidl_typesupport_introspection_c.h\n'}
[1.159474] (drone_interfaces) StdoutLine: {'line': b'-- Up-to-date: /home/ccl/Multitask-Drone/install/drone_interfaces/include/drone_interfaces/drone_interfaces/msg/detail/yaw__rosidl_typesupport_introspection_c.h\n'}
[1.159514] (drone_interfaces) StdoutLine: {'line': b'-- Up-to-date: /home/ccl/Multitask-Drone/install/drone_interfaces/include/drone_interfaces/drone_interfaces/msg/detail/panel_box__rosidl_typesupport_introspection_c.h\n'}
[1.159554] (drone_interfaces) StdoutLine: {'line': b'-- Up-to-date: /home/ccl/Multitask-Drone/install/drone_interfaces/include/drone_interfaces/drone_interfaces/msg/detail/panel_box__type_support.c\n'}
[1.159593] (drone_interfaces) StdoutLine: {'line': b'-- Up-to-date: /home/ccl/Multitask-Drone/install/drone_interfaces/include/drone_interfaces/drone_interfaces/msg/detail/raw_waypoint__type_support.c\n'}
[1.159632] (drone_interfaces) StdoutLine: {'line': b'-- Up-to-date: /home/ccl/Multitask-Drone/install/drone_interfaces/include/drone_interfaces/drone_interfaces/action\n'}
[1.159933] (drone_interfaces) StdoutLine: {'line': b'-- Up-to-date: /home/ccl/Multitask-Drone/install/drone_interfaces/include/drone_interfaces/drone_interfaces/action/detail\n'}
[1.159980] (drone_interfaces) StdoutLine: {'line': b'-- Up-to-date: /home/ccl/Multitask-Drone/install/drone_interfaces/include/drone_interfaces/drone_interfaces/action/detail/execute_waypoint__rosidl_typesupport_introspection_c.h\n'}
[1.160021] (drone_interfaces) StdoutLine: {'line': b'-- Up-to-date: /home/ccl/Multitask-Drone/install/drone_interfaces/include/drone_interfaces/drone_interfaces/action/detail/execute_waypoint__type_support.c\n'}
[1.160072] (drone_interfaces) StdoutLine: {'line': b'-- Up-to-date: /home/ccl/Multitask-Drone/install/drone_interfaces/include/drone_interfaces/drone_interfaces/srv\n'}
[1.160152] (drone_interfaces) StdoutLine: {'line': b'-- Up-to-date: /home/ccl/Multitask-Drone/install/drone_interfaces/include/drone_interfaces/drone_interfaces/srv/detail\n'}
[1.160223] (drone_interfaces) StdoutLine: {'line': b'-- Up-to-date: /home/ccl/Multitask-Drone/install/drone_interfaces/include/drone_interfaces/drone_interfaces/srv/detail/yolo_request__type_support.c\n'}
[1.160264] (drone_interfaces) StdoutLine: {'line': b'-- Up-to-date: /home/ccl/Multitask-Drone/install/drone_interfaces/include/drone_interfaces/drone_interfaces/srv/detail/task_dispatch__type_support.c\n'}
[1.160306] (drone_interfaces) StdoutLine: {'line': b'-- Up-to-date: /home/ccl/Multitask-Drone/install/drone_interfaces/include/drone_interfaces/drone_interfaces/srv/detail/task_push__rosidl_typesupport_introspection_c.h\n'}
[1.160368] (drone_interfaces) StdoutLine: {'line': b'-- Up-to-date: /home/ccl/Multitask-Drone/install/drone_interfaces/include/drone_interfaces/drone_interfaces/srv/detail/task_dispatch__rosidl_typesupport_introspection_c.h\n'}
[1.160414] (drone_interfaces) StdoutLine: {'line': b'-- Up-to-date: /home/ccl/Multitask-Drone/install/drone_interfaces/include/drone_interfaces/drone_interfaces/srv/detail/task_push__type_support.c\n'}
[1.160467] (drone_interfaces) StdoutLine: {'line': b'-- Up-to-date: /home/ccl/Multitask-Drone/install/drone_interfaces/include/drone_interfaces/drone_interfaces/srv/detail/yolo_request__rosidl_typesupport_introspection_c.h\n'}
[1.160527] (drone_interfaces) StdoutLine: {'line': b'-- Up-to-date: /home/ccl/Multitask-Drone/install/drone_interfaces/lib/libdrone_interfaces__rosidl_typesupport_introspection_c.so\n'}
[1.160567] (drone_interfaces) StdoutLine: {'line': b'-- Up-to-date: /home/ccl/Multitask-Drone/install/drone_interfaces/lib/libdrone_interfaces__rosidl_typesupport_c.so\n'}
[1.160612] (drone_interfaces) StdoutLine: {'line': b'-- Up-to-date: /home/ccl/Multitask-Drone/install/drone_interfaces/include/drone_interfaces/drone_interfaces\n'}
[1.160702] (drone_interfaces) StdoutLine: {'line': b'-- Up-to-date: /home/ccl/Multitask-Drone/install/drone_interfaces/include/drone_interfaces/drone_interfaces/msg\n'}
[1.160975] (drone_interfaces) StdoutLine: {'line': b'-- Up-to-date: /home/ccl/Multitask-Drone/install/drone_interfaces/include/drone_interfaces/drone_interfaces/msg/task_state.hpp\n'}
[1.161105] (drone_interfaces) StdoutLine: {'line': b'-- Up-to-date: /home/ccl/Multitask-Drone/install/drone_interfaces/include/drone_interfaces/drone_interfaces/msg/raw_waypoint.hpp\n'}
[1.161197] (drone_interfaces) StdoutLine: {'line': b'-- Up-to-date: /home/ccl/Multitask-Drone/install/drone_interfaces/include/drone_interfaces/drone_interfaces/msg/rosidl_generator_cpp__visibility_control.hpp\n'}
[1.161313] (drone_interfaces) StdoutLine: {'line': b'-- Up-to-date: /home/ccl/Multitask-Drone/install/drone_interfaces/include/drone_interfaces/drone_interfaces/msg/panel_box.hpp\n'}
[1.161385] (drone_interfaces) StdoutLine: {'line': b'-- Up-to-date: /home/ccl/Multitask-Drone/install/drone_interfaces/include/drone_interfaces/drone_interfaces/msg/yaw.hpp\n'}
[1.161427] (drone_interfaces) StdoutLine: {'line': b'-- Up-to-date: /home/ccl/Multitask-Drone/install/drone_interfaces/include/drone_interfaces/drone_interfaces/msg/detail\n'}
[1.161466] (drone_interfaces) StdoutLine: {'line': b'-- Up-to-date: /home/ccl/Multitask-Drone/install/drone_interfaces/include/drone_interfaces/drone_interfaces/msg/detail/panel_box__traits.hpp\n'}
[1.161505] (drone_interfaces) StdoutLine: {'line': b'-- Up-to-date: /home/ccl/Multitask-Drone/install/drone_interfaces/include/drone_interfaces/drone_interfaces/msg/detail/task_state__type_support.hpp\n'}
[1.161815] (drone_interfaces) StdoutLine: {'line': b'-- Up-to-date: /home/ccl/Multitask-Drone/install/drone_interfaces/include/drone_interfaces/drone_interfaces/msg/detail/yaw__builder.hpp\n'}
[1.161873] (drone_interfaces) StdoutLine: {'line': b'-- Up-to-date: /home/ccl/Multitask-Drone/install/drone_interfaces/include/drone_interfaces/drone_interfaces/msg/detail/yaw__type_support.hpp\n'}
[1.161913] (drone_interfaces) StdoutLine: {'line': b'-- Up-to-date: /home/ccl/Multitask-Drone/install/drone_interfaces/include/drone_interfaces/drone_interfaces/msg/detail/raw_waypoint__struct.hpp\n'}
[1.161953] (drone_interfaces) StdoutLine: {'line': b'-- Up-to-date: /home/ccl/Multitask-Drone/install/drone_interfaces/include/drone_interfaces/drone_interfaces/msg/detail/task__struct.hpp\n'}
[1.161991] (drone_interfaces) StdoutLine: {'line': b'-- Up-to-date: /home/ccl/Multitask-Drone/install/drone_interfaces/include/drone_interfaces/drone_interfaces/msg/detail/task__builder.hpp\n'}
[1.162035] (drone_interfaces) StdoutLine: {'line': b'-- Up-to-date: /home/ccl/Multitask-Drone/install/drone_interfaces/include/drone_interfaces/drone_interfaces/msg/detail/raw_waypoint__type_support.hpp\n'}
[1.162073] (drone_interfaces) StdoutLine: {'line': b'-- Up-to-date: /home/ccl/Multitask-Drone/install/drone_interfaces/include/drone_interfaces/drone_interfaces/msg/detail/raw_waypoint__builder.hpp\n'}
[1.162111] (drone_interfaces) StdoutLine: {'line': b'-- Up-to-date: /home/ccl/Multitask-Drone/install/drone_interfaces/include/drone_interfaces/drone_interfaces/msg/detail/task_state__struct.hpp\n'}
[1.163711] (drone_interfaces) StdoutLine: {'line': b'-- Up-to-date: /home/ccl/Multitask-Drone/install/drone_interfaces/include/drone_interfaces/drone_interfaces/msg/detail/task__traits.hpp\n'}
[1.163848] (drone_interfaces) StdoutLine: {'line': b'-- Up-to-date: /home/ccl/Multitask-Drone/install/drone_interfaces/include/drone_interfaces/drone_interfaces/msg/detail/raw_waypoint__traits.hpp\n'}
[1.163895] (drone_interfaces) StdoutLine: {'line': b'-- Up-to-date: /home/ccl/Multitask-Drone/install/drone_interfaces/include/drone_interfaces/drone_interfaces/msg/detail/panel_box__type_support.hpp\n'}
[1.163936] (drone_interfaces) StdoutLine: {'line': b'-- Up-to-date: /home/ccl/Multitask-Drone/install/drone_interfaces/include/drone_interfaces/drone_interfaces/msg/detail/task__type_support.hpp\n'}
[1.163974] (drone_interfaces) StdoutLine: {'line': b'-- Up-to-date: /home/ccl/Multitask-Drone/install/drone_interfaces/include/drone_interfaces/drone_interfaces/msg/detail/panel_box__struct.hpp\n'}
[1.164014] (drone_interfaces) StdoutLine: {'line': b'-- Up-to-date: /home/ccl/Multitask-Drone/install/drone_interfaces/include/drone_interfaces/drone_interfaces/msg/detail/panel_box__builder.hpp\n'}
[1.164060] (drone_interfaces) StdoutLine: {'line': b'-- Up-to-date: /home/ccl/Multitask-Drone/install/drone_interfaces/include/drone_interfaces/drone_interfaces/msg/detail/task_state__traits.hpp\n'}
[1.164099] (drone_interfaces) StdoutLine: {'line': b'-- Up-to-date: /home/ccl/Multitask-Drone/install/drone_interfaces/include/drone_interfaces/drone_interfaces/msg/detail/task_state__builder.hpp\n'}
[1.164137] (drone_interfaces) StdoutLine: {'line': b'-- Up-to-date: /home/ccl/Multitask-Drone/install/drone_interfaces/include/drone_interfaces/drone_interfaces/msg/detail/yaw__traits.hpp\n'}
[1.164175] (drone_interfaces) StdoutLine: {'line': b'-- Up-to-date: /home/ccl/Multitask-Drone/install/drone_interfaces/include/drone_interfaces/drone_interfaces/msg/detail/yaw__struct.hpp\n'}
[1.164215] (drone_interfaces) StdoutLine: {'line': b'-- Up-to-date: /home/ccl/Multitask-Drone/install/drone_interfaces/include/drone_interfaces/drone_interfaces/msg/task.hpp\n'}
[1.164255] (drone_interfaces) StdoutLine: {'line': b'-- Up-to-date: /home/ccl/Multitask-Drone/install/drone_interfaces/include/drone_interfaces/drone_interfaces/action\n'}
[1.164294] (drone_interfaces) StdoutLine: {'line': b'-- Up-to-date: /home/ccl/Multitask-Drone/install/drone_interfaces/include/drone_interfaces/drone_interfaces/action/execute_waypoint.hpp\n'}
[1.164332] (drone_interfaces) StdoutLine: {'line': b'-- Up-to-date: /home/ccl/Multitask-Drone/install/drone_interfaces/include/drone_interfaces/drone_interfaces/action/detail\n'}
[1.164370] (drone_interfaces) StdoutLine: {'line': b'-- Up-to-date: /home/ccl/Multitask-Drone/install/drone_interfaces/include/drone_interfaces/drone_interfaces/action/detail/execute_waypoint__type_support.hpp\n'}
[1.164410] (drone_interfaces) StdoutLine: {'line': b'-- Up-to-date: /home/ccl/Multitask-Drone/install/drone_interfaces/include/drone_interfaces/drone_interfaces/action/detail/execute_waypoint__builder.hpp\n'}
[1.164448] (drone_interfaces) StdoutLine: {'line': b'-- Up-to-date: /home/ccl/Multitask-Drone/install/drone_interfaces/include/drone_interfaces/drone_interfaces/action/detail/execute_waypoint__traits.hpp\n'}
[1.164823] (drone_interfaces) StdoutLine: {'line': b'-- Up-to-date: /home/ccl/Multitask-Drone/install/drone_interfaces/include/drone_interfaces/drone_interfaces/action/detail/execute_waypoint__struct.hpp\n'}
[1.165660] (drone_interfaces) StdoutLine: {'line': b'-- Up-to-date: /home/ccl/Multitask-Drone/install/drone_interfaces/include/drone_interfaces/drone_interfaces/srv\n'}
[1.165722] (drone_interfaces) StdoutLine: {'line': b'-- Up-to-date: /home/ccl/Multitask-Drone/install/drone_interfaces/include/drone_interfaces/drone_interfaces/srv/task_push.hpp\n'}
[1.165765] (drone_interfaces) StdoutLine: {'line': b'-- Up-to-date: /home/ccl/Multitask-Drone/install/drone_interfaces/include/drone_interfaces/drone_interfaces/srv/task_dispatch.hpp\n'}
[1.165805] (drone_interfaces) StdoutLine: {'line': b'-- Up-to-date: /home/ccl/Multitask-Drone/install/drone_interfaces/include/drone_interfaces/drone_interfaces/srv/yolo_request.hpp\n'}
[1.165844] (drone_interfaces) StdoutLine: {'line': b'-- Up-to-date: /home/ccl/Multitask-Drone/install/drone_interfaces/include/drone_interfaces/drone_interfaces/srv/detail\n'}
[1.165883] (drone_interfaces) StdoutLine: {'line': b'-- Up-to-date: /home/ccl/Multitask-Drone/install/drone_interfaces/include/drone_interfaces/drone_interfaces/srv/detail/yolo_request__traits.hpp\n'}
[1.165922] (drone_interfaces) StdoutLine: {'line': b'-- Up-to-date: /home/ccl/Multitask-Drone/install/drone_interfaces/include/drone_interfaces/drone_interfaces/srv/detail/yolo_request__builder.hpp\n'}
[1.165961] (drone_interfaces) StdoutLine: {'line': b'-- Up-to-date: /home/ccl/Multitask-Drone/install/drone_interfaces/include/drone_interfaces/drone_interfaces/srv/detail/task_dispatch__builder.hpp\n'}
[1.165999] (drone_interfaces) StdoutLine: {'line': b'-- Up-to-date: /home/ccl/Multitask-Drone/install/drone_interfaces/include/drone_interfaces/drone_interfaces/srv/detail/task_push__type_support.hpp\n'}
[1.166038] (drone_interfaces) StdoutLine: {'line': b'-- Up-to-date: /home/ccl/Multitask-Drone/install/drone_interfaces/include/drone_interfaces/drone_interfaces/srv/detail/task_dispatch__struct.hpp\n'}
[1.166081] (drone_interfaces) StdoutLine: {'line': b'-- Up-to-date: /home/ccl/Multitask-Drone/install/drone_interfaces/include/drone_interfaces/drone_interfaces/srv/detail/task_dispatch__traits.hpp\n'}
[1.166120] (drone_interfaces) StdoutLine: {'line': b'-- Up-to-date: /home/ccl/Multitask-Drone/install/drone_interfaces/include/drone_interfaces/drone_interfaces/srv/detail/task_push__builder.hpp\n'}
[1.166158] (drone_interfaces) StdoutLine: {'line': b'-- Up-to-date: /home/ccl/Multitask-Drone/install/drone_interfaces/include/drone_interfaces/drone_interfaces/srv/detail/yolo_request__type_support.hpp\n'}
[1.166196] (drone_interfaces) StdoutLine: {'line': b'-- Up-to-date: /home/ccl/Multitask-Drone/install/drone_interfaces/include/drone_interfaces/drone_interfaces/srv/detail/yolo_request__struct.hpp\n'}
[1.166235] (drone_interfaces) StdoutLine: {'line': b'-- Up-to-date: /home/ccl/Multitask-Drone/install/drone_interfaces/include/drone_interfaces/drone_interfaces/srv/detail/task_push__struct.hpp\n'}
[1.166274] (drone_interfaces) StdoutLine: {'line': b'-- Up-to-date: /home/ccl/Multitask-Drone/install/drone_interfaces/include/drone_interfaces/drone_interfaces/srv/detail/task_dispatch__type_support.hpp\n'}
[1.166314] (drone_interfaces) StdoutLine: {'line': b'-- Up-to-date: /home/ccl/Multitask-Drone/install/drone_interfaces/include/drone_interfaces/drone_interfaces/srv/detail/task_push__traits.hpp\n'}
[1.166353] (drone_interfaces) StdoutLine: {'line': b'-- Up-to-date: /home/ccl/Multitask-Drone/install/drone_interfaces/include/drone_interfaces/drone_interfaces\n'}
[1.166392] (drone_interfaces) StdoutLine: {'line': b'-- Up-to-date: /home/ccl/Multitask-Drone/install/drone_interfaces/include/drone_interfaces/drone_interfaces/msg\n'}
[1.166430] (drone_interfaces) StdoutLine: {'line': b'-- Up-to-date: /home/ccl/Multitask-Drone/install/drone_interfaces/include/drone_interfaces/drone_interfaces/msg/rosidl_typesupport_fastrtps_cpp__visibility_control.h\n'}
[1.166469] (drone_interfaces) StdoutLine: {'line': b'-- Up-to-date: /home/ccl/Multitask-Drone/install/drone_interfaces/include/drone_interfaces/drone_interfaces/msg/detail\n'}
[1.166510] (drone_interfaces) StdoutLine: {'line': b'-- Up-to-date: /home/ccl/Multitask-Drone/install/drone_interfaces/include/drone_interfaces/drone_interfaces/msg/detail/panel_box__rosidl_typesupport_fastrtps_cpp.hpp\n'}
[1.166549] (drone_interfaces) StdoutLine: {'line': b'-- Up-to-date: /home/ccl/Multitask-Drone/install/drone_interfaces/include/drone_interfaces/drone_interfaces/msg/detail/task__rosidl_typesupport_fastrtps_cpp.hpp\n'}
[1.166587] (drone_interfaces) StdoutLine: {'line': b'-- Up-to-date: /home/ccl/Multitask-Drone/install/drone_interfaces/include/drone_interfaces/drone_interfaces/msg/detail/yaw__rosidl_typesupport_fastrtps_cpp.hpp\n'}
[1.166626] (drone_interfaces) StdoutLine: {'line': b'-- Up-to-date: /home/ccl/Multitask-Drone/install/drone_interfaces/include/drone_interfaces/drone_interfaces/msg/detail/dds_fastrtps\n'}
[1.166675] (drone_interfaces) StdoutLine: {'line': b'-- Up-to-date: /home/ccl/Multitask-Drone/install/drone_interfaces/include/drone_interfaces/drone_interfaces/msg/detail/task_state__rosidl_typesupport_fastrtps_cpp.hpp\n'}
[1.166716] (drone_interfaces) StdoutLine: {'line': b'-- Up-to-date: /home/ccl/Multitask-Drone/install/drone_interfaces/include/drone_interfaces/drone_interfaces/msg/detail/raw_waypoint__rosidl_typesupport_fastrtps_cpp.hpp\n'}
[1.166755] (drone_interfaces) StdoutLine: {'line': b'-- Up-to-date: /home/ccl/Multitask-Drone/install/drone_interfaces/include/drone_interfaces/drone_interfaces/action\n'}
[1.166794] (drone_interfaces) StdoutLine: {'line': b'-- Up-to-date: /home/ccl/Multitask-Drone/install/drone_interfaces/include/drone_interfaces/drone_interfaces/action/detail\n'}
[1.166836] (drone_interfaces) StdoutLine: {'line': b'-- Up-to-date: /home/ccl/Multitask-Drone/install/drone_interfaces/include/drone_interfaces/drone_interfaces/action/detail/execute_waypoint__rosidl_typesupport_fastrtps_cpp.hpp\n'}
[1.166875] (drone_interfaces) StdoutLine: {'line': b'-- Up-to-date: /home/ccl/Multitask-Drone/install/drone_interfaces/include/drone_interfaces/drone_interfaces/action/detail/dds_fastrtps\n'}
[1.166913] (drone_interfaces) StdoutLine: {'line': b'-- Up-to-date: /home/ccl/Multitask-Drone/install/drone_interfaces/include/drone_interfaces/drone_interfaces/srv\n'}
[1.166951] (drone_interfaces) StdoutLine: {'line': b'-- Up-to-date: /home/ccl/Multitask-Drone/install/drone_interfaces/include/drone_interfaces/drone_interfaces/srv/detail\n'}
[1.166988] (drone_interfaces) StdoutLine: {'line': b'-- Up-to-date: /home/ccl/Multitask-Drone/install/drone_interfaces/include/drone_interfaces/drone_interfaces/srv/detail/yolo_request__rosidl_typesupport_fastrtps_cpp.hpp\n'}
[1.167025] (drone_interfaces) StdoutLine: {'line': b'-- Up-to-date: /home/ccl/Multitask-Drone/install/drone_interfaces/include/drone_interfaces/drone_interfaces/srv/detail/task_dispatch__rosidl_typesupport_fastrtps_cpp.hpp\n'}
[1.168665] (drone_interfaces) StdoutLine: {'line': b'-- Up-to-date: /home/ccl/Multitask-Drone/install/drone_interfaces/include/drone_interfaces/drone_interfaces/srv/detail/dds_fastrtps\n'}
[1.168907] (drone_interfaces) StdoutLine: {'line': b'-- Up-to-date: /home/ccl/Multitask-Drone/install/drone_interfaces/include/drone_interfaces/drone_interfaces/srv/detail/task_push__rosidl_typesupport_fastrtps_cpp.hpp\n'}
[1.168962] (drone_interfaces) StdoutLine: {'line': b'-- Up-to-date: /home/ccl/Multitask-Drone/install/drone_interfaces/lib/libdrone_interfaces__rosidl_typesupport_fastrtps_cpp.so\n'}
[1.169005] (drone_interfaces) StdoutLine: {'line': b'-- Up-to-date: /home/ccl/Multitask-Drone/install/drone_interfaces/include/drone_interfaces/drone_interfaces\n'}
[1.169045] (drone_interfaces) StdoutLine: {'line': b'-- Up-to-date: /home/ccl/Multitask-Drone/install/drone_interfaces/include/drone_interfaces/drone_interfaces/msg\n'}
[1.169084] (drone_interfaces) StdoutLine: {'line': b'-- Up-to-date: /home/ccl/Multitask-Drone/install/drone_interfaces/include/drone_interfaces/drone_interfaces/msg/detail\n'}
[1.169123] (drone_interfaces) StdoutLine: {'line': b'-- Up-to-date: /home/ccl/Multitask-Drone/install/drone_interfaces/include/drone_interfaces/drone_interfaces/msg/detail/raw_waypoint__type_support.cpp\n'}
[1.169166] (drone_interfaces) StdoutLine: {'line': b'-- Up-to-date: /home/ccl/Multitask-Drone/install/drone_interfaces/include/drone_interfaces/drone_interfaces/msg/detail/task_state__rosidl_typesupport_introspection_cpp.hpp\n'}
[1.169205] (drone_interfaces) StdoutLine: {'line': b'-- Up-to-date: /home/ccl/Multitask-Drone/install/drone_interfaces/include/drone_interfaces/drone_interfaces/msg/detail/panel_box__rosidl_typesupport_introspection_cpp.hpp\n'}
[1.169244] (drone_interfaces) StdoutLine: {'line': b'-- Up-to-date: /home/ccl/Multitask-Drone/install/drone_interfaces/include/drone_interfaces/drone_interfaces/msg/detail/raw_waypoint__rosidl_typesupport_introspection_cpp.hpp\n'}
[1.169282] (drone_interfaces) StdoutLine: {'line': b'-- Up-to-date: /home/ccl/Multitask-Drone/install/drone_interfaces/include/drone_interfaces/drone_interfaces/msg/detail/task__type_support.cpp\n'}
[1.169322] (drone_interfaces) StdoutLine: {'line': b'-- Up-to-date: /home/ccl/Multitask-Drone/install/drone_interfaces/include/drone_interfaces/drone_interfaces/msg/detail/task_state__type_support.cpp\n'}
[1.171972] (drone_interfaces) StdoutLine: {'line': b'-- Up-to-date: /home/ccl/Multitask-Drone/install/drone_interfaces/include/drone_interfaces/drone_interfaces/msg/detail/yaw__type_support.cpp\n'}
[1.172024] (drone_interfaces) StdoutLine: {'line': b'-- Up-to-date: /home/ccl/Multitask-Drone/install/drone_interfaces/include/drone_interfaces/drone_interfaces/msg/detail/panel_box__type_support.cpp\n'}
[1.172067] (drone_interfaces) StdoutLine: {'line': b'-- Up-to-date: /home/ccl/Multitask-Drone/install/drone_interfaces/include/drone_interfaces/drone_interfaces/msg/detail/task__rosidl_typesupport_introspection_cpp.hpp\n'}
[1.172107] (drone_interfaces) StdoutLine: {'line': b'-- Up-to-date: /home/ccl/Multitask-Drone/install/drone_interfaces/include/drone_interfaces/drone_interfaces/msg/detail/yaw__rosidl_typesupport_introspection_cpp.hpp\n'}
[1.172147] (drone_interfaces) StdoutLine: {'line': b'-- Up-to-date: /home/ccl/Multitask-Drone/install/drone_interfaces/include/drone_interfaces/drone_interfaces/action\n'}
[1.172187] (drone_interfaces) StdoutLine: {'line': b'-- Up-to-date: /home/ccl/Multitask-Drone/install/drone_interfaces/include/drone_interfaces/drone_interfaces/action/detail\n'}
[1.172226] (drone_interfaces) StdoutLine: {'line': b'-- Up-to-date: /home/ccl/Multitask-Drone/install/drone_interfaces/include/drone_interfaces/drone_interfaces/action/detail/execute_waypoint__rosidl_typesupport_introspection_cpp.hpp\n'}
[1.172265] (drone_interfaces) StdoutLine: {'line': b'-- Up-to-date: /home/ccl/Multitask-Drone/install/drone_interfaces/include/drone_interfaces/drone_interfaces/action/detail/execute_waypoint__type_support.cpp\n'}
[1.172304] (drone_interfaces) StdoutLine: {'line': b'-- Up-to-date: /home/ccl/Multitask-Drone/install/drone_interfaces/include/drone_interfaces/drone_interfaces/srv\n'}
[1.172343] (drone_interfaces) StdoutLine: {'line': b'-- Up-to-date: /home/ccl/Multitask-Drone/install/drone_interfaces/include/drone_interfaces/drone_interfaces/srv/detail\n'}
[1.172393] (drone_interfaces) StdoutLine: {'line': b'-- Up-to-date: /home/ccl/Multitask-Drone/install/drone_interfaces/include/drone_interfaces/drone_interfaces/srv/detail/task_push__type_support.cpp\n'}
[1.172432] (drone_interfaces) StdoutLine: {'line': b'-- Up-to-date: /home/ccl/Multitask-Drone/install/drone_interfaces/include/drone_interfaces/drone_interfaces/srv/detail/task_dispatch__rosidl_typesupport_introspection_cpp.hpp\n'}
[1.172471] (drone_interfaces) StdoutLine: {'line': b'-- Up-to-date: /home/ccl/Multitask-Drone/install/drone_interfaces/include/drone_interfaces/drone_interfaces/srv/detail/yolo_request__type_support.cpp\n'}
[1.172509] (drone_interfaces) StdoutLine: {'line': b'-- Up-to-date: /home/ccl/Multitask-Drone/install/drone_interfaces/include/drone_interfaces/drone_interfaces/srv/detail/yolo_request__rosidl_typesupport_introspection_cpp.hpp\n'}
[1.172549] (drone_interfaces) StdoutLine: {'line': b'-- Up-to-date: /home/ccl/Multitask-Drone/install/drone_interfaces/include/drone_interfaces/drone_interfaces/srv/detail/task_push__rosidl_typesupport_introspection_cpp.hpp\n'}
[1.172587] (drone_interfaces) StdoutLine: {'line': b'-- Up-to-date: /home/ccl/Multitask-Drone/install/drone_interfaces/include/drone_interfaces/drone_interfaces/srv/detail/task_dispatch__type_support.cpp\n'}
[1.172627] (drone_interfaces) StdoutLine: {'line': b'-- Up-to-date: /home/ccl/Multitask-Drone/install/drone_interfaces/lib/libdrone_interfaces__rosidl_typesupport_introspection_cpp.so\n'}
[1.172704] (drone_interfaces) StdoutLine: {'line': b'-- Up-to-date: /home/ccl/Multitask-Drone/install/drone_interfaces/lib/libdrone_interfaces__rosidl_typesupport_cpp.so\n'}
[1.172753] (drone_interfaces) StdoutLine: {'line': b'-- Up-to-date: /home/ccl/Multitask-Drone/install/drone_interfaces/share/drone_interfaces/environment/pythonpath.sh\n'}
[1.172793] (drone_interfaces) StdoutLine: {'line': b'-- Up-to-date: /home/ccl/Multitask-Drone/install/drone_interfaces/share/drone_interfaces/environment/pythonpath.dsv\n'}
[1.172833] (drone_interfaces) StdoutLine: {'line': b'-- Up-to-date: /home/ccl/Multitask-Drone/install/drone_interfaces/local/lib/python3.10/dist-packages/drone_interfaces-0.0.0-py3.10.egg-info\n'}
[1.172872] (drone_interfaces) StdoutLine: {'line': b'-- Installing: /home/ccl/Multitask-Drone/install/drone_interfaces/local/lib/python3.10/dist-packages/drone_interfaces-0.0.0-py3.10.egg-info/top_level.txt\n'}
[1.172914] (drone_interfaces) StdoutLine: {'line': b'-- Installing: /home/ccl/Multitask-Drone/install/drone_interfaces/local/lib/python3.10/dist-packages/drone_interfaces-0.0.0-py3.10.egg-info/dependency_links.txt\n'}
[1.172953] (drone_interfaces) StdoutLine: {'line': b'-- Installing: /home/ccl/Multitask-Drone/install/drone_interfaces/local/lib/python3.10/dist-packages/drone_interfaces-0.0.0-py3.10.egg-info/SOURCES.txt\n'}
[1.172993] (drone_interfaces) StdoutLine: {'line': b'-- Installing: /home/ccl/Multitask-Drone/install/drone_interfaces/local/lib/python3.10/dist-packages/drone_interfaces-0.0.0-py3.10.egg-info/PKG-INFO\n'}
[1.173031] (drone_interfaces) StdoutLine: {'line': b'-- Up-to-date: /home/ccl/Multitask-Drone/install/drone_interfaces/local/lib/python3.10/dist-packages/drone_interfaces\n'}
[1.173070] (drone_interfaces) StdoutLine: {'line': b'-- Up-to-date: /home/ccl/Multitask-Drone/install/drone_interfaces/local/lib/python3.10/dist-packages/drone_interfaces/libdrone_interfaces__rosidl_generator_py.so\n'}
[1.173109] (drone_interfaces) StdoutLine: {'line': b'-- Up-to-date: /home/ccl/Multitask-Drone/install/drone_interfaces/local/lib/python3.10/dist-packages/drone_interfaces/drone_interfaces_s__rosidl_typesupport_c.cpython-310-x86_64-linux-gnu.so\n'}
[1.173149] (drone_interfaces) StdoutLine: {'line': b'-- Up-to-date: /home/ccl/Multitask-Drone/install/drone_interfaces/local/lib/python3.10/dist-packages/drone_interfaces/drone_interfaces_s__rosidl_typesupport_introspection_c.cpython-310-x86_64-linux-gnu.so\n'}
[1.173189] (drone_interfaces) StdoutLine: {'line': b'-- Up-to-date: /home/ccl/Multitask-Drone/install/drone_interfaces/local/lib/python3.10/dist-packages/drone_interfaces/__init__.py\n'}
[1.173227] (drone_interfaces) StdoutLine: {'line': b'-- Up-to-date: /home/ccl/Multitask-Drone/install/drone_interfaces/local/lib/python3.10/dist-packages/drone_interfaces/drone_interfaces_s__rosidl_typesupport_fastrtps_c.cpython-310-x86_64-linux-gnu.so\n'}
[1.173265] (drone_interfaces) StdoutLine: {'line': b'-- Up-to-date: /home/ccl/Multitask-Drone/install/drone_interfaces/local/lib/python3.10/dist-packages/drone_interfaces/msg\n'}
[1.173306] (drone_interfaces) StdoutLine: {'line': b'-- Up-to-date: /home/ccl/Multitask-Drone/install/drone_interfaces/local/lib/python3.10/dist-packages/drone_interfaces/msg/_panel_box_s.c\n'}
[1.173344] (drone_interfaces) StdoutLine: {'line': b'-- Up-to-date: /home/ccl/Multitask-Drone/install/drone_interfaces/local/lib/python3.10/dist-packages/drone_interfaces/msg/_task.py\n'}
[1.173400] (drone_interfaces) StdoutLine: {'line': b'-- Up-to-date: /home/ccl/Multitask-Drone/install/drone_interfaces/local/lib/python3.10/dist-packages/drone_interfaces/msg/__init__.py\n'}
[1.173449] (drone_interfaces) StdoutLine: {'line': b'-- Up-to-date: /home/ccl/Multitask-Drone/install/drone_interfaces/local/lib/python3.10/dist-packages/drone_interfaces/msg/_task_state_s.c\n'}
[1.173490] (drone_interfaces) StdoutLine: {'line': b'-- Up-to-date: /home/ccl/Multitask-Drone/install/drone_interfaces/local/lib/python3.10/dist-packages/drone_interfaces/msg/_task_s.c\n'}
[1.173530] (drone_interfaces) StdoutLine: {'line': b'-- Up-to-date: /home/ccl/Multitask-Drone/install/drone_interfaces/local/lib/python3.10/dist-packages/drone_interfaces/msg/_yaw.py\n'}
[1.173574] (drone_interfaces) StdoutLine: {'line': b'-- Up-to-date: /home/ccl/Multitask-Drone/install/drone_interfaces/local/lib/python3.10/dist-packages/drone_interfaces/msg/_panel_box.py\n'}
[1.173614] (drone_interfaces) StdoutLine: {'line': b'-- Up-to-date: /home/ccl/Multitask-Drone/install/drone_interfaces/local/lib/python3.10/dist-packages/drone_interfaces/msg/_raw_waypoint.py\n'}
[1.173661] (drone_interfaces) StdoutLine: {'line': b'-- Up-to-date: /home/ccl/Multitask-Drone/install/drone_interfaces/local/lib/python3.10/dist-packages/drone_interfaces/msg/_yaw_s.c\n'}
[1.173701] (drone_interfaces) StdoutLine: {'line': b'-- Up-to-date: /home/ccl/Multitask-Drone/install/drone_interfaces/local/lib/python3.10/dist-packages/drone_interfaces/msg/_raw_waypoint_s.c\n'}
[1.173739] (drone_interfaces) StdoutLine: {'line': b'-- Up-to-date: /home/ccl/Multitask-Drone/install/drone_interfaces/local/lib/python3.10/dist-packages/drone_interfaces/msg/_task_state.py\n'}
[1.173783] (drone_interfaces) StdoutLine: {'line': b'-- Up-to-date: /home/ccl/Multitask-Drone/install/drone_interfaces/local/lib/python3.10/dist-packages/drone_interfaces/_drone_interfaces_s.ep.rosidl_typesupport_c.c\n'}
[1.173821] (drone_interfaces) StdoutLine: {'line': b'-- Up-to-date: /home/ccl/Multitask-Drone/install/drone_interfaces/local/lib/python3.10/dist-packages/drone_interfaces/_drone_interfaces_s.ep.rosidl_typesupport_fastrtps_c.c\n'}
[1.173860] (drone_interfaces) StdoutLine: {'line': b'-- Up-to-date: /home/ccl/Multitask-Drone/install/drone_interfaces/local/lib/python3.10/dist-packages/drone_interfaces/action\n'}
[1.173899] (drone_interfaces) StdoutLine: {'line': b'-- Up-to-date: /home/ccl/Multitask-Drone/install/drone_interfaces/local/lib/python3.10/dist-packages/drone_interfaces/action/__init__.py\n'}
[1.173937] (drone_interfaces) StdoutLine: {'line': b'-- Up-to-date: /home/ccl/Multitask-Drone/install/drone_interfaces/local/lib/python3.10/dist-packages/drone_interfaces/action/_execute_waypoint.py\n'}
[1.173976] (drone_interfaces) StdoutLine: {'line': b'-- Up-to-date: /home/ccl/Multitask-Drone/install/drone_interfaces/local/lib/python3.10/dist-packages/drone_interfaces/action/_execute_waypoint_s.c\n'}
[1.174015] (drone_interfaces) StdoutLine: {'line': b'-- Up-to-date: /home/ccl/Multitask-Drone/install/drone_interfaces/local/lib/python3.10/dist-packages/drone_interfaces/_drone_interfaces_s.ep.rosidl_typesupport_introspection_c.c\n'}
[1.174053] (drone_interfaces) StdoutLine: {'line': b'-- Up-to-date: /home/ccl/Multitask-Drone/install/drone_interfaces/local/lib/python3.10/dist-packages/drone_interfaces/srv\n'}
[1.175710] (drone_interfaces) StdoutLine: {'line': b'-- Up-to-date: /home/ccl/Multitask-Drone/install/drone_interfaces/local/lib/python3.10/dist-packages/drone_interfaces/srv/__init__.py\n'}
[1.175805] (drone_interfaces) StdoutLine: {'line': b'-- Up-to-date: /home/ccl/Multitask-Drone/install/drone_interfaces/local/lib/python3.10/dist-packages/drone_interfaces/srv/_task_dispatch_s.c\n'}
[1.175852] (drone_interfaces) StdoutLine: {'line': b'-- Up-to-date: /home/ccl/Multitask-Drone/install/drone_interfaces/local/lib/python3.10/dist-packages/drone_interfaces/srv/_yolo_request_s.c\n'}
[1.175893] (drone_interfaces) StdoutLine: {'line': b'-- Up-to-date: /home/ccl/Multitask-Drone/install/drone_interfaces/local/lib/python3.10/dist-packages/drone_interfaces/srv/_yolo_request.py\n'}
[1.175941] (drone_interfaces) StdoutLine: {'line': b'-- Up-to-date: /home/ccl/Multitask-Drone/install/drone_interfaces/local/lib/python3.10/dist-packages/drone_interfaces/srv/_task_push.py\n'}
[1.175980] (drone_interfaces) StdoutLine: {'line': b'-- Up-to-date: /home/ccl/Multitask-Drone/install/drone_interfaces/local/lib/python3.10/dist-packages/drone_interfaces/srv/_task_dispatch.py\n'}
[1.176018] (drone_interfaces) StdoutLine: {'line': b'-- Up-to-date: /home/ccl/Multitask-Drone/install/drone_interfaces/local/lib/python3.10/dist-packages/drone_interfaces/srv/_task_push_s.c\n'}
[1.203925] (drone_interfaces) StdoutLine: {'line': b"Listing '/home/ccl/Multitask-Drone/install/drone_interfaces/local/lib/python3.10/dist-packages/drone_interfaces'...\n"}
[1.204089] (drone_interfaces) StdoutLine: {'line': b"Listing '/home/ccl/Multitask-Drone/install/drone_interfaces/local/lib/python3.10/dist-packages/drone_interfaces/action'...\n"}
[1.204139] (-) TimerEvent: {}
[1.205266] (drone_interfaces) StdoutLine: {'line': b"Listing '/home/ccl/Multitask-Drone/install/drone_interfaces/local/lib/python3.10/dist-packages/drone_interfaces/msg'...\n"}
[1.205409] (drone_interfaces) StdoutLine: {'line': b"Listing '/home/ccl/Multitask-Drone/install/drone_interfaces/local/lib/python3.10/dist-packages/drone_interfaces/srv'...\n"}
[1.209211] (drone_interfaces) StdoutLine: {'line': b'-- Up-to-date: /home/ccl/Multitask-Drone/install/drone_interfaces/local/lib/python3.10/dist-packages/drone_interfaces/drone_interfaces_s__rosidl_typesupport_fastrtps_c.cpython-310-x86_64-linux-gnu.so\n'}
[1.209581] (drone_interfaces) StdoutLine: {'line': b'-- Up-to-date: /home/ccl/Multitask-Drone/install/drone_interfaces/local/lib/python3.10/dist-packages/drone_interfaces/drone_interfaces_s__rosidl_typesupport_introspection_c.cpython-310-x86_64-linux-gnu.so\n'}
[1.211513] (drone_interfaces) StdoutLine: {'line': b'-- Up-to-date: /home/ccl/Multitask-Drone/install/drone_interfaces/local/lib/python3.10/dist-packages/drone_interfaces/drone_interfaces_s__rosidl_typesupport_c.cpython-310-x86_64-linux-gnu.so\n'}
[1.211953] (drone_interfaces) StdoutLine: {'line': b'-- Up-to-date: /home/ccl/Multitask-Drone/install/drone_interfaces/lib/libdrone_interfaces__rosidl_generator_py.so\n'}
[1.212162] (drone_interfaces) StdoutLine: {'line': b'-- Up-to-date: /home/ccl/Multitask-Drone/install/drone_interfaces/share/drone_interfaces/msg/Yaw.idl\n'}
[1.212249] (drone_interfaces) StdoutLine: {'line': b'-- Up-to-date: /home/ccl/Multitask-Drone/install/drone_interfaces/share/drone_interfaces/msg/PanelBox.idl\n'}
[1.212321] (drone_interfaces) StdoutLine: {'line': b'-- Up-to-date: /home/ccl/Multitask-Drone/install/drone_interfaces/share/drone_interfaces/msg/Task.idl\n'}
[1.212385] (drone_interfaces) StdoutLine: {'line': b'-- Up-to-date: /home/ccl/Multitask-Drone/install/drone_interfaces/share/drone_interfaces/msg/TaskState.idl\n'}
[1.212450] (drone_interfaces) StdoutLine: {'line': b'-- Up-to-date: /home/ccl/Multitask-Drone/install/drone_interfaces/share/drone_interfaces/msg/RawWaypoint.idl\n'}
[1.212719] (drone_interfaces) StdoutLine: {'line': b'-- Up-to-date: /home/ccl/Multitask-Drone/install/drone_interfaces/share/drone_interfaces/srv/TaskDispatch.idl\n'}
[1.212864] (drone_interfaces) StdoutLine: {'line': b'-- Up-to-date: /home/ccl/Multitask-Drone/install/drone_interfaces/share/drone_interfaces/srv/YoloRequest.idl\n'}
[1.212909] (drone_interfaces) StdoutLine: {'line': b'-- Up-to-date: /home/ccl/Multitask-Drone/install/drone_interfaces/share/drone_interfaces/srv/TaskPush.idl\n'}
[1.212950] (drone_interfaces) StdoutLine: {'line': b'-- Up-to-date: /home/ccl/Multitask-Drone/install/drone_interfaces/share/drone_interfaces/action/ExecuteWaypoint.idl\n'}
[1.212988] (drone_interfaces) StdoutLine: {'line': b'-- Up-to-date: /home/ccl/Multitask-Drone/install/drone_interfaces/share/drone_interfaces/msg/Yaw.msg\n'}
[1.213026] (drone_interfaces) StdoutLine: {'line': b'-- Up-to-date: /home/ccl/Multitask-Drone/install/drone_interfaces/share/drone_interfaces/msg/PanelBox.msg\n'}
[1.213070] (drone_interfaces) StdoutLine: {'line': b'-- Up-to-date: /home/ccl/Multitask-Drone/install/drone_interfaces/share/drone_interfaces/msg/Task.msg\n'}
[1.214368] (drone_interfaces) StdoutLine: {'line': b'-- Up-to-date: /home/ccl/Multitask-Drone/install/drone_interfaces/share/drone_interfaces/msg/TaskState.msg\n'}
[1.214552] (drone_interfaces) StdoutLine: {'line': b'-- Up-to-date: /home/ccl/Multitask-Drone/install/drone_interfaces/share/drone_interfaces/msg/RawWaypoint.msg\n'}
[1.214637] (drone_interfaces) StdoutLine: {'line': b'-- Up-to-date: /home/ccl/Multitask-Drone/install/drone_interfaces/share/drone_interfaces/srv/TaskDispatch.srv\n'}
[1.214762] (drone_interfaces) StdoutLine: {'line': b'-- Up-to-date: /home/ccl/Multitask-Drone/install/drone_interfaces/share/drone_interfaces/srv/TaskDispatch_Request.msg\n'}
[1.214839] (drone_interfaces) StdoutLine: {'line': b'-- Up-to-date: /home/ccl/Multitask-Drone/install/drone_interfaces/share/drone_interfaces/srv/TaskDispatch_Response.msg\n'}
[1.214904] (drone_interfaces) StdoutLine: {'line': b'-- Up-to-date: /home/ccl/Multitask-Drone/install/drone_interfaces/share/drone_interfaces/srv/YoloRequest.srv\n'}
[1.214960] (drone_interfaces) StdoutLine: {'line': b'-- Up-to-date: /home/ccl/Multitask-Drone/install/drone_interfaces/share/drone_interfaces/srv/YoloRequest_Request.msg\n'}
[1.215000] (drone_interfaces) StdoutLine: {'line': b'-- Up-to-date: /home/ccl/Multitask-Drone/install/drone_interfaces/share/drone_interfaces/srv/YoloRequest_Response.msg\n'}
[1.215038] (drone_interfaces) StdoutLine: {'line': b'-- Up-to-date: /home/ccl/Multitask-Drone/install/drone_interfaces/share/drone_interfaces/srv/TaskPush.srv\n'}
[1.215077] (drone_interfaces) StdoutLine: {'line': b'-- Up-to-date: /home/ccl/Multitask-Drone/install/drone_interfaces/share/drone_interfaces/srv/TaskPush_Request.msg\n'}
[1.215116] (drone_interfaces) StdoutLine: {'line': b'-- Up-to-date: /home/ccl/Multitask-Drone/install/drone_interfaces/share/drone_interfaces/srv/TaskPush_Response.msg\n'}
[1.215154] (drone_interfaces) StdoutLine: {'line': b'-- Up-to-date: /home/ccl/Multitask-Drone/install/drone_interfaces/share/drone_interfaces/action/ExecuteWaypoint.action\n'}
[1.215190] (drone_interfaces) StdoutLine: {'line': b'-- Up-to-date: /home/ccl/Multitask-Drone/install/drone_interfaces/share/ament_index/resource_index/package_run_dependencies/drone_interfaces\n'}
[1.215229] (drone_interfaces) StdoutLine: {'line': b'-- Up-to-date: /home/ccl/Multitask-Drone/install/drone_interfaces/share/ament_index/resource_index/parent_prefix_path/drone_interfaces\n'}
[1.215267] (drone_interfaces) StdoutLine: {'line': b'-- Up-to-date: /home/ccl/Multitask-Drone/install/drone_interfaces/share/drone_interfaces/environment/ament_prefix_path.sh\n'}
[1.215305] (drone_interfaces) StdoutLine: {'line': b'-- Up-to-date: /home/ccl/Multitask-Drone/install/drone_interfaces/share/drone_interfaces/environment/ament_prefix_path.dsv\n'}
[1.215343] (drone_interfaces) StdoutLine: {'line': b'-- Up-to-date: /home/ccl/Multitask-Drone/install/drone_interfaces/share/drone_interfaces/environment/path.sh\n'}
[1.215379] (drone_interfaces) StdoutLine: {'line': b'-- Up-to-date: /home/ccl/Multitask-Drone/install/drone_interfaces/share/drone_interfaces/environment/path.dsv\n'}
[1.215416] (drone_interfaces) StdoutLine: {'line': b'-- Up-to-date: /home/ccl/Multitask-Drone/install/drone_interfaces/share/drone_interfaces/local_setup.bash\n'}
[1.215453] (drone_interfaces) StdoutLine: {'line': b'-- Up-to-date: /home/ccl/Multitask-Drone/install/drone_interfaces/share/drone_interfaces/local_setup.sh\n'}
[1.215491] (drone_interfaces) StdoutLine: {'line': b'-- Up-to-date: /home/ccl/Multitask-Drone/install/drone_interfaces/share/drone_interfaces/local_setup.zsh\n'}
[1.215527] (drone_interfaces) StdoutLine: {'line': b'-- Up-to-date: /home/ccl/Multitask-Drone/install/drone_interfaces/share/drone_interfaces/local_setup.dsv\n'}
[1.215565] (drone_interfaces) StdoutLine: {'line': b'-- Installing: /home/ccl/Multitask-Drone/install/drone_interfaces/share/drone_interfaces/package.dsv\n'}
[1.215611] (drone_interfaces) StdoutLine: {'line': b'-- Up-to-date: /home/ccl/Multitask-Drone/install/drone_interfaces/share/ament_index/resource_index/packages/drone_interfaces\n'}
[1.215658] (drone_interfaces) StdoutLine: {'line': b'-- Up-to-date: /home/ccl/Multitask-Drone/install/drone_interfaces/share/drone_interfaces/cmake/export_drone_interfaces__rosidl_generator_cExport.cmake\n'}
[1.215705] (drone_interfaces) StdoutLine: {'line': b'-- Up-to-date: /home/ccl/Multitask-Drone/install/drone_interfaces/share/drone_interfaces/cmake/export_drone_interfaces__rosidl_generator_cExport-noconfig.cmake\n'}
[1.215743] (drone_interfaces) StdoutLine: {'line': b'-- Up-to-date: /home/ccl/Multitask-Drone/install/drone_interfaces/share/drone_interfaces/cmake/export_drone_interfaces__rosidl_typesupport_fastrtps_cExport.cmake\n'}
[1.215781] (drone_interfaces) StdoutLine: {'line': b'-- Up-to-date: /home/ccl/Multitask-Drone/install/drone_interfaces/share/drone_interfaces/cmake/export_drone_interfaces__rosidl_typesupport_fastrtps_cExport-noconfig.cmake\n'}
[1.215819] (drone_interfaces) StdoutLine: {'line': b'-- Up-to-date: /home/ccl/Multitask-Drone/install/drone_interfaces/share/drone_interfaces/cmake/drone_interfaces__rosidl_typesupport_introspection_cExport.cmake\n'}
[1.215855] (drone_interfaces) StdoutLine: {'line': b'-- Up-to-date: /home/ccl/Multitask-Drone/install/drone_interfaces/share/drone_interfaces/cmake/drone_interfaces__rosidl_typesupport_introspection_cExport-noconfig.cmake\n'}
[1.215891] (drone_interfaces) StdoutLine: {'line': b'-- Up-to-date: /home/ccl/Multitask-Drone/install/drone_interfaces/share/drone_interfaces/cmake/drone_interfaces__rosidl_typesupport_cExport.cmake\n'}
[1.215928] (drone_interfaces) StdoutLine: {'line': b'-- Up-to-date: /home/ccl/Multitask-Drone/install/drone_interfaces/share/drone_interfaces/cmake/drone_interfaces__rosidl_typesupport_cExport-noconfig.cmake\n'}
[1.215966] (drone_interfaces) StdoutLine: {'line': b'-- Up-to-date: /home/ccl/Multitask-Drone/install/drone_interfaces/share/drone_interfaces/cmake/export_drone_interfaces__rosidl_generator_cppExport.cmake\n'}
[1.216003] (drone_interfaces) StdoutLine: {'line': b'-- Up-to-date: /home/ccl/Multitask-Drone/install/drone_interfaces/share/drone_interfaces/cmake/export_drone_interfaces__rosidl_typesupport_fastrtps_cppExport.cmake\n'}
[1.216041] (drone_interfaces) StdoutLine: {'line': b'-- Up-to-date: /home/ccl/Multitask-Drone/install/drone_interfaces/share/drone_interfaces/cmake/export_drone_interfaces__rosidl_typesupport_fastrtps_cppExport-noconfig.cmake\n'}
[1.216080] (drone_interfaces) StdoutLine: {'line': b'-- Up-to-date: /home/ccl/Multitask-Drone/install/drone_interfaces/share/drone_interfaces/cmake/drone_interfaces__rosidl_typesupport_introspection_cppExport.cmake\n'}
[1.216163] (drone_interfaces) StdoutLine: {'line': b'-- Up-to-date: /home/ccl/Multitask-Drone/install/drone_interfaces/share/drone_interfaces/cmake/drone_interfaces__rosidl_typesupport_introspection_cppExport-noconfig.cmake\n'}
[1.216212] (drone_interfaces) StdoutLine: {'line': b'-- Up-to-date: /home/ccl/Multitask-Drone/install/drone_interfaces/share/drone_interfaces/cmake/drone_interfaces__rosidl_typesupport_cppExport.cmake\n'}
[1.216252] (drone_interfaces) StdoutLine: {'line': b'-- Up-to-date: /home/ccl/Multitask-Drone/install/drone_interfaces/share/drone_interfaces/cmake/drone_interfaces__rosidl_typesupport_cppExport-noconfig.cmake\n'}
[1.216537] (drone_interfaces) StdoutLine: {'line': b'-- Up-to-date: /home/ccl/Multitask-Drone/install/drone_interfaces/share/drone_interfaces/cmake/export_drone_interfaces__rosidl_generator_pyExport.cmake\n'}
[1.216587] (drone_interfaces) StdoutLine: {'line': b'-- Up-to-date: /home/ccl/Multitask-Drone/install/drone_interfaces/share/drone_interfaces/cmake/export_drone_interfaces__rosidl_generator_pyExport-noconfig.cmake\n'}
[1.216627] (drone_interfaces) StdoutLine: {'line': b'-- Up-to-date: /home/ccl/Multitask-Drone/install/drone_interfaces/share/drone_interfaces/cmake/rosidl_cmake-extras.cmake\n'}
[1.216684] (drone_interfaces) StdoutLine: {'line': b'-- Up-to-date: /home/ccl/Multitask-Drone/install/drone_interfaces/share/drone_interfaces/cmake/ament_cmake_export_dependencies-extras.cmake\n'}
[1.216724] (drone_interfaces) StdoutLine: {'line': b'-- Up-to-date: /home/ccl/Multitask-Drone/install/drone_interfaces/share/drone_interfaces/cmake/ament_cmake_export_include_directories-extras.cmake\n'}
[1.216770] (drone_interfaces) StdoutLine: {'line': b'-- Up-to-date: /home/ccl/Multitask-Drone/install/drone_interfaces/share/drone_interfaces/cmake/ament_cmake_export_libraries-extras.cmake\n'}
[1.216816] (drone_interfaces) StdoutLine: {'line': b'-- Up-to-date: /home/ccl/Multitask-Drone/install/drone_interfaces/share/drone_interfaces/cmake/ament_cmake_export_targets-extras.cmake\n'}
[1.216861] (drone_interfaces) StdoutLine: {'line': b'-- Up-to-date: /home/ccl/Multitask-Drone/install/drone_interfaces/share/drone_interfaces/cmake/rosidl_cmake_export_typesupport_targets-extras.cmake\n'}
[1.216908] (drone_interfaces) StdoutLine: {'line': b'-- Up-to-date: /home/ccl/Multitask-Drone/install/drone_interfaces/share/drone_interfaces/cmake/rosidl_cmake_export_typesupport_libraries-extras.cmake\n'}
[1.216955] (drone_interfaces) StdoutLine: {'line': b'-- Up-to-date: /home/ccl/Multitask-Drone/install/drone_interfaces/share/drone_interfaces/cmake/drone_interfacesConfig.cmake\n'}
[1.217000] (drone_interfaces) StdoutLine: {'line': b'-- Up-to-date: /home/ccl/Multitask-Drone/install/drone_interfaces/share/drone_interfaces/cmake/drone_interfacesConfig-version.cmake\n'}
[1.217046] (drone_interfaces) StdoutLine: {'line': b'-- Up-to-date: /home/ccl/Multitask-Drone/install/drone_interfaces/share/drone_interfaces/package.xml\n'}
[1.219167] (drone_interfaces) CommandEnded: {'returncode': 0}
[1.240719] (drone_interfaces) JobEnded: {'identifier': 'drone_interfaces', 'rc': 0}
[1.242121] (drone_controller) JobStarted: {'identifier': 'drone_controller'}
[1.252908] (drone_vision) JobStarted: {'identifier': 'drone_vision'}
[1.304253] (-) TimerEvent: {}
[1.404538] (-) TimerEvent: {}
[1.505860] (-) TimerEvent: {}
[1.609086] (-) TimerEvent: {}
[1.710803] (-) TimerEvent: {}
[1.811513] (-) TimerEvent: {}
[1.911802] (-) TimerEvent: {}
[2.013106] (-) TimerEvent: {}
[2.056248] (drone_controller) Command: {'cmd': ['/usr/bin/python3', '-W', 'ignore:setup.py install is deprecated', '-W', 'ignore:easy_install command is deprecated', 'setup.py', 'egg_info', '--egg-base', '../../build/drone_controller', 'build', '--build-base', '/home/ccl/Multitask-Drone/build/drone_controller/build', 'install', '--record', '/home/ccl/Multitask-Drone/build/drone_controller/install.log', '--single-version-externally-managed', 'install_data'], 'cwd': '/home/ccl/Multitask-Drone/src/drone_controller', 'env': {'GJS_DEBUG_TOPICS': 'JS ERROR;JS LOG', 'LESSOPEN': '| /usr/bin/lesspipe %s', 'SVGA_VGPU10': '0', 'no_proxy': '127.0.0.1, localhost', 'USER': 'ccl', 'LC_TIME': 'zh_CN.UTF-8', 'XDG_SESSION_TYPE': 'wayland', 'GIT_ASKPASS': '/usr/share/code/resources/app/extensions/git/dist/askpass.sh', 'SHLVL': '1', 'LD_LIBRARY_PATH': '/home/ccl/Multitask-Drone/install/drone_interfaces/lib:/opt/ros/humble/opt/rviz_ogre_vendor/lib:/opt/ros/humble/lib/x86_64-linux-gnu:/opt/ros/humble/lib', 'HOME': '/home/ccl', 'CHROME_DESKTOP': 'code.desktop', 'OLDPWD': '/home/ccl', 'TERM_PROGRAM_VERSION': '1.98.0', 'DESKTOP_SESSION': 'ubuntu', 'GIO_LAUNCHED_DESKTOP_FILE': '/usr/share/applications/code.desktop', 'ROS_PYTHON_VERSION': '3', 'GNOME_SHELL_SESSION_MODE': 'ubuntu', 'GTK_MODULES': 'gail:atk-bridge', 'VSCODE_GIT_ASKPASS_MAIN': '/usr/share/code/resources/app/extensions/git/dist/askpass-main.js', 'LC_MONETARY': 'zh_CN.UTF-8', 'VSCODE_GIT_ASKPASS_NODE': '/usr/share/code/code', 'MANAGERPID': '1078', 'PYDEVD_DISABLE_FILE_VALIDATION': '1', 'SYSTEMD_EXEC_PID': '1235', 'BUNDLED_DEBUGPY_PATH': '/home/ccl/.vscode/extensions/ms-python.debugpy-2025.4.0-linux-x64/bundled/libs/debugpy', 'IM_CONFIG_CHECK_ENV': '1', 'DBUS_SESSION_BUS_ADDRESS': 'unix:path=/run/user/1000/bus', 'COLORTERM': 'truecolor', 'GIO_LAUNCHED_DESKTOP_FILE_PID': '17873', 'IM_CONFIG_PHASE': '1', 'WAYLAND_DISPLAY': 'wayland-0', 'https_proxy': 'http://192.168.218.1:5555', 'COLCON_PREFIX_PATH': '/home/ccl/Multitask-Drone/install', 'ROS_DISTRO': 'humble', 'GTK_IM_MODULE': 'fcitx', 'LOGNAME': 'ccl', 'http_proxy': 'http://192.168.218.1:5555', 'JOURNAL_STREAM': '8:17839', '_': '/usr/bin/colcon', 'ROS_VERSION': '2', 'XDG_SESSION_CLASS': 'user', 'USERNAME': 'ccl', 'TERM': 'xterm-256color', 'GNOME_DESKTOP_SESSION_ID': 'this-is-deprecated', 'ROS_LOCALHOST_ONLY': '0', 'PATH': '/home/ccl/.local/bin:/opt/ros/humble/bin:/home/ccl/.local/bin:/usr/local/sbin:/usr/local/bin:/usr/sbin:/usr/bin:/sbin:/bin:/usr/games:/usr/local/games:/snap/bin:/usr/local/go/bin:/home/ccl/.vscode/extensions/ms-python.debugpy-2025.4.0-linux-x64/bundled/scripts/noConfigScripts:/usr/local/go/bin', 'SESSION_MANAGER': 'local/ubuntu64:@/tmp/.ICE-unix/1212,unix/ubuntu64:/tmp/.ICE-unix/1212', 'INVOCATION_ID': 'b97f6cc10fc1482b957a1d12886b36f0', 'XDG_MENU_PREFIX': 'gnome-', 'LC_ADDRESS': 'zh_CN.UTF-8', 'GNOME_SETUP_DISPLAY': ':1', 'XDG_RUNTIME_DIR': '/run/user/1000', 'GDK_BACKEND': 'x11', 'DISPLAY': ':0', 'VSCODE_DEBUGPY_ADAPTER_ENDPOINTS': '/home/ccl/.vscode/extensions/ms-python.debugpy-2025.4.0-linux-x64/.noConfigDebugAdapterEndpoints/endpoint-17a7e6cfd4e60750.txt', 'LANG': 'en_US.UTF-8', 'XDG_CURRENT_DESKTOP': 'Unity', 'LC_TELEPHONE': 'zh_CN.UTF-8', 'XMODIFIERS': '@im=fcitx', 'XDG_SESSION_DESKTOP': 'ubuntu', 'XAUTHORITY': '/run/user/1000/.mutter-Xwaylandauth.23GQ22', 'LS_COLORS': 'rs=0:di=01;34:ln=01;36:mh=00:pi=40;33:so=01;35:do=01;35:bd=40;33;01:cd=40;33;01:or=40;31;01:mi=00:su=37;41:sg=30;43:ca=30;41:tw=30;42:ow=34;42:st=37;44:ex=01;32:*.tar=01;31:*.tgz=01;31:*.arc=01;31:*.arj=01;31:*.taz=01;31:*.lha=01;31:*.lz4=01;31:*.lzh=01;31:*.lzma=01;31:*.tlz=01;31:*.txz=01;31:*.tzo=01;31:*.t7z=01;31:*.zip=01;31:*.z=01;31:*.dz=01;31:*.gz=01;31:*.lrz=01;31:*.lz=01;31:*.lzo=01;31:*.xz=01;31:*.zst=01;31:*.tzst=01;31:*.bz2=01;31:*.bz=01;31:*.tbz=01;31:*.tbz2=01;31:*.tz=01;31:*.deb=01;31:*.rpm=01;31:*.jar=01;31:*.war=01;31:*.ear=01;31:*.sar=01;31:*.rar=01;31:*.alz=01;31:*.ace=01;31:*.zoo=01;31:*.cpio=01;31:*.7z=01;31:*.rz=01;31:*.cab=01;31:*.wim=01;31:*.swm=01;31:*.dwm=01;31:*.esd=01;31:*.jpg=01;35:*.jpeg=01;35:*.mjpg=01;35:*.mjpeg=01;35:*.gif=01;35:*.bmp=01;35:*.pbm=01;35:*.pgm=01;35:*.ppm=01;35:*.tga=01;35:*.xbm=01;35:*.xpm=01;35:*.tif=01;35:*.tiff=01;35:*.png=01;35:*.svg=01;35:*.svgz=01;35:*.mng=01;35:*.pcx=01;35:*.mov=01;35:*.mpg=01;35:*.mpeg=01;35:*.m2v=01;35:*.mkv=01;35:*.webm=01;35:*.webp=01;35:*.ogm=01;35:*.mp4=01;35:*.m4v=01;35:*.mp4v=01;35:*.vob=01;35:*.qt=01;35:*.nuv=01;35:*.wmv=01;35:*.asf=01;35:*.rm=01;35:*.rmvb=01;35:*.flc=01;35:*.avi=01;35:*.fli=01;35:*.flv=01;35:*.gl=01;35:*.dl=01;35:*.xcf=01;35:*.xwd=01;35:*.yuv=01;35:*.cgm=01;35:*.emf=01;35:*.ogv=01;35:*.ogx=01;35:*.aac=00;36:*.au=00;36:*.flac=00;36:*.m4a=00;36:*.mid=00;36:*.midi=00;36:*.mka=00;36:*.mp3=00;36:*.mpc=00;36:*.ogg=00;36:*.ra=00;36:*.wav=00;36:*.oga=00;36:*.opus=00;36:*.spx=00;36:*.xspf=00;36:', 'VSCODE_GIT_IPC_HANDLE': '/run/user/1000/vscode-git-9d2c69e155.sock', 'TERM_PROGRAM': 'vscode', 'SSH_AGENT_LAUNCHER': 'gnome-keyring', 'SSH_AUTH_SOCK': '/run/user/1000/keyring/ssh', 'AMENT_PREFIX_PATH': '/home/ccl/Multitask-Drone/install/drone_vision:/home/ccl/Multitask-Drone/install/drone_monitor:/home/ccl/Multitask-Drone/install/drone_controller:/home/ccl/Multitask-Drone/install/drone_interfaces:/opt/ros/humble', 'QUIC_GO_LOG_LEVEL': 'debug', 'ORIGINAL_XDG_CURRENT_DESKTOP': 'ubuntu:GNOME', 'SHELL': '/bin/bash', 'LC_NAME': 'zh_CN.UTF-8', 'QT_ACCESSIBILITY': '1', 'GDMSESSION': 'ubuntu', 'LESSCLOSE': '/usr/bin/lesspipe %s %s', 'LC_MEASUREMENT': 'zh_CN.UTF-8', 'GJS_DEBUG_OUTPUT': 'stderr', 'LC_IDENTIFICATION': 'zh_CN.UTF-8', 'VSCODE_GIT_ASKPASS_EXTRA_ARGS': '', 'QT_IM_MODULE': 'fcitx', 'PWD': '/home/ccl/Multitask-Drone/build/drone_controller', 'LC_ALL': 'en_US.UTF-8', 'XDG_CONFIG_DIRS': '/etc/xdg/xdg-ubuntu:/etc/xdg', 'CLUTTER_IM_MODULE': 'xim', 'XDG_DATA_DIRS': '/usr/share/ubuntu:/usr/local/share:/usr/share:/var/lib/snapd/desktop', 'PYTHONPATH': '/home/ccl/Multitask-Drone/build/drone_controller/prefix_override:/usr/lib/python3/dist-packages/colcon_core/task/python/colcon_distutils_commands:/home/ccl/Multitask-Drone/install/drone_controller/lib/python3.10/site-packages:/home/ccl/Multitask-Drone/install/drone_vision/lib/python3.10/site-packages:/home/ccl/Multitask-Drone/install/drone_monitor/lib/python3.10/site-packages:/home/ccl/Multitask-Drone/install/drone_controller/lib/python3.10/site-packages:/home/ccl/Multitask-Drone/install/drone_interfaces/local/lib/python3.10/dist-packages:/opt/ros/humble/lib/python3.10/site-packages:/opt/ros/humble/local/lib/python3.10/dist-packages', 'LC_NUMERIC': 'zh_CN.UTF-8', 'LC_PAPER': 'zh_CN.UTF-8', 'COLCON': '1', 'CMAKE_PREFIX_PATH': '/home/ccl/Multitask-Drone/install/drone_interfaces'}, 'shell': False}
[2.113222] (-) TimerEvent: {}
[2.187379] (drone_vision) Command: {'cmd': ['/usr/bin/python3', '-W', 'ignore:setup.py install is deprecated', '-W', 'ignore:easy_install command is deprecated', 'setup.py', 'egg_info', '--egg-base', '../../build/drone_vision', 'build', '--build-base', '/home/ccl/Multitask-Drone/build/drone_vision/build', 'install', '--record', '/home/ccl/Multitask-Drone/build/drone_vision/install.log', '--single-version-externally-managed', 'install_data'], 'cwd': '/home/ccl/Multitask-Drone/src/drone_vision', 'env': {'GJS_DEBUG_TOPICS': 'JS ERROR;JS LOG', 'LESSOPEN': '| /usr/bin/lesspipe %s', 'SVGA_VGPU10': '0', 'no_proxy': '127.0.0.1, localhost', 'USER': 'ccl', 'LC_TIME': 'zh_CN.UTF-8', 'XDG_SESSION_TYPE': 'wayland', 'GIT_ASKPASS': '/usr/share/code/resources/app/extensions/git/dist/askpass.sh', 'SHLVL': '1', 'LD_LIBRARY_PATH': '/home/ccl/Multitask-Drone/install/drone_interfaces/lib:/opt/ros/humble/opt/rviz_ogre_vendor/lib:/opt/ros/humble/lib/x86_64-linux-gnu:/opt/ros/humble/lib', 'HOME': '/home/ccl', 'CHROME_DESKTOP': 'code.desktop', 'OLDPWD': '/home/ccl', 'TERM_PROGRAM_VERSION': '1.98.0', 'DESKTOP_SESSION': 'ubuntu', 'GIO_LAUNCHED_DESKTOP_FILE': '/usr/share/applications/code.desktop', 'ROS_PYTHON_VERSION': '3', 'GNOME_SHELL_SESSION_MODE': 'ubuntu', 'GTK_MODULES': 'gail:atk-bridge', 'VSCODE_GIT_ASKPASS_MAIN': '/usr/share/code/resources/app/extensions/git/dist/askpass-main.js', 'LC_MONETARY': 'zh_CN.UTF-8', 'VSCODE_GIT_ASKPASS_NODE': '/usr/share/code/code', 'MANAGERPID': '1078', 'PYDEVD_DISABLE_FILE_VALIDATION': '1', 'SYSTEMD_EXEC_PID': '1235', 'BUNDLED_DEBUGPY_PATH': '/home/ccl/.vscode/extensions/ms-python.debugpy-2025.4.0-linux-x64/bundled/libs/debugpy', 'IM_CONFIG_CHECK_ENV': '1', 'DBUS_SESSION_BUS_ADDRESS': 'unix:path=/run/user/1000/bus', 'COLORTERM': 'truecolor', 'GIO_LAUNCHED_DESKTOP_FILE_PID': '17873', 'IM_CONFIG_PHASE': '1', 'WAYLAND_DISPLAY': 'wayland-0', 'https_proxy': 'http://192.168.218.1:5555', 'COLCON_PREFIX_PATH': '/home/ccl/Multitask-Drone/install', 'ROS_DISTRO': 'humble', 'GTK_IM_MODULE': 'fcitx', 'LOGNAME': 'ccl', 'http_proxy': 'http://192.168.218.1:5555', 'JOURNAL_STREAM': '8:17839', '_': '/usr/bin/colcon', 'ROS_VERSION': '2', 'XDG_SESSION_CLASS': 'user', 'USERNAME': 'ccl', 'TERM': 'xterm-256color', 'GNOME_DESKTOP_SESSION_ID': 'this-is-deprecated', 'ROS_LOCALHOST_ONLY': '0', 'PATH': '/home/ccl/.local/bin:/opt/ros/humble/bin:/home/ccl/.local/bin:/usr/local/sbin:/usr/local/bin:/usr/sbin:/usr/bin:/sbin:/bin:/usr/games:/usr/local/games:/snap/bin:/usr/local/go/bin:/home/ccl/.vscode/extensions/ms-python.debugpy-2025.4.0-linux-x64/bundled/scripts/noConfigScripts:/usr/local/go/bin', 'SESSION_MANAGER': 'local/ubuntu64:@/tmp/.ICE-unix/1212,unix/ubuntu64:/tmp/.ICE-unix/1212', 'INVOCATION_ID': 'b97f6cc10fc1482b957a1d12886b36f0', 'XDG_MENU_PREFIX': 'gnome-', 'LC_ADDRESS': 'zh_CN.UTF-8', 'GNOME_SETUP_DISPLAY': ':1', 'XDG_RUNTIME_DIR': '/run/user/1000', 'GDK_BACKEND': 'x11', 'DISPLAY': ':0', 'VSCODE_DEBUGPY_ADAPTER_ENDPOINTS': '/home/ccl/.vscode/extensions/ms-python.debugpy-2025.4.0-linux-x64/.noConfigDebugAdapterEndpoints/endpoint-17a7e6cfd4e60750.txt', 'LANG': 'en_US.UTF-8', 'XDG_CURRENT_DESKTOP': 'Unity', 'LC_TELEPHONE': 'zh_CN.UTF-8', 'XMODIFIERS': '@im=fcitx', 'XDG_SESSION_DESKTOP': 'ubuntu', 'XAUTHORITY': '/run/user/1000/.mutter-Xwaylandauth.23GQ22', 'LS_COLORS': 'rs=0:di=01;34:ln=01;36:mh=00:pi=40;33:so=01;35:do=01;35:bd=40;33;01:cd=40;33;01:or=40;31;01:mi=00:su=37;41:sg=30;43:ca=30;41:tw=30;42:ow=34;42:st=37;44:ex=01;32:*.tar=01;31:*.tgz=01;31:*.arc=01;31:*.arj=01;31:*.taz=01;31:*.lha=01;31:*.lz4=01;31:*.lzh=01;31:*.lzma=01;31:*.tlz=01;31:*.txz=01;31:*.tzo=01;31:*.t7z=01;31:*.zip=01;31:*.z=01;31:*.dz=01;31:*.gz=01;31:*.lrz=01;31:*.lz=01;31:*.lzo=01;31:*.xz=01;31:*.zst=01;31:*.tzst=01;31:*.bz2=01;31:*.bz=01;31:*.tbz=01;31:*.tbz2=01;31:*.tz=01;31:*.deb=01;31:*.rpm=01;31:*.jar=01;31:*.war=01;31:*.ear=01;31:*.sar=01;31:*.rar=01;31:*.alz=01;31:*.ace=01;31:*.zoo=01;31:*.cpio=01;31:*.7z=01;31:*.rz=01;31:*.cab=01;31:*.wim=01;31:*.swm=01;31:*.dwm=01;31:*.esd=01;31:*.jpg=01;35:*.jpeg=01;35:*.mjpg=01;35:*.mjpeg=01;35:*.gif=01;35:*.bmp=01;35:*.pbm=01;35:*.pgm=01;35:*.ppm=01;35:*.tga=01;35:*.xbm=01;35:*.xpm=01;35:*.tif=01;35:*.tiff=01;35:*.png=01;35:*.svg=01;35:*.svgz=01;35:*.mng=01;35:*.pcx=01;35:*.mov=01;35:*.mpg=01;35:*.mpeg=01;35:*.m2v=01;35:*.mkv=01;35:*.webm=01;35:*.webp=01;35:*.ogm=01;35:*.mp4=01;35:*.m4v=01;35:*.mp4v=01;35:*.vob=01;35:*.qt=01;35:*.nuv=01;35:*.wmv=01;35:*.asf=01;35:*.rm=01;35:*.rmvb=01;35:*.flc=01;35:*.avi=01;35:*.fli=01;35:*.flv=01;35:*.gl=01;35:*.dl=01;35:*.xcf=01;35:*.xwd=01;35:*.yuv=01;35:*.cgm=01;35:*.emf=01;35:*.ogv=01;35:*.ogx=01;35:*.aac=00;36:*.au=00;36:*.flac=00;36:*.m4a=00;36:*.mid=00;36:*.midi=00;36:*.mka=00;36:*.mp3=00;36:*.mpc=00;36:*.ogg=00;36:*.ra=00;36:*.wav=00;36:*.oga=00;36:*.opus=00;36:*.spx=00;36:*.xspf=00;36:', 'VSCODE_GIT_IPC_HANDLE': '/run/user/1000/vscode-git-9d2c69e155.sock', 'TERM_PROGRAM': 'vscode', 'SSH_AGENT_LAUNCHER': 'gnome-keyring', 'SSH_AUTH_SOCK': '/run/user/1000/keyring/ssh', 'AMENT_PREFIX_PATH': '/home/ccl/Multitask-Drone/install/drone_vision:/home/ccl/Multitask-Drone/install/drone_monitor:/home/ccl/Multitask-Drone/install/drone_controller:/home/ccl/Multitask-Drone/install/drone_interfaces:/opt/ros/humble', 'QUIC_GO_LOG_LEVEL': 'debug', 'ORIGINAL_XDG_CURRENT_DESKTOP': 'ubuntu:GNOME', 'SHELL': '/bin/bash', 'LC_NAME': 'zh_CN.UTF-8', 'QT_ACCESSIBILITY': '1', 'GDMSESSION': 'ubuntu', 'LESSCLOSE': '/usr/bin/lesspipe %s %s', 'LC_MEASUREMENT': 'zh_CN.UTF-8', 'GJS_DEBUG_OUTPUT': 'stderr', 'LC_IDENTIFICATION': 'zh_CN.UTF-8', 'VSCODE_GIT_ASKPASS_EXTRA_ARGS': '', 'QT_IM_MODULE': 'fcitx', 'PWD': '/home/ccl/Multitask-Drone/build/drone_vision', 'LC_ALL': 'en_US.UTF-8', 'XDG_CONFIG_DIRS': '/etc/xdg/xdg-ubuntu:/etc/xdg', 'CLUTTER_IM_MODULE': 'xim', 'XDG_DATA_DIRS': '/usr/share/ubuntu:/usr/local/share:/usr/share:/var/lib/snapd/desktop', 'PYTHONPATH': '/home/ccl/Multitask-Drone/build/drone_vision/prefix_override:/usr/lib/python3/dist-packages/colcon_core/task/python/colcon_distutils_commands:/home/ccl/Multitask-Drone/install/drone_vision/lib/python3.10/site-packages:/home/ccl/Multitask-Drone/install/drone_vision/lib/python3.10/site-packages:/home/ccl/Multitask-Drone/install/drone_monitor/lib/python3.10/site-packages:/home/ccl/Multitask-Drone/install/drone_controller/lib/python3.10/site-packages:/home/ccl/Multitask-Drone/install/drone_interfaces/local/lib/python3.10/dist-packages:/opt/ros/humble/lib/python3.10/site-packages:/opt/ros/humble/local/lib/python3.10/dist-packages', 'LC_NUMERIC': 'zh_CN.UTF-8', 'LC_PAPER': 'zh_CN.UTF-8', 'COLCON': '1', 'CMAKE_PREFIX_PATH': '/home/ccl/Multitask-Drone/install/drone_interfaces'}, 'shell': False}
[2.213333] (-) TimerEvent: {}
[2.241528] (drone_controller) StdoutLine: {'line': b'running egg_info\n'}
[2.242325] (drone_controller) StdoutLine: {'line': b'writing ../../build/drone_controller/drone_controller.egg-info/PKG-INFO\n'}
[2.242584] (drone_controller) StdoutLine: {'line': b'writing dependency_links to ../../build/drone_controller/drone_controller.egg-info/dependency_links.txt\n'}
[2.242928] (drone_controller) StdoutLine: {'line': b'writing entry points to ../../build/drone_controller/drone_controller.egg-info/entry_points.txt\n'}
[2.243004] (drone_controller) StdoutLine: {'line': b'writing requirements to ../../build/drone_controller/drone_controller.egg-info/requires.txt\n'}
[2.243054] (drone_controller) StdoutLine: {'line': b'writing top-level names to ../../build/drone_controller/drone_controller.egg-info/top_level.txt\n'}
[2.244629] (drone_controller) StdoutLine: {'line': b"reading manifest file '../../build/drone_controller/drone_controller.egg-info/SOURCES.txt'\n"}
[2.247878] (drone_controller) StdoutLine: {'line': b"adding license file 'LICENSE'\n"}
[2.247971] (drone_controller) StdoutLine: {'line': b"writing manifest file '../../build/drone_controller/drone_controller.egg-info/SOURCES.txt'\n"}
[2.248013] (drone_controller) StdoutLine: {'line': b'running build\n'}
[2.248053] (drone_controller) StdoutLine: {'line': b'running build_py\n'}
[2.248092] (drone_controller) StdoutLine: {'line': b'copying drone_controller/drone_controller.py -> /home/ccl/Multitask-Drone/build/drone_controller/build/lib/drone_controller\n'}
[2.248132] (drone_controller) StdoutLine: {'line': b'running install\n'}
[2.248174] (drone_controller) StdoutLine: {'line': b'running install_lib\n'}
[2.248213] (drone_controller) StdoutLine: {'line': b'copying /home/ccl/Multitask-Drone/build/drone_controller/build/lib/drone_controller/drone_controller.py -> /home/ccl/Multitask-Drone/install/drone_controller/lib/python3.10/site-packages/drone_controller\n'}
[2.248732] (drone_controller) StdoutLine: {'line': b'byte-compiling /home/ccl/Multitask-Drone/install/drone_controller/lib/python3.10/site-packages/drone_controller/drone_controller.py to drone_controller.cpython-310.pyc\n'}
[2.255381] (drone_controller) StdoutLine: {'line': b'running install_data\n'}
[2.255688] (drone_controller) StdoutLine: {'line': b'running install_egg_info\n'}
[2.260382] (drone_controller) StdoutLine: {'line': b"removing '/home/ccl/Multitask-Drone/install/drone_controller/lib/python3.10/site-packages/drone_controller-0.0.0-py3.10.egg-info' (and everything under it)\n"}
[2.260584] (drone_controller) StdoutLine: {'line': b'Copying ../../build/drone_controller/drone_controller.egg-info to /home/ccl/Multitask-Drone/install/drone_controller/lib/python3.10/site-packages/drone_controller-0.0.0-py3.10.egg-info\n'}
[2.260681] (drone_controller) StdoutLine: {'line': b'running install_scripts\n'}
[2.278917] (drone_controller) StdoutLine: {'line': b'Installing drone_controller script to /home/ccl/Multitask-Drone/install/drone_controller/lib/drone_controller\n'}
[2.279154] (drone_controller) StdoutLine: {'line': b'Installing task_executor script to /home/ccl/Multitask-Drone/install/drone_controller/lib/drone_controller\n'}
[2.279239] (drone_controller) StdoutLine: {'line': b'Installing waypoint_handler script to /home/ccl/Multitask-Drone/install/drone_controller/lib/drone_controller\n'}
[2.279317] (drone_controller) StdoutLine: {'line': b'Installing yiku_test script to /home/ccl/Multitask-Drone/install/drone_controller/lib/drone_controller\n'}
[2.279394] (drone_controller) StdoutLine: {'line': b"writing list of installed files to '/home/ccl/Multitask-Drone/build/drone_controller/install.log'\n"}
[2.310977] (drone_controller) CommandEnded: {'returncode': 0}
[2.313596] (-) TimerEvent: {}
[2.318786] (drone_controller) JobEnded: {'identifier': 'drone_controller', 'rc': 0}
[2.413731] (-) TimerEvent: {}
[2.442377] (drone_vision) StdoutLine: {'line': b'running egg_info\n'}
[2.443561] (drone_vision) StdoutLine: {'line': b'writing ../../build/drone_vision/drone_vision.egg-info/PKG-INFO\n'}
[2.443799] (drone_vision) StdoutLine: {'line': b'writing dependency_links to ../../build/drone_vision/drone_vision.egg-info/dependency_links.txt\n'}
[2.443955] (drone_vision) StdoutLine: {'line': b'writing entry points to ../../build/drone_vision/drone_vision.egg-info/entry_points.txt\n'}
[2.444226] (drone_vision) StdoutLine: {'line': b'writing requirements to ../../build/drone_vision/drone_vision.egg-info/requires.txt\n'}
[2.444511] (drone_vision) StdoutLine: {'line': b'writing top-level names to ../../build/drone_vision/drone_vision.egg-info/top_level.txt\n'}
[2.445990] (drone_vision) StdoutLine: {'line': b"reading manifest file '../../build/drone_vision/drone_vision.egg-info/SOURCES.txt'\n"}
[2.447515] (drone_vision) StdoutLine: {'line': b"adding license file 'LICENSE'\n"}
[2.447879] (drone_vision) StdoutLine: {'line': b"writing manifest file '../../build/drone_vision/drone_vision.egg-info/SOURCES.txt'\n"}
[2.447974] (drone_vision) StdoutLine: {'line': b'running build\n'}
[2.448052] (drone_vision) StdoutLine: {'line': b'running build_py\n'}
[2.448133] (drone_vision) StdoutLine: {'line': b'running install\n'}
[2.448206] (drone_vision) StdoutLine: {'line': b'running install_lib\n'}
[2.448776] (drone_vision) StdoutLine: {'line': b'running install_data\n'}
[2.449765] (drone_vision) StdoutLine: {'line': b'running install_egg_info\n'}
[2.450516] (drone_vision) StdoutLine: {'line': b"removing '/home/ccl/Multitask-Drone/install/drone_vision/lib/python3.10/site-packages/drone_vision-0.0.0-py3.10.egg-info' (and everything under it)\n"}
[2.450864] (drone_vision) StdoutLine: {'line': b'Copying ../../build/drone_vision/drone_vision.egg-info to /home/ccl/Multitask-Drone/install/drone_vision/lib/python3.10/site-packages/drone_vision-0.0.0-py3.10.egg-info\n'}
[2.451383] (drone_vision) StdoutLine: {'line': b'running install_scripts\n'}
[2.472868] (drone_vision) StdoutLine: {'line': b'Installing object_detector script to /home/ccl/Multitask-Drone/install/drone_vision/lib/drone_vision\n'}
[2.473093] (drone_vision) StdoutLine: {'line': b"writing list of installed files to '/home/ccl/Multitask-Drone/build/drone_vision/install.log'\n"}
[2.499480] (drone_vision) CommandEnded: {'returncode': 0}
[2.506112] (drone_vision) JobEnded: {'identifier': 'drone_vision', 'rc': 0}
[2.506732] (-) EventReactorShutdown: {}
