[0.000000] (-) TimerEvent: {}
[0.002490] (drone_interfaces) JobQueued: {'identifier': 'drone_interfaces', 'dependencies': OrderedDict()}
[0.002560] (drone_monitor) JobQueued: {'identifier': 'drone_monitor', 'dependencies': OrderedDict()}
[0.002579] (drone_controller) JobQueued: {'identifier': 'drone_controller', 'dependencies': OrderedDict([('drone_interfaces', '/home/ccl/Multitask-Drone/install/drone_interfaces')])}
[0.002597] (drone_vision) JobQueued: {'identifier': 'drone_vision', 'dependencies': OrderedDict([('drone_interfaces', '/home/ccl/Multitask-Drone/install/drone_interfaces')])}
[0.002966] (drone_interfaces) JobStarted: {'identifier': 'drone_interfaces'}
[0.012434] (drone_monitor) JobStarted: {'identifier': 'drone_monitor'}
[0.026020] (drone_interfaces) JobProgress: {'identifier': 'drone_interfaces', 'progress': 'cmake'}
[0.030177] (drone_interfaces) JobProgress: {'identifier': 'drone_interfaces', 'progress': 'build'}
[0.032071] (drone_interfaces) Command: {'cmd': ['/usr/bin/cmake', '--build', '/home/ccl/Multitask-Drone/build/drone_interfaces', '--', '-j8', '-l8'], 'cwd': '/home/ccl/Multitask-Drone/build/drone_interfaces', 'env': OrderedDict([('GJS_DEBUG_TOPICS', 'JS ERROR;JS LOG'), ('LESSOPEN', '| /usr/bin/lesspipe %s'), ('SVGA_VGPU10', '0'), ('no_proxy', '127.0.0.1, localhost'), ('USER', 'ccl'), ('LC_TIME', 'zh_CN.UTF-8'), ('XDG_SESSION_TYPE', 'wayland'), ('GIT_ASKPASS', '/usr/share/code/resources/app/extensions/git/dist/askpass.sh'), ('SHLVL', '1'), ('LD_LIBRARY_PATH', '/home/ccl/Multitask-Drone/install/drone_interfaces/lib:/opt/ros/humble/opt/rviz_ogre_vendor/lib:/opt/ros/humble/lib/x86_64-linux-gnu:/opt/ros/humble/lib'), ('HOME', '/home/ccl'), ('CHROME_DESKTOP', 'code.desktop'), ('OLDPWD', '/home/ccl'), ('TERM_PROGRAM_VERSION', '1.98.0'), ('DESKTOP_SESSION', 'ubuntu'), ('GIO_LAUNCHED_DESKTOP_FILE', '/usr/share/applications/code.desktop'), ('ROS_PYTHON_VERSION', '3'), ('GNOME_SHELL_SESSION_MODE', 'ubuntu'), ('GTK_MODULES', 'gail:atk-bridge'), ('VSCODE_GIT_ASKPASS_MAIN', '/usr/share/code/resources/app/extensions/git/dist/askpass-main.js'), ('LC_MONETARY', 'zh_CN.UTF-8'), ('VSCODE_GIT_ASKPASS_NODE', '/usr/share/code/code'), ('MANAGERPID', '1078'), ('PYDEVD_DISABLE_FILE_VALIDATION', '1'), ('SYSTEMD_EXEC_PID', '1235'), ('BUNDLED_DEBUGPY_PATH', '/home/ccl/.vscode/extensions/ms-python.debugpy-2025.4.0-linux-x64/bundled/libs/debugpy'), ('IM_CONFIG_CHECK_ENV', '1'), ('DBUS_SESSION_BUS_ADDRESS', 'unix:path=/run/user/1000/bus'), ('COLORTERM', 'truecolor'), ('GIO_LAUNCHED_DESKTOP_FILE_PID', '17873'), ('IM_CONFIG_PHASE', '1'), ('WAYLAND_DISPLAY', 'wayland-0'), ('https_proxy', 'http://192.168.218.1:5555'), ('COLCON_PREFIX_PATH', '/home/ccl/Multitask-Drone/install'), ('ROS_DISTRO', 'humble'), ('GTK_IM_MODULE', 'fcitx'), ('LOGNAME', 'ccl'), ('http_proxy', 'http://192.168.218.1:5555'), ('JOURNAL_STREAM', '8:17839'), ('_', '/usr/bin/colcon'), ('ROS_VERSION', '2'), ('XDG_SESSION_CLASS', 'user'), ('USERNAME', 'ccl'), ('TERM', 'xterm-256color'), ('GNOME_DESKTOP_SESSION_ID', 'this-is-deprecated'), ('ROS_LOCALHOST_ONLY', '0'), ('PATH', '/home/ccl/.local/bin:/opt/ros/humble/bin:/home/ccl/.local/bin:/usr/local/sbin:/usr/local/bin:/usr/sbin:/usr/bin:/sbin:/bin:/usr/games:/usr/local/games:/snap/bin:/usr/local/go/bin:/home/ccl/.vscode/extensions/ms-python.debugpy-2025.4.0-linux-x64/bundled/scripts/noConfigScripts:/usr/local/go/bin'), ('SESSION_MANAGER', 'local/ubuntu64:@/tmp/.ICE-unix/1212,unix/ubuntu64:/tmp/.ICE-unix/1212'), ('INVOCATION_ID', 'b97f6cc10fc1482b957a1d12886b36f0'), ('XDG_MENU_PREFIX', 'gnome-'), ('LC_ADDRESS', 'zh_CN.UTF-8'), ('GNOME_SETUP_DISPLAY', ':1'), ('XDG_RUNTIME_DIR', '/run/user/1000'), ('GDK_BACKEND', 'x11'), ('DISPLAY', ':0'), ('VSCODE_DEBUGPY_ADAPTER_ENDPOINTS', '/home/ccl/.vscode/extensions/ms-python.debugpy-2025.4.0-linux-x64/.noConfigDebugAdapterEndpoints/endpoint-17a7e6cfd4e60750.txt'), ('LANG', 'en_US.UTF-8'), ('XDG_CURRENT_DESKTOP', 'Unity'), ('LC_TELEPHONE', 'zh_CN.UTF-8'), ('XMODIFIERS', '@im=fcitx'), ('XDG_SESSION_DESKTOP', 'ubuntu'), ('XAUTHORITY', '/run/user/1000/.mutter-Xwaylandauth.23GQ22'), ('LS_COLORS', 'rs=0:di=01;34:ln=01;36:mh=00:pi=40;33:so=01;35:do=01;35:bd=40;33;01:cd=40;33;01:or=40;31;01:mi=00:su=37;41:sg=30;43:ca=30;41:tw=30;42:ow=34;42:st=37;44:ex=01;32:*.tar=01;31:*.tgz=01;31:*.arc=01;31:*.arj=01;31:*.taz=01;31:*.lha=01;31:*.lz4=01;31:*.lzh=01;31:*.lzma=01;31:*.tlz=01;31:*.txz=01;31:*.tzo=01;31:*.t7z=01;31:*.zip=01;31:*.z=01;31:*.dz=01;31:*.gz=01;31:*.lrz=01;31:*.lz=01;31:*.lzo=01;31:*.xz=01;31:*.zst=01;31:*.tzst=01;31:*.bz2=01;31:*.bz=01;31:*.tbz=01;31:*.tbz2=01;31:*.tz=01;31:*.deb=01;31:*.rpm=01;31:*.jar=01;31:*.war=01;31:*.ear=01;31:*.sar=01;31:*.rar=01;31:*.alz=01;31:*.ace=01;31:*.zoo=01;31:*.cpio=01;31:*.7z=01;31:*.rz=01;31:*.cab=01;31:*.wim=01;31:*.swm=01;31:*.dwm=01;31:*.esd=01;31:*.jpg=01;35:*.jpeg=01;35:*.mjpg=01;35:*.mjpeg=01;35:*.gif=01;35:*.bmp=01;35:*.pbm=01;35:*.pgm=01;35:*.ppm=01;35:*.tga=01;35:*.xbm=01;35:*.xpm=01;35:*.tif=01;35:*.tiff=01;35:*.png=01;35:*.svg=01;35:*.svgz=01;35:*.mng=01;35:*.pcx=01;35:*.mov=01;35:*.mpg=01;35:*.mpeg=01;35:*.m2v=01;35:*.mkv=01;35:*.webm=01;35:*.webp=01;35:*.ogm=01;35:*.mp4=01;35:*.m4v=01;35:*.mp4v=01;35:*.vob=01;35:*.qt=01;35:*.nuv=01;35:*.wmv=01;35:*.asf=01;35:*.rm=01;35:*.rmvb=01;35:*.flc=01;35:*.avi=01;35:*.fli=01;35:*.flv=01;35:*.gl=01;35:*.dl=01;35:*.xcf=01;35:*.xwd=01;35:*.yuv=01;35:*.cgm=01;35:*.emf=01;35:*.ogv=01;35:*.ogx=01;35:*.aac=00;36:*.au=00;36:*.flac=00;36:*.m4a=00;36:*.mid=00;36:*.midi=00;36:*.mka=00;36:*.mp3=00;36:*.mpc=00;36:*.ogg=00;36:*.ra=00;36:*.wav=00;36:*.oga=00;36:*.opus=00;36:*.spx=00;36:*.xspf=00;36:'), ('VSCODE_GIT_IPC_HANDLE', '/run/user/1000/vscode-git-9d2c69e155.sock'), ('TERM_PROGRAM', 'vscode'), ('SSH_AGENT_LAUNCHER', 'gnome-keyring'), ('SSH_AUTH_SOCK', '/run/user/1000/keyring/ssh'), ('AMENT_PREFIX_PATH', '/home/ccl/Multitask-Drone/install/drone_vision:/home/ccl/Multitask-Drone/install/drone_monitor:/home/ccl/Multitask-Drone/install/drone_controller:/home/ccl/Multitask-Drone/install/drone_interfaces:/opt/ros/humble'), ('QUIC_GO_LOG_LEVEL', 'debug'), ('ORIGINAL_XDG_CURRENT_DESKTOP', 'ubuntu:GNOME'), ('SHELL', '/bin/bash'), ('LC_NAME', 'zh_CN.UTF-8'), ('QT_ACCESSIBILITY', '1'), ('GDMSESSION', 'ubuntu'), ('LESSCLOSE', '/usr/bin/lesspipe %s %s'), ('LC_MEASUREMENT', 'zh_CN.UTF-8'), ('GJS_DEBUG_OUTPUT', 'stderr'), ('LC_IDENTIFICATION', 'zh_CN.UTF-8'), ('VSCODE_GIT_ASKPASS_EXTRA_ARGS', ''), ('QT_IM_MODULE', 'fcitx'), ('PWD', '/home/ccl/Multitask-Drone/build/drone_interfaces'), ('LC_ALL', 'en_US.UTF-8'), ('XDG_CONFIG_DIRS', '/etc/xdg/xdg-ubuntu:/etc/xdg'), ('CLUTTER_IM_MODULE', 'xim'), ('XDG_DATA_DIRS', '/usr/share/ubuntu:/usr/local/share:/usr/share:/var/lib/snapd/desktop'), ('PYTHONPATH', '/home/ccl/Multitask-Drone/install/drone_vision/lib/python3.10/site-packages:/home/ccl/Multitask-Drone/install/drone_monitor/lib/python3.10/site-packages:/home/ccl/Multitask-Drone/install/drone_controller/lib/python3.10/site-packages:/home/ccl/Multitask-Drone/install/drone_interfaces/local/lib/python3.10/dist-packages:/opt/ros/humble/lib/python3.10/site-packages:/opt/ros/humble/local/lib/python3.10/dist-packages'), ('LC_NUMERIC', 'zh_CN.UTF-8'), ('LC_PAPER', 'zh_CN.UTF-8'), ('COLCON', '1'), ('CMAKE_PREFIX_PATH', '/home/ccl/Multitask-Drone/install/drone_interfaces:/home/ccl/Multitask-Drone/install/drone_vision:/home/ccl/Multitask-Drone/install/drone_monitor:/home/ccl/Multitask-Drone/install/drone_controller:/opt/ros/humble')]), 'shell': False}
[0.100471] (-) TimerEvent: {}
[0.163061] (drone_interfaces) StdoutLine: {'line': b'[  1%] Built target drone_interfaces__cpp\n'}
[0.200931] (-) TimerEvent: {}
[0.244251] (drone_interfaces) StdoutLine: {'line': b'[  1%] Built target ament_cmake_python_copy_drone_interfaces\n'}
[0.299709] (drone_interfaces) StdoutLine: {'line': b'[ 12%] Built target drone_interfaces__rosidl_typesupport_introspection_cpp\n'}
[0.301044] (-) TimerEvent: {}
[0.401399] (-) TimerEvent: {}
[0.502486] (-) TimerEvent: {}
[0.538530] (drone_interfaces) StdoutLine: {'line': b'running egg_info\n'}
[0.538876] (drone_interfaces) StdoutLine: {'line': b'writing drone_interfaces.egg-info/PKG-INFO\n'}
[0.538969] (drone_interfaces) StdoutLine: {'line': b'writing dependency_links to drone_interfaces.egg-info/dependency_links.txt\n'}
[0.539099] (drone_interfaces) StdoutLine: {'line': b'writing top-level names to drone_interfaces.egg-info/top_level.txt\n'}
[0.540695] (drone_interfaces) StdoutLine: {'line': b"reading manifest file 'drone_interfaces.egg-info/SOURCES.txt'\n"}
[0.541547] (drone_interfaces) StdoutLine: {'line': b"writing manifest file 'drone_interfaces.egg-info/SOURCES.txt'\n"}
[0.566750] (drone_interfaces) StdoutLine: {'line': b'[ 12%] Built target ament_cmake_python_build_drone_interfaces_egg\n'}
[0.602560] (-) TimerEvent: {}
[0.631401] (drone_interfaces) StdoutLine: {'line': b'[ 24%] Built target drone_interfaces__rosidl_typesupport_fastrtps_cpp\n'}
[0.671471] (drone_interfaces) StdoutLine: {'line': b'[ 35%] Built target drone_interfaces__rosidl_typesupport_cpp\n'}
[0.702727] (-) TimerEvent: {}
[0.710591] (drone_interfaces) StdoutLine: {'line': b'[ 47%] Built target drone_interfaces__rosidl_generator_c\n'}
[0.752236] (drone_interfaces) StdoutLine: {'line': b'[ 58%] Built target drone_interfaces__rosidl_typesupport_fastrtps_c\n'}
[0.766556] (drone_monitor) Command: {'cmd': ['/usr/bin/python3', '-W', 'ignore:setup.py install is deprecated', '-W', 'ignore:easy_install command is deprecated', 'setup.py', 'egg_info', '--egg-base', '../../build/drone_monitor', 'build', '--build-base', '/home/ccl/Multitask-Drone/build/drone_monitor/build', 'install', '--record', '/home/ccl/Multitask-Drone/build/drone_monitor/install.log', '--single-version-externally-managed', 'install_data'], 'cwd': '/home/ccl/Multitask-Drone/src/drone_monitor', 'env': {'GJS_DEBUG_TOPICS': 'JS ERROR;JS LOG', 'LESSOPEN': '| /usr/bin/lesspipe %s', 'SVGA_VGPU10': '0', 'no_proxy': '127.0.0.1, localhost', 'USER': 'ccl', 'LC_TIME': 'zh_CN.UTF-8', 'XDG_SESSION_TYPE': 'wayland', 'GIT_ASKPASS': '/usr/share/code/resources/app/extensions/git/dist/askpass.sh', 'SHLVL': '1', 'LD_LIBRARY_PATH': '/home/ccl/Multitask-Drone/install/drone_interfaces/lib:/opt/ros/humble/opt/rviz_ogre_vendor/lib:/opt/ros/humble/lib/x86_64-linux-gnu:/opt/ros/humble/lib', 'HOME': '/home/ccl', 'CHROME_DESKTOP': 'code.desktop', 'OLDPWD': '/home/ccl', 'TERM_PROGRAM_VERSION': '1.98.0', 'DESKTOP_SESSION': 'ubuntu', 'GIO_LAUNCHED_DESKTOP_FILE': '/usr/share/applications/code.desktop', 'ROS_PYTHON_VERSION': '3', 'GNOME_SHELL_SESSION_MODE': 'ubuntu', 'GTK_MODULES': 'gail:atk-bridge', 'VSCODE_GIT_ASKPASS_MAIN': '/usr/share/code/resources/app/extensions/git/dist/askpass-main.js', 'LC_MONETARY': 'zh_CN.UTF-8', 'VSCODE_GIT_ASKPASS_NODE': '/usr/share/code/code', 'MANAGERPID': '1078', 'PYDEVD_DISABLE_FILE_VALIDATION': '1', 'SYSTEMD_EXEC_PID': '1235', 'BUNDLED_DEBUGPY_PATH': '/home/ccl/.vscode/extensions/ms-python.debugpy-2025.4.0-linux-x64/bundled/libs/debugpy', 'IM_CONFIG_CHECK_ENV': '1', 'DBUS_SESSION_BUS_ADDRESS': 'unix:path=/run/user/1000/bus', 'COLORTERM': 'truecolor', 'GIO_LAUNCHED_DESKTOP_FILE_PID': '17873', 'IM_CONFIG_PHASE': '1', 'WAYLAND_DISPLAY': 'wayland-0', 'https_proxy': 'http://192.168.218.1:5555', 'COLCON_PREFIX_PATH': '/home/ccl/Multitask-Drone/install', 'ROS_DISTRO': 'humble', 'GTK_IM_MODULE': 'fcitx', 'LOGNAME': 'ccl', 'http_proxy': 'http://192.168.218.1:5555', 'JOURNAL_STREAM': '8:17839', '_': '/usr/bin/colcon', 'ROS_VERSION': '2', 'XDG_SESSION_CLASS': 'user', 'USERNAME': 'ccl', 'TERM': 'xterm-256color', 'GNOME_DESKTOP_SESSION_ID': 'this-is-deprecated', 'ROS_LOCALHOST_ONLY': '0', 'PATH': '/home/ccl/.local/bin:/opt/ros/humble/bin:/home/ccl/.local/bin:/usr/local/sbin:/usr/local/bin:/usr/sbin:/usr/bin:/sbin:/bin:/usr/games:/usr/local/games:/snap/bin:/usr/local/go/bin:/home/ccl/.vscode/extensions/ms-python.debugpy-2025.4.0-linux-x64/bundled/scripts/noConfigScripts:/usr/local/go/bin', 'SESSION_MANAGER': 'local/ubuntu64:@/tmp/.ICE-unix/1212,unix/ubuntu64:/tmp/.ICE-unix/1212', 'INVOCATION_ID': 'b97f6cc10fc1482b957a1d12886b36f0', 'XDG_MENU_PREFIX': 'gnome-', 'LC_ADDRESS': 'zh_CN.UTF-8', 'GNOME_SETUP_DISPLAY': ':1', 'XDG_RUNTIME_DIR': '/run/user/1000', 'GDK_BACKEND': 'x11', 'DISPLAY': ':0', 'VSCODE_DEBUGPY_ADAPTER_ENDPOINTS': '/home/ccl/.vscode/extensions/ms-python.debugpy-2025.4.0-linux-x64/.noConfigDebugAdapterEndpoints/endpoint-17a7e6cfd4e60750.txt', 'LANG': 'en_US.UTF-8', 'XDG_CURRENT_DESKTOP': 'Unity', 'LC_TELEPHONE': 'zh_CN.UTF-8', 'XMODIFIERS': '@im=fcitx', 'XDG_SESSION_DESKTOP': 'ubuntu', 'XAUTHORITY': '/run/user/1000/.mutter-Xwaylandauth.23GQ22', 'LS_COLORS': 'rs=0:di=01;34:ln=01;36:mh=00:pi=40;33:so=01;35:do=01;35:bd=40;33;01:cd=40;33;01:or=40;31;01:mi=00:su=37;41:sg=30;43:ca=30;41:tw=30;42:ow=34;42:st=37;44:ex=01;32:*.tar=01;31:*.tgz=01;31:*.arc=01;31:*.arj=01;31:*.taz=01;31:*.lha=01;31:*.lz4=01;31:*.lzh=01;31:*.lzma=01;31:*.tlz=01;31:*.txz=01;31:*.tzo=01;31:*.t7z=01;31:*.zip=01;31:*.z=01;31:*.dz=01;31:*.gz=01;31:*.lrz=01;31:*.lz=01;31:*.lzo=01;31:*.xz=01;31:*.zst=01;31:*.tzst=01;31:*.bz2=01;31:*.bz=01;31:*.tbz=01;31:*.tbz2=01;31:*.tz=01;31:*.deb=01;31:*.rpm=01;31:*.jar=01;31:*.war=01;31:*.ear=01;31:*.sar=01;31:*.rar=01;31:*.alz=01;31:*.ace=01;31:*.zoo=01;31:*.cpio=01;31:*.7z=01;31:*.rz=01;31:*.cab=01;31:*.wim=01;31:*.swm=01;31:*.dwm=01;31:*.esd=01;31:*.jpg=01;35:*.jpeg=01;35:*.mjpg=01;35:*.mjpeg=01;35:*.gif=01;35:*.bmp=01;35:*.pbm=01;35:*.pgm=01;35:*.ppm=01;35:*.tga=01;35:*.xbm=01;35:*.xpm=01;35:*.tif=01;35:*.tiff=01;35:*.png=01;35:*.svg=01;35:*.svgz=01;35:*.mng=01;35:*.pcx=01;35:*.mov=01;35:*.mpg=01;35:*.mpeg=01;35:*.m2v=01;35:*.mkv=01;35:*.webm=01;35:*.webp=01;35:*.ogm=01;35:*.mp4=01;35:*.m4v=01;35:*.mp4v=01;35:*.vob=01;35:*.qt=01;35:*.nuv=01;35:*.wmv=01;35:*.asf=01;35:*.rm=01;35:*.rmvb=01;35:*.flc=01;35:*.avi=01;35:*.fli=01;35:*.flv=01;35:*.gl=01;35:*.dl=01;35:*.xcf=01;35:*.xwd=01;35:*.yuv=01;35:*.cgm=01;35:*.emf=01;35:*.ogv=01;35:*.ogx=01;35:*.aac=00;36:*.au=00;36:*.flac=00;36:*.m4a=00;36:*.mid=00;36:*.midi=00;36:*.mka=00;36:*.mp3=00;36:*.mpc=00;36:*.ogg=00;36:*.ra=00;36:*.wav=00;36:*.oga=00;36:*.opus=00;36:*.spx=00;36:*.xspf=00;36:', 'VSCODE_GIT_IPC_HANDLE': '/run/user/1000/vscode-git-9d2c69e155.sock', 'TERM_PROGRAM': 'vscode', 'SSH_AGENT_LAUNCHER': 'gnome-keyring', 'SSH_AUTH_SOCK': '/run/user/1000/keyring/ssh', 'AMENT_PREFIX_PATH': '/home/ccl/Multitask-Drone/install/drone_vision:/home/ccl/Multitask-Drone/install/drone_monitor:/home/ccl/Multitask-Drone/install/drone_controller:/home/ccl/Multitask-Drone/install/drone_interfaces:/opt/ros/humble', 'QUIC_GO_LOG_LEVEL': 'debug', 'ORIGINAL_XDG_CURRENT_DESKTOP': 'ubuntu:GNOME', 'SHELL': '/bin/bash', 'LC_NAME': 'zh_CN.UTF-8', 'QT_ACCESSIBILITY': '1', 'GDMSESSION': 'ubuntu', 'LESSCLOSE': '/usr/bin/lesspipe %s %s', 'LC_MEASUREMENT': 'zh_CN.UTF-8', 'GJS_DEBUG_OUTPUT': 'stderr', 'LC_IDENTIFICATION': 'zh_CN.UTF-8', 'VSCODE_GIT_ASKPASS_EXTRA_ARGS': '', 'QT_IM_MODULE': 'fcitx', 'PWD': '/home/ccl/Multitask-Drone/build/drone_monitor', 'LC_ALL': 'en_US.UTF-8', 'XDG_CONFIG_DIRS': '/etc/xdg/xdg-ubuntu:/etc/xdg', 'CLUTTER_IM_MODULE': 'xim', 'XDG_DATA_DIRS': '/usr/share/ubuntu:/usr/local/share:/usr/share:/var/lib/snapd/desktop', 'PYTHONPATH': '/home/ccl/Multitask-Drone/build/drone_monitor/prefix_override:/usr/lib/python3/dist-packages/colcon_core/task/python/colcon_distutils_commands:/home/ccl/Multitask-Drone/install/drone_monitor/lib/python3.10/site-packages:/home/ccl/Multitask-Drone/install/drone_vision/lib/python3.10/site-packages:/home/ccl/Multitask-Drone/install/drone_monitor/lib/python3.10/site-packages:/home/ccl/Multitask-Drone/install/drone_controller/lib/python3.10/site-packages:/home/ccl/Multitask-Drone/install/drone_interfaces/local/lib/python3.10/dist-packages:/opt/ros/humble/lib/python3.10/site-packages:/opt/ros/humble/local/lib/python3.10/dist-packages', 'LC_NUMERIC': 'zh_CN.UTF-8', 'LC_PAPER': 'zh_CN.UTF-8', 'COLCON': '1', 'CMAKE_PREFIX_PATH': '/home/ccl/Multitask-Drone/install/drone_interfaces'}, 'shell': False}
[0.802405] (drone_interfaces) StdoutLine: {'line': b'[ 70%] Built target drone_interfaces__rosidl_typesupport_c\n'}
[0.802802] (-) TimerEvent: {}
[0.866323] (drone_interfaces) StdoutLine: {'line': b'[ 82%] Built target drone_interfaces__rosidl_typesupport_introspection_c\n'}
[0.902910] (-) TimerEvent: {}
[0.920814] (drone_interfaces) StdoutLine: {'line': b'[ 82%] Built target drone_interfaces\n'}
[0.968602] (drone_interfaces) StdoutLine: {'line': b'[ 83%] Built target drone_interfaces__py\n'}
[0.997149] (drone_monitor) StdoutLine: {'line': b'running egg_info\n'}
[0.998051] (drone_monitor) StdoutLine: {'line': b'writing ../../build/drone_monitor/drone_monitor.egg-info/PKG-INFO\n'}
[0.998585] (drone_monitor) StdoutLine: {'line': b'writing dependency_links to ../../build/drone_monitor/drone_monitor.egg-info/dependency_links.txt\n'}
[0.998976] (drone_monitor) StdoutLine: {'line': b'writing entry points to ../../build/drone_monitor/drone_monitor.egg-info/entry_points.txt\n'}
[0.999294] (drone_monitor) StdoutLine: {'line': b'writing requirements to ../../build/drone_monitor/drone_monitor.egg-info/requires.txt\n'}
[0.999572] (drone_monitor) StdoutLine: {'line': b'writing top-level names to ../../build/drone_monitor/drone_monitor.egg-info/top_level.txt\n'}
[1.001120] (drone_monitor) StdoutLine: {'line': b"reading manifest file '../../build/drone_monitor/drone_monitor.egg-info/SOURCES.txt'\n"}
[1.001476] (drone_monitor) StdoutLine: {'line': b"adding license file 'LICENSE'\n"}
[1.002060] (drone_monitor) StdoutLine: {'line': b"writing manifest file '../../build/drone_monitor/drone_monitor.egg-info/SOURCES.txt'\n"}
[1.002381] (drone_monitor) StdoutLine: {'line': b'running build\n'}
[1.002477] (drone_monitor) StdoutLine: {'line': b'running build_py\n'}
[1.003726] (drone_monitor) StdoutLine: {'line': b'running install\n'}
[1.003807] (-) TimerEvent: {}
[1.003896] (drone_monitor) StdoutLine: {'line': b'running install_lib\n'}
[1.004689] (drone_monitor) StdoutLine: {'line': b'running install_data\n'}
[1.004951] (drone_monitor) StdoutLine: {'line': b'running install_egg_info\n'}
[1.006469] (drone_monitor) StdoutLine: {'line': b"removing '/home/ccl/Multitask-Drone/install/drone_monitor/lib/python3.10/site-packages/drone_monitor-0.0.0-py3.10.egg-info' (and everything under it)\n"}
[1.006876] (drone_monitor) StdoutLine: {'line': b'Copying ../../build/drone_monitor/drone_monitor.egg-info to /home/ccl/Multitask-Drone/install/drone_monitor/lib/python3.10/site-packages/drone_monitor-0.0.0-py3.10.egg-info\n'}
[1.010839] (drone_monitor) StdoutLine: {'line': b'running install_scripts\n'}
[1.015342] (drone_interfaces) StdoutLine: {'line': b'[ 93%] Built target drone_interfaces__rosidl_generator_py\n'}
[1.042313] (drone_monitor) StdoutLine: {'line': b"writing list of installed files to '/home/ccl/Multitask-Drone/build/drone_monitor/install.log'\n"}
[1.056358] (drone_interfaces) StdoutLine: {'line': b'[ 95%] Built target drone_interfaces__rosidl_typesupport_fastrtps_c__pyext\n'}
[1.066725] (drone_monitor) CommandEnded: {'returncode': 0}
[1.084205] (drone_monitor) JobEnded: {'identifier': 'drone_monitor', 'rc': 0}
[1.098033] (drone_interfaces) StdoutLine: {'line': b'[ 97%] Built target drone_interfaces__rosidl_typesupport_c__pyext\n'}
[1.103950] (-) TimerEvent: {}
[1.146966] (drone_interfaces) StdoutLine: {'line': b'[100%] Built target drone_interfaces__rosidl_typesupport_introspection_c__pyext\n'}
[1.165259] (drone_interfaces) CommandEnded: {'returncode': 0}
[1.166754] (drone_interfaces) JobProgress: {'identifier': 'drone_interfaces', 'progress': 'install'}
[1.177723] (drone_interfaces) Command: {'cmd': ['/usr/bin/cmake', '--install', '/home/ccl/Multitask-Drone/build/drone_interfaces'], 'cwd': '/home/ccl/Multitask-Drone/build/drone_interfaces', 'env': OrderedDict([('GJS_DEBUG_TOPICS', 'JS ERROR;JS LOG'), ('LESSOPEN', '| /usr/bin/lesspipe %s'), ('SVGA_VGPU10', '0'), ('no_proxy', '127.0.0.1, localhost'), ('USER', 'ccl'), ('LC_TIME', 'zh_CN.UTF-8'), ('XDG_SESSION_TYPE', 'wayland'), ('GIT_ASKPASS', '/usr/share/code/resources/app/extensions/git/dist/askpass.sh'), ('SHLVL', '1'), ('LD_LIBRARY_PATH', '/home/ccl/Multitask-Drone/install/drone_interfaces/lib:/opt/ros/humble/opt/rviz_ogre_vendor/lib:/opt/ros/humble/lib/x86_64-linux-gnu:/opt/ros/humble/lib'), ('HOME', '/home/ccl'), ('CHROME_DESKTOP', 'code.desktop'), ('OLDPWD', '/home/ccl'), ('TERM_PROGRAM_VERSION', '1.98.0'), ('DESKTOP_SESSION', 'ubuntu'), ('GIO_LAUNCHED_DESKTOP_FILE', '/usr/share/applications/code.desktop'), ('ROS_PYTHON_VERSION', '3'), ('GNOME_SHELL_SESSION_MODE', 'ubuntu'), ('GTK_MODULES', 'gail:atk-bridge'), ('VSCODE_GIT_ASKPASS_MAIN', '/usr/share/code/resources/app/extensions/git/dist/askpass-main.js'), ('LC_MONETARY', 'zh_CN.UTF-8'), ('VSCODE_GIT_ASKPASS_NODE', '/usr/share/code/code'), ('MANAGERPID', '1078'), ('PYDEVD_DISABLE_FILE_VALIDATION', '1'), ('SYSTEMD_EXEC_PID', '1235'), ('BUNDLED_DEBUGPY_PATH', '/home/ccl/.vscode/extensions/ms-python.debugpy-2025.4.0-linux-x64/bundled/libs/debugpy'), ('IM_CONFIG_CHECK_ENV', '1'), ('DBUS_SESSION_BUS_ADDRESS', 'unix:path=/run/user/1000/bus'), ('COLORTERM', 'truecolor'), ('GIO_LAUNCHED_DESKTOP_FILE_PID', '17873'), ('IM_CONFIG_PHASE', '1'), ('WAYLAND_DISPLAY', 'wayland-0'), ('https_proxy', 'http://192.168.218.1:5555'), ('COLCON_PREFIX_PATH', '/home/ccl/Multitask-Drone/install'), ('ROS_DISTRO', 'humble'), ('GTK_IM_MODULE', 'fcitx'), ('LOGNAME', 'ccl'), ('http_proxy', 'http://192.168.218.1:5555'), ('JOURNAL_STREAM', '8:17839'), ('_', '/usr/bin/colcon'), ('ROS_VERSION', '2'), ('XDG_SESSION_CLASS', 'user'), ('USERNAME', 'ccl'), ('TERM', 'xterm-256color'), ('GNOME_DESKTOP_SESSION_ID', 'this-is-deprecated'), ('ROS_LOCALHOST_ONLY', '0'), ('PATH', '/home/ccl/.local/bin:/opt/ros/humble/bin:/home/ccl/.local/bin:/usr/local/sbin:/usr/local/bin:/usr/sbin:/usr/bin:/sbin:/bin:/usr/games:/usr/local/games:/snap/bin:/usr/local/go/bin:/home/ccl/.vscode/extensions/ms-python.debugpy-2025.4.0-linux-x64/bundled/scripts/noConfigScripts:/usr/local/go/bin'), ('SESSION_MANAGER', 'local/ubuntu64:@/tmp/.ICE-unix/1212,unix/ubuntu64:/tmp/.ICE-unix/1212'), ('INVOCATION_ID', 'b97f6cc10fc1482b957a1d12886b36f0'), ('XDG_MENU_PREFIX', 'gnome-'), ('LC_ADDRESS', 'zh_CN.UTF-8'), ('GNOME_SETUP_DISPLAY', ':1'), ('XDG_RUNTIME_DIR', '/run/user/1000'), ('GDK_BACKEND', 'x11'), ('DISPLAY', ':0'), ('VSCODE_DEBUGPY_ADAPTER_ENDPOINTS', '/home/ccl/.vscode/extensions/ms-python.debugpy-2025.4.0-linux-x64/.noConfigDebugAdapterEndpoints/endpoint-17a7e6cfd4e60750.txt'), ('LANG', 'en_US.UTF-8'), ('XDG_CURRENT_DESKTOP', 'Unity'), ('LC_TELEPHONE', 'zh_CN.UTF-8'), ('XMODIFIERS', '@im=fcitx'), ('XDG_SESSION_DESKTOP', 'ubuntu'), ('XAUTHORITY', '/run/user/1000/.mutter-Xwaylandauth.23GQ22'), ('LS_COLORS', 'rs=0:di=01;34:ln=01;36:mh=00:pi=40;33:so=01;35:do=01;35:bd=40;33;01:cd=40;33;01:or=40;31;01:mi=00:su=37;41:sg=30;43:ca=30;41:tw=30;42:ow=34;42:st=37;44:ex=01;32:*.tar=01;31:*.tgz=01;31:*.arc=01;31:*.arj=01;31:*.taz=01;31:*.lha=01;31:*.lz4=01;31:*.lzh=01;31:*.lzma=01;31:*.tlz=01;31:*.txz=01;31:*.tzo=01;31:*.t7z=01;31:*.zip=01;31:*.z=01;31:*.dz=01;31:*.gz=01;31:*.lrz=01;31:*.lz=01;31:*.lzo=01;31:*.xz=01;31:*.zst=01;31:*.tzst=01;31:*.bz2=01;31:*.bz=01;31:*.tbz=01;31:*.tbz2=01;31:*.tz=01;31:*.deb=01;31:*.rpm=01;31:*.jar=01;31:*.war=01;31:*.ear=01;31:*.sar=01;31:*.rar=01;31:*.alz=01;31:*.ace=01;31:*.zoo=01;31:*.cpio=01;31:*.7z=01;31:*.rz=01;31:*.cab=01;31:*.wim=01;31:*.swm=01;31:*.dwm=01;31:*.esd=01;31:*.jpg=01;35:*.jpeg=01;35:*.mjpg=01;35:*.mjpeg=01;35:*.gif=01;35:*.bmp=01;35:*.pbm=01;35:*.pgm=01;35:*.ppm=01;35:*.tga=01;35:*.xbm=01;35:*.xpm=01;35:*.tif=01;35:*.tiff=01;35:*.png=01;35:*.svg=01;35:*.svgz=01;35:*.mng=01;35:*.pcx=01;35:*.mov=01;35:*.mpg=01;35:*.mpeg=01;35:*.m2v=01;35:*.mkv=01;35:*.webm=01;35:*.webp=01;35:*.ogm=01;35:*.mp4=01;35:*.m4v=01;35:*.mp4v=01;35:*.vob=01;35:*.qt=01;35:*.nuv=01;35:*.wmv=01;35:*.asf=01;35:*.rm=01;35:*.rmvb=01;35:*.flc=01;35:*.avi=01;35:*.fli=01;35:*.flv=01;35:*.gl=01;35:*.dl=01;35:*.xcf=01;35:*.xwd=01;35:*.yuv=01;35:*.cgm=01;35:*.emf=01;35:*.ogv=01;35:*.ogx=01;35:*.aac=00;36:*.au=00;36:*.flac=00;36:*.m4a=00;36:*.mid=00;36:*.midi=00;36:*.mka=00;36:*.mp3=00;36:*.mpc=00;36:*.ogg=00;36:*.ra=00;36:*.wav=00;36:*.oga=00;36:*.opus=00;36:*.spx=00;36:*.xspf=00;36:'), ('VSCODE_GIT_IPC_HANDLE', '/run/user/1000/vscode-git-9d2c69e155.sock'), ('TERM_PROGRAM', 'vscode'), ('SSH_AGENT_LAUNCHER', 'gnome-keyring'), ('SSH_AUTH_SOCK', '/run/user/1000/keyring/ssh'), ('AMENT_PREFIX_PATH', '/home/ccl/Multitask-Drone/install/drone_vision:/home/ccl/Multitask-Drone/install/drone_monitor:/home/ccl/Multitask-Drone/install/drone_controller:/home/ccl/Multitask-Drone/install/drone_interfaces:/opt/ros/humble'), ('QUIC_GO_LOG_LEVEL', 'debug'), ('ORIGINAL_XDG_CURRENT_DESKTOP', 'ubuntu:GNOME'), ('SHELL', '/bin/bash'), ('LC_NAME', 'zh_CN.UTF-8'), ('QT_ACCESSIBILITY', '1'), ('GDMSESSION', 'ubuntu'), ('LESSCLOSE', '/usr/bin/lesspipe %s %s'), ('LC_MEASUREMENT', 'zh_CN.UTF-8'), ('GJS_DEBUG_OUTPUT', 'stderr'), ('LC_IDENTIFICATION', 'zh_CN.UTF-8'), ('VSCODE_GIT_ASKPASS_EXTRA_ARGS', ''), ('QT_IM_MODULE', 'fcitx'), ('PWD', '/home/ccl/Multitask-Drone/build/drone_interfaces'), ('LC_ALL', 'en_US.UTF-8'), ('XDG_CONFIG_DIRS', '/etc/xdg/xdg-ubuntu:/etc/xdg'), ('CLUTTER_IM_MODULE', 'xim'), ('XDG_DATA_DIRS', '/usr/share/ubuntu:/usr/local/share:/usr/share:/var/lib/snapd/desktop'), ('PYTHONPATH', '/home/ccl/Multitask-Drone/install/drone_vision/lib/python3.10/site-packages:/home/ccl/Multitask-Drone/install/drone_monitor/lib/python3.10/site-packages:/home/ccl/Multitask-Drone/install/drone_controller/lib/python3.10/site-packages:/home/ccl/Multitask-Drone/install/drone_interfaces/local/lib/python3.10/dist-packages:/opt/ros/humble/lib/python3.10/site-packages:/opt/ros/humble/local/lib/python3.10/dist-packages'), ('LC_NUMERIC', 'zh_CN.UTF-8'), ('LC_PAPER', 'zh_CN.UTF-8'), ('COLCON', '1'), ('CMAKE_PREFIX_PATH', '/home/ccl/Multitask-Drone/install/drone_interfaces:/home/ccl/Multitask-Drone/install/drone_vision:/home/ccl/Multitask-Drone/install/drone_monitor:/home/ccl/Multitask-Drone/install/drone_controller:/opt/ros/humble')]), 'shell': False}
[1.197740] (drone_interfaces) StdoutLine: {'line': b'-- Install configuration: ""\n'}
[1.198965] (drone_interfaces) StdoutLine: {'line': b'-- Up-to-date: /home/ccl/Multitask-Drone/install/drone_interfaces/share/ament_index/resource_index/rosidl_interfaces/drone_interfaces\n'}
[1.199194] (drone_interfaces) StdoutLine: {'line': b'-- Up-to-date: /home/ccl/Multitask-Drone/install/drone_interfaces/include/drone_interfaces/drone_interfaces\n'}
[1.199269] (drone_interfaces) StdoutLine: {'line': b'-- Up-to-date: /home/ccl/Multitask-Drone/install/drone_interfaces/include/drone_interfaces/drone_interfaces/msg\n'}
[1.199317] (drone_interfaces) StdoutLine: {'line': b'-- Up-to-date: /home/ccl/Multitask-Drone/install/drone_interfaces/include/drone_interfaces/drone_interfaces/msg/yaw.h\n'}
[1.199357] (drone_interfaces) StdoutLine: {'line': b'-- Up-to-date: /home/ccl/Multitask-Drone/install/drone_interfaces/include/drone_interfaces/drone_interfaces/msg/rosidl_generator_c__visibility_control.h\n'}
[1.199397] (drone_interfaces) StdoutLine: {'line': b'-- Up-to-date: /home/ccl/Multitask-Drone/install/drone_interfaces/include/drone_interfaces/drone_interfaces/msg/task_state.h\n'}
[1.199436] (drone_interfaces) StdoutLine: {'line': b'-- Up-to-date: /home/ccl/Multitask-Drone/install/drone_interfaces/include/drone_interfaces/drone_interfaces/msg/task.h\n'}
[1.199475] (drone_interfaces) StdoutLine: {'line': b'-- Up-to-date: /home/ccl/Multitask-Drone/install/drone_interfaces/include/drone_interfaces/drone_interfaces/msg/detail\n'}
[1.199513] (drone_interfaces) StdoutLine: {'line': b'-- Up-to-date: /home/ccl/Multitask-Drone/install/drone_interfaces/include/drone_interfaces/drone_interfaces/msg/detail/panel_box__functions.h\n'}
[1.199552] (drone_interfaces) StdoutLine: {'line': b'-- Up-to-date: /home/ccl/Multitask-Drone/install/drone_interfaces/include/drone_interfaces/drone_interfaces/msg/detail/raw_waypoint__struct.h\n'}
[1.199590] (drone_interfaces) StdoutLine: {'line': b'-- Up-to-date: /home/ccl/Multitask-Drone/install/drone_interfaces/include/drone_interfaces/drone_interfaces/msg/detail/task__functions.c\n'}
[1.199679] (drone_interfaces) StdoutLine: {'line': b'-- Up-to-date: /home/ccl/Multitask-Drone/install/drone_interfaces/include/drone_interfaces/drone_interfaces/msg/detail/task__functions.h\n'}
[1.199743] (drone_interfaces) StdoutLine: {'line': b'-- Up-to-date: /home/ccl/Multitask-Drone/install/drone_interfaces/include/drone_interfaces/drone_interfaces/msg/detail/task__struct.h\n'}
[1.199798] (drone_interfaces) StdoutLine: {'line': b'-- Up-to-date: /home/ccl/Multitask-Drone/install/drone_interfaces/include/drone_interfaces/drone_interfaces/msg/detail/task_state__type_support.h\n'}
[1.199844] (drone_interfaces) StdoutLine: {'line': b'-- Up-to-date: /home/ccl/Multitask-Drone/install/drone_interfaces/include/drone_interfaces/drone_interfaces/msg/detail/task_state__struct.h\n'}
[1.199885] (drone_interfaces) StdoutLine: {'line': b'-- Up-to-date: /home/ccl/Multitask-Drone/install/drone_interfaces/include/drone_interfaces/drone_interfaces/msg/detail/yaw__struct.h\n'}
[1.199924] (drone_interfaces) StdoutLine: {'line': b'-- Up-to-date: /home/ccl/Multitask-Drone/install/drone_interfaces/include/drone_interfaces/drone_interfaces/msg/detail/yaw__functions.c\n'}
[1.199963] (drone_interfaces) StdoutLine: {'line': b'-- Up-to-date: /home/ccl/Multitask-Drone/install/drone_interfaces/include/drone_interfaces/drone_interfaces/msg/detail/task_state__functions.h\n'}
[1.200002] (drone_interfaces) StdoutLine: {'line': b'-- Up-to-date: /home/ccl/Multitask-Drone/install/drone_interfaces/include/drone_interfaces/drone_interfaces/msg/detail/yaw__functions.h\n'}
[1.200041] (drone_interfaces) StdoutLine: {'line': b'-- Up-to-date: /home/ccl/Multitask-Drone/install/drone_interfaces/include/drone_interfaces/drone_interfaces/msg/detail/yaw__type_support.h\n'}
[1.200080] (drone_interfaces) StdoutLine: {'line': b'-- Up-to-date: /home/ccl/Multitask-Drone/install/drone_interfaces/include/drone_interfaces/drone_interfaces/msg/detail/raw_waypoint__functions.h\n'}
[1.200123] (drone_interfaces) StdoutLine: {'line': b'-- Up-to-date: /home/ccl/Multitask-Drone/install/drone_interfaces/include/drone_interfaces/drone_interfaces/msg/detail/raw_waypoint__type_support.h\n'}
[1.200162] (drone_interfaces) StdoutLine: {'line': b'-- Up-to-date: /home/ccl/Multitask-Drone/install/drone_interfaces/include/drone_interfaces/drone_interfaces/msg/detail/panel_box__functions.c\n'}
[1.200201] (drone_interfaces) StdoutLine: {'line': b'-- Up-to-date: /home/ccl/Multitask-Drone/install/drone_interfaces/include/drone_interfaces/drone_interfaces/msg/detail/task_state__functions.c\n'}
[1.200249] (drone_interfaces) StdoutLine: {'line': b'-- Up-to-date: /home/ccl/Multitask-Drone/install/drone_interfaces/include/drone_interfaces/drone_interfaces/msg/detail/panel_box__struct.h\n'}
[1.200291] (drone_interfaces) StdoutLine: {'line': b'-- Up-to-date: /home/ccl/Multitask-Drone/install/drone_interfaces/include/drone_interfaces/drone_interfaces/msg/detail/panel_box__type_support.h\n'}
[1.200329] (drone_interfaces) StdoutLine: {'line': b'-- Up-to-date: /home/ccl/Multitask-Drone/install/drone_interfaces/include/drone_interfaces/drone_interfaces/msg/detail/raw_waypoint__functions.c\n'}
[1.200367] (drone_interfaces) StdoutLine: {'line': b'-- Up-to-date: /home/ccl/Multitask-Drone/install/drone_interfaces/include/drone_interfaces/drone_interfaces/msg/detail/task__type_support.h\n'}
[1.200405] (drone_interfaces) StdoutLine: {'line': b'-- Up-to-date: /home/ccl/Multitask-Drone/install/drone_interfaces/include/drone_interfaces/drone_interfaces/msg/raw_waypoint.h\n'}
[1.200445] (drone_interfaces) StdoutLine: {'line': b'-- Up-to-date: /home/ccl/Multitask-Drone/install/drone_interfaces/include/drone_interfaces/drone_interfaces/msg/panel_box.h\n'}
[1.200484] (drone_interfaces) StdoutLine: {'line': b'-- Up-to-date: /home/ccl/Multitask-Drone/install/drone_interfaces/include/drone_interfaces/drone_interfaces/action\n'}
[1.200523] (drone_interfaces) StdoutLine: {'line': b'-- Up-to-date: /home/ccl/Multitask-Drone/install/drone_interfaces/include/drone_interfaces/drone_interfaces/action/execute_waypoint.h\n'}
[1.200562] (drone_interfaces) StdoutLine: {'line': b'-- Up-to-date: /home/ccl/Multitask-Drone/install/drone_interfaces/include/drone_interfaces/drone_interfaces/action/detail\n'}
[1.200601] (drone_interfaces) StdoutLine: {'line': b'-- Up-to-date: /home/ccl/Multitask-Drone/install/drone_interfaces/include/drone_interfaces/drone_interfaces/action/detail/execute_waypoint__functions.c\n'}
[1.200640] (drone_interfaces) StdoutLine: {'line': b'-- Up-to-date: /home/ccl/Multitask-Drone/install/drone_interfaces/include/drone_interfaces/drone_interfaces/action/detail/execute_waypoint__struct.h\n'}
[1.200682] (drone_interfaces) StdoutLine: {'line': b'-- Up-to-date: /home/ccl/Multitask-Drone/install/drone_interfaces/include/drone_interfaces/drone_interfaces/action/detail/execute_waypoint__type_support.h\n'}
[1.200722] (drone_interfaces) StdoutLine: {'line': b'-- Up-to-date: /home/ccl/Multitask-Drone/install/drone_interfaces/include/drone_interfaces/drone_interfaces/action/detail/execute_waypoint__functions.h\n'}
[1.200761] (drone_interfaces) StdoutLine: {'line': b'-- Up-to-date: /home/ccl/Multitask-Drone/install/drone_interfaces/include/drone_interfaces/drone_interfaces/srv\n'}
[1.200801] (drone_interfaces) StdoutLine: {'line': b'-- Up-to-date: /home/ccl/Multitask-Drone/install/drone_interfaces/include/drone_interfaces/drone_interfaces/srv/yolo_request.h\n'}
[1.204193] (drone_interfaces) StdoutLine: {'line': b'-- Up-to-date: /home/ccl/Multitask-Drone/install/drone_interfaces/include/drone_interfaces/drone_interfaces/srv/task_push.h\n'}
[1.204319] (-) TimerEvent: {}
[1.204407] (drone_interfaces) StdoutLine: {'line': b'-- Up-to-date: /home/ccl/Multitask-Drone/install/drone_interfaces/include/drone_interfaces/drone_interfaces/srv/detail\n'}
[1.204457] (drone_interfaces) StdoutLine: {'line': b'-- Up-to-date: /home/ccl/Multitask-Drone/install/drone_interfaces/include/drone_interfaces/drone_interfaces/srv/detail/task_push__struct.h\n'}
[1.204498] (drone_interfaces) StdoutLine: {'line': b'-- Up-to-date: /home/ccl/Multitask-Drone/install/drone_interfaces/include/drone_interfaces/drone_interfaces/srv/detail/yolo_request__functions.c\n'}
[1.204540] (drone_interfaces) StdoutLine: {'line': b'-- Up-to-date: /home/ccl/Multitask-Drone/install/drone_interfaces/include/drone_interfaces/drone_interfaces/srv/detail/task_dispatch__type_support.h\n'}
[1.204580] (drone_interfaces) StdoutLine: {'line': b'-- Up-to-date: /home/ccl/Multitask-Drone/install/drone_interfaces/include/drone_interfaces/drone_interfaces/srv/detail/task_dispatch__struct.h\n'}
[1.204619] (drone_interfaces) StdoutLine: {'line': b'-- Up-to-date: /home/ccl/Multitask-Drone/install/drone_interfaces/include/drone_interfaces/drone_interfaces/srv/detail/task_dispatch__functions.h\n'}
[1.204657] (drone_interfaces) StdoutLine: {'line': b'-- Up-to-date: /home/ccl/Multitask-Drone/install/drone_interfaces/include/drone_interfaces/drone_interfaces/srv/detail/yolo_request__functions.h\n'}
[1.204696] (drone_interfaces) StdoutLine: {'line': b'-- Up-to-date: /home/ccl/Multitask-Drone/install/drone_interfaces/include/drone_interfaces/drone_interfaces/srv/detail/yolo_request__type_support.h\n'}
[1.204734] (drone_interfaces) StdoutLine: {'line': b'-- Up-to-date: /home/ccl/Multitask-Drone/install/drone_interfaces/include/drone_interfaces/drone_interfaces/srv/detail/task_push__type_support.h\n'}
[1.204773] (drone_interfaces) StdoutLine: {'line': b'-- Up-to-date: /home/ccl/Multitask-Drone/install/drone_interfaces/include/drone_interfaces/drone_interfaces/srv/detail/task_push__functions.c\n'}
[1.204819] (drone_interfaces) StdoutLine: {'line': b'-- Up-to-date: /home/ccl/Multitask-Drone/install/drone_interfaces/include/drone_interfaces/drone_interfaces/srv/detail/task_push__functions.h\n'}
[1.204866] (drone_interfaces) StdoutLine: {'line': b'-- Up-to-date: /home/ccl/Multitask-Drone/install/drone_interfaces/include/drone_interfaces/drone_interfaces/srv/detail/task_dispatch__functions.c\n'}
[1.204904] (drone_interfaces) StdoutLine: {'line': b'-- Up-to-date: /home/ccl/Multitask-Drone/install/drone_interfaces/include/drone_interfaces/drone_interfaces/srv/detail/yolo_request__struct.h\n'}
[1.204942] (drone_interfaces) StdoutLine: {'line': b'-- Up-to-date: /home/ccl/Multitask-Drone/install/drone_interfaces/include/drone_interfaces/drone_interfaces/srv/task_dispatch.h\n'}
[1.204981] (drone_interfaces) StdoutLine: {'line': b'-- Up-to-date: /home/ccl/Multitask-Drone/install/drone_interfaces/share/drone_interfaces/environment/library_path.sh\n'}
[1.205020] (drone_interfaces) StdoutLine: {'line': b'-- Up-to-date: /home/ccl/Multitask-Drone/install/drone_interfaces/share/drone_interfaces/environment/library_path.dsv\n'}
[1.205060] (drone_interfaces) StdoutLine: {'line': b'-- Up-to-date: /home/ccl/Multitask-Drone/install/drone_interfaces/lib/libdrone_interfaces__rosidl_generator_c.so\n'}
[1.205099] (drone_interfaces) StdoutLine: {'line': b'-- Up-to-date: /home/ccl/Multitask-Drone/install/drone_interfaces/include/drone_interfaces/drone_interfaces\n'}
[1.205137] (drone_interfaces) StdoutLine: {'line': b'-- Up-to-date: /home/ccl/Multitask-Drone/install/drone_interfaces/include/drone_interfaces/drone_interfaces/msg\n'}
[1.205176] (drone_interfaces) StdoutLine: {'line': b'-- Up-to-date: /home/ccl/Multitask-Drone/install/drone_interfaces/include/drone_interfaces/drone_interfaces/msg/rosidl_typesupport_fastrtps_c__visibility_control.h\n'}
[1.205216] (drone_interfaces) StdoutLine: {'line': b'-- Up-to-date: /home/ccl/Multitask-Drone/install/drone_interfaces/include/drone_interfaces/drone_interfaces/msg/detail\n'}
[1.205265] (drone_interfaces) StdoutLine: {'line': b'-- Up-to-date: /home/ccl/Multitask-Drone/install/drone_interfaces/include/drone_interfaces/drone_interfaces/msg/detail/raw_waypoint__rosidl_typesupport_fastrtps_c.h\n'}
[1.205305] (drone_interfaces) StdoutLine: {'line': b'-- Up-to-date: /home/ccl/Multitask-Drone/install/drone_interfaces/include/drone_interfaces/drone_interfaces/msg/detail/panel_box__rosidl_typesupport_fastrtps_c.h\n'}
[1.205344] (drone_interfaces) StdoutLine: {'line': b'-- Up-to-date: /home/ccl/Multitask-Drone/install/drone_interfaces/include/drone_interfaces/drone_interfaces/msg/detail/task_state__rosidl_typesupport_fastrtps_c.h\n'}
[1.205384] (drone_interfaces) StdoutLine: {'line': b'-- Up-to-date: /home/ccl/Multitask-Drone/install/drone_interfaces/include/drone_interfaces/drone_interfaces/msg/detail/yaw__rosidl_typesupport_fastrtps_c.h\n'}
[1.205423] (drone_interfaces) StdoutLine: {'line': b'-- Up-to-date: /home/ccl/Multitask-Drone/install/drone_interfaces/include/drone_interfaces/drone_interfaces/msg/detail/task__rosidl_typesupport_fastrtps_c.h\n'}
[1.205796] (drone_interfaces) StdoutLine: {'line': b'-- Up-to-date: /home/ccl/Multitask-Drone/install/drone_interfaces/include/drone_interfaces/drone_interfaces/action\n'}
[1.206145] (drone_interfaces) StdoutLine: {'line': b'-- Up-to-date: /home/ccl/Multitask-Drone/install/drone_interfaces/include/drone_interfaces/drone_interfaces/action/detail\n'}
[1.206201] (drone_interfaces) StdoutLine: {'line': b'-- Up-to-date: /home/ccl/Multitask-Drone/install/drone_interfaces/include/drone_interfaces/drone_interfaces/action/detail/execute_waypoint__rosidl_typesupport_fastrtps_c.h\n'}
[1.206294] (drone_interfaces) StdoutLine: {'line': b'-- Up-to-date: /home/ccl/Multitask-Drone/install/drone_interfaces/include/drone_interfaces/drone_interfaces/srv\n'}
[1.206336] (drone_interfaces) StdoutLine: {'line': b'-- Up-to-date: /home/ccl/Multitask-Drone/install/drone_interfaces/include/drone_interfaces/drone_interfaces/srv/detail\n'}
[1.206376] (drone_interfaces) StdoutLine: {'line': b'-- Up-to-date: /home/ccl/Multitask-Drone/install/drone_interfaces/include/drone_interfaces/drone_interfaces/srv/detail/yolo_request__rosidl_typesupport_fastrtps_c.h\n'}
[1.206416] (drone_interfaces) StdoutLine: {'line': b'-- Up-to-date: /home/ccl/Multitask-Drone/install/drone_interfaces/include/drone_interfaces/drone_interfaces/srv/detail/task_dispatch__rosidl_typesupport_fastrtps_c.h\n'}
[1.206456] (drone_interfaces) StdoutLine: {'line': b'-- Up-to-date: /home/ccl/Multitask-Drone/install/drone_interfaces/include/drone_interfaces/drone_interfaces/srv/detail/task_push__rosidl_typesupport_fastrtps_c.h\n'}
[1.207115] (drone_interfaces) StdoutLine: {'line': b'-- Up-to-date: /home/ccl/Multitask-Drone/install/drone_interfaces/lib/libdrone_interfaces__rosidl_typesupport_fastrtps_c.so\n'}
[1.207273] (drone_interfaces) StdoutLine: {'line': b'-- Up-to-date: /home/ccl/Multitask-Drone/install/drone_interfaces/include/drone_interfaces/drone_interfaces\n'}
[1.207352] (drone_interfaces) StdoutLine: {'line': b'-- Up-to-date: /home/ccl/Multitask-Drone/install/drone_interfaces/include/drone_interfaces/drone_interfaces/msg\n'}
[1.207423] (drone_interfaces) StdoutLine: {'line': b'-- Up-to-date: /home/ccl/Multitask-Drone/install/drone_interfaces/include/drone_interfaces/drone_interfaces/msg/rosidl_typesupport_introspection_c__visibility_control.h\n'}
[1.207489] (drone_interfaces) StdoutLine: {'line': b'-- Up-to-date: /home/ccl/Multitask-Drone/install/drone_interfaces/include/drone_interfaces/drone_interfaces/msg/detail\n'}
[1.207549] (drone_interfaces) StdoutLine: {'line': b'-- Up-to-date: /home/ccl/Multitask-Drone/install/drone_interfaces/include/drone_interfaces/drone_interfaces/msg/detail/task__type_support.c\n'}
[1.207611] (drone_interfaces) StdoutLine: {'line': b'-- Up-to-date: /home/ccl/Multitask-Drone/install/drone_interfaces/include/drone_interfaces/drone_interfaces/msg/detail/raw_waypoint__rosidl_typesupport_introspection_c.h\n'}
[1.207684] (drone_interfaces) StdoutLine: {'line': b'-- Up-to-date: /home/ccl/Multitask-Drone/install/drone_interfaces/include/drone_interfaces/drone_interfaces/msg/detail/task_state__type_support.c\n'}
[1.207742] (drone_interfaces) StdoutLine: {'line': b'-- Up-to-date: /home/ccl/Multitask-Drone/install/drone_interfaces/include/drone_interfaces/drone_interfaces/msg/detail/task__rosidl_typesupport_introspection_c.h\n'}
[1.207799] (drone_interfaces) StdoutLine: {'line': b'-- Up-to-date: /home/ccl/Multitask-Drone/install/drone_interfaces/include/drone_interfaces/drone_interfaces/msg/detail/yaw__type_support.c\n'}
[1.207863] (drone_interfaces) StdoutLine: {'line': b'-- Up-to-date: /home/ccl/Multitask-Drone/install/drone_interfaces/include/drone_interfaces/drone_interfaces/msg/detail/task_state__rosidl_typesupport_introspection_c.h\n'}
[1.207969] (drone_interfaces) StdoutLine: {'line': b'-- Up-to-date: /home/ccl/Multitask-Drone/install/drone_interfaces/include/drone_interfaces/drone_interfaces/msg/detail/yaw__rosidl_typesupport_introspection_c.h\n'}
[1.208052] (drone_interfaces) StdoutLine: {'line': b'-- Up-to-date: /home/ccl/Multitask-Drone/install/drone_interfaces/include/drone_interfaces/drone_interfaces/msg/detail/panel_box__rosidl_typesupport_introspection_c.h\n'}
[1.208295] (drone_interfaces) StdoutLine: {'line': b'-- Up-to-date: /home/ccl/Multitask-Drone/install/drone_interfaces/include/drone_interfaces/drone_interfaces/msg/detail/panel_box__type_support.c\n'}
[1.208342] (drone_interfaces) StdoutLine: {'line': b'-- Up-to-date: /home/ccl/Multitask-Drone/install/drone_interfaces/include/drone_interfaces/drone_interfaces/msg/detail/raw_waypoint__type_support.c\n'}
[1.208452] (drone_interfaces) StdoutLine: {'line': b'-- Up-to-date: /home/ccl/Multitask-Drone/install/drone_interfaces/include/drone_interfaces/drone_interfaces/action\n'}
[1.208501] (drone_interfaces) StdoutLine: {'line': b'-- Up-to-date: /home/ccl/Multitask-Drone/install/drone_interfaces/include/drone_interfaces/drone_interfaces/action/detail\n'}
[1.208542] (drone_interfaces) StdoutLine: {'line': b'-- Up-to-date: /home/ccl/Multitask-Drone/install/drone_interfaces/include/drone_interfaces/drone_interfaces/action/detail/execute_waypoint__rosidl_typesupport_introspection_c.h\n'}
[1.208583] (drone_interfaces) StdoutLine: {'line': b'-- Up-to-date: /home/ccl/Multitask-Drone/install/drone_interfaces/include/drone_interfaces/drone_interfaces/action/detail/execute_waypoint__type_support.c\n'}
[1.208629] (drone_interfaces) StdoutLine: {'line': b'-- Up-to-date: /home/ccl/Multitask-Drone/install/drone_interfaces/include/drone_interfaces/drone_interfaces/srv\n'}
[1.208670] (drone_interfaces) StdoutLine: {'line': b'-- Up-to-date: /home/ccl/Multitask-Drone/install/drone_interfaces/include/drone_interfaces/drone_interfaces/srv/detail\n'}
[1.208710] (drone_interfaces) StdoutLine: {'line': b'-- Up-to-date: /home/ccl/Multitask-Drone/install/drone_interfaces/include/drone_interfaces/drone_interfaces/srv/detail/yolo_request__type_support.c\n'}
[1.208749] (drone_interfaces) StdoutLine: {'line': b'-- Up-to-date: /home/ccl/Multitask-Drone/install/drone_interfaces/include/drone_interfaces/drone_interfaces/srv/detail/task_dispatch__type_support.c\n'}
[1.208791] (drone_interfaces) StdoutLine: {'line': b'-- Up-to-date: /home/ccl/Multitask-Drone/install/drone_interfaces/include/drone_interfaces/drone_interfaces/srv/detail/task_push__rosidl_typesupport_introspection_c.h\n'}
[1.208831] (drone_interfaces) StdoutLine: {'line': b'-- Up-to-date: /home/ccl/Multitask-Drone/install/drone_interfaces/include/drone_interfaces/drone_interfaces/srv/detail/task_dispatch__rosidl_typesupport_introspection_c.h\n'}
[1.208914] (drone_interfaces) StdoutLine: {'line': b'-- Up-to-date: /home/ccl/Multitask-Drone/install/drone_interfaces/include/drone_interfaces/drone_interfaces/srv/detail/task_push__type_support.c\n'}
[1.209018] (drone_interfaces) StdoutLine: {'line': b'-- Up-to-date: /home/ccl/Multitask-Drone/install/drone_interfaces/include/drone_interfaces/drone_interfaces/srv/detail/yolo_request__rosidl_typesupport_introspection_c.h\n'}
[1.209119] (drone_interfaces) StdoutLine: {'line': b'-- Up-to-date: /home/ccl/Multitask-Drone/install/drone_interfaces/lib/libdrone_interfaces__rosidl_typesupport_introspection_c.so\n'}
[1.209227] (drone_interfaces) StdoutLine: {'line': b'-- Up-to-date: /home/ccl/Multitask-Drone/install/drone_interfaces/lib/libdrone_interfaces__rosidl_typesupport_c.so\n'}
[1.209288] (drone_interfaces) StdoutLine: {'line': b'-- Up-to-date: /home/ccl/Multitask-Drone/install/drone_interfaces/include/drone_interfaces/drone_interfaces\n'}
[1.209335] (drone_interfaces) StdoutLine: {'line': b'-- Up-to-date: /home/ccl/Multitask-Drone/install/drone_interfaces/include/drone_interfaces/drone_interfaces/msg\n'}
[1.209377] (drone_interfaces) StdoutLine: {'line': b'-- Up-to-date: /home/ccl/Multitask-Drone/install/drone_interfaces/include/drone_interfaces/drone_interfaces/msg/task_state.hpp\n'}
[1.209420] (drone_interfaces) StdoutLine: {'line': b'-- Up-to-date: /home/ccl/Multitask-Drone/install/drone_interfaces/include/drone_interfaces/drone_interfaces/msg/raw_waypoint.hpp\n'}
[1.209678] (drone_interfaces) StdoutLine: {'line': b'-- Up-to-date: /home/ccl/Multitask-Drone/install/drone_interfaces/include/drone_interfaces/drone_interfaces/msg/rosidl_generator_cpp__visibility_control.hpp\n'}
[1.209789] (drone_interfaces) StdoutLine: {'line': b'-- Up-to-date: /home/ccl/Multitask-Drone/install/drone_interfaces/include/drone_interfaces/drone_interfaces/msg/panel_box.hpp\n'}
[1.210040] (drone_interfaces) StdoutLine: {'line': b'-- Up-to-date: /home/ccl/Multitask-Drone/install/drone_interfaces/include/drone_interfaces/drone_interfaces/msg/yaw.hpp\n'}
[1.210118] (drone_interfaces) StdoutLine: {'line': b'-- Up-to-date: /home/ccl/Multitask-Drone/install/drone_interfaces/include/drone_interfaces/drone_interfaces/msg/detail\n'}
[1.210164] (drone_interfaces) StdoutLine: {'line': b'-- Up-to-date: /home/ccl/Multitask-Drone/install/drone_interfaces/include/drone_interfaces/drone_interfaces/msg/detail/panel_box__traits.hpp\n'}
[1.210207] (drone_interfaces) StdoutLine: {'line': b'-- Up-to-date: /home/ccl/Multitask-Drone/install/drone_interfaces/include/drone_interfaces/drone_interfaces/msg/detail/task_state__type_support.hpp\n'}
[1.210288] (drone_interfaces) StdoutLine: {'line': b'-- Up-to-date: /home/ccl/Multitask-Drone/install/drone_interfaces/include/drone_interfaces/drone_interfaces/msg/detail/yaw__builder.hpp\n'}
[1.210334] (drone_interfaces) StdoutLine: {'line': b'-- Up-to-date: /home/ccl/Multitask-Drone/install/drone_interfaces/include/drone_interfaces/drone_interfaces/msg/detail/yaw__type_support.hpp\n'}
[1.210376] (drone_interfaces) StdoutLine: {'line': b'-- Up-to-date: /home/ccl/Multitask-Drone/install/drone_interfaces/include/drone_interfaces/drone_interfaces/msg/detail/raw_waypoint__struct.hpp\n'}
[1.210417] (drone_interfaces) StdoutLine: {'line': b'-- Up-to-date: /home/ccl/Multitask-Drone/install/drone_interfaces/include/drone_interfaces/drone_interfaces/msg/detail/task__struct.hpp\n'}
[1.210460] (drone_interfaces) StdoutLine: {'line': b'-- Up-to-date: /home/ccl/Multitask-Drone/install/drone_interfaces/include/drone_interfaces/drone_interfaces/msg/detail/task__builder.hpp\n'}
[1.210504] (drone_interfaces) StdoutLine: {'line': b'-- Up-to-date: /home/ccl/Multitask-Drone/install/drone_interfaces/include/drone_interfaces/drone_interfaces/msg/detail/raw_waypoint__type_support.hpp\n'}
[1.210545] (drone_interfaces) StdoutLine: {'line': b'-- Up-to-date: /home/ccl/Multitask-Drone/install/drone_interfaces/include/drone_interfaces/drone_interfaces/msg/detail/raw_waypoint__builder.hpp\n'}
[1.210585] (drone_interfaces) StdoutLine: {'line': b'-- Up-to-date: /home/ccl/Multitask-Drone/install/drone_interfaces/include/drone_interfaces/drone_interfaces/msg/detail/task_state__struct.hpp\n'}
[1.210627] (drone_interfaces) StdoutLine: {'line': b'-- Up-to-date: /home/ccl/Multitask-Drone/install/drone_interfaces/include/drone_interfaces/drone_interfaces/msg/detail/task__traits.hpp\n'}
[1.210668] (drone_interfaces) StdoutLine: {'line': b'-- Up-to-date: /home/ccl/Multitask-Drone/install/drone_interfaces/include/drone_interfaces/drone_interfaces/msg/detail/raw_waypoint__traits.hpp\n'}
[1.210707] (drone_interfaces) StdoutLine: {'line': b'-- Up-to-date: /home/ccl/Multitask-Drone/install/drone_interfaces/include/drone_interfaces/drone_interfaces/msg/detail/panel_box__type_support.hpp\n'}
[1.210747] (drone_interfaces) StdoutLine: {'line': b'-- Up-to-date: /home/ccl/Multitask-Drone/install/drone_interfaces/include/drone_interfaces/drone_interfaces/msg/detail/task__type_support.hpp\n'}
[1.210787] (drone_interfaces) StdoutLine: {'line': b'-- Up-to-date: /home/ccl/Multitask-Drone/install/drone_interfaces/include/drone_interfaces/drone_interfaces/msg/detail/panel_box__struct.hpp\n'}
[1.210826] (drone_interfaces) StdoutLine: {'line': b'-- Up-to-date: /home/ccl/Multitask-Drone/install/drone_interfaces/include/drone_interfaces/drone_interfaces/msg/detail/panel_box__builder.hpp\n'}
[1.210865] (drone_interfaces) StdoutLine: {'line': b'-- Up-to-date: /home/ccl/Multitask-Drone/install/drone_interfaces/include/drone_interfaces/drone_interfaces/msg/detail/task_state__traits.hpp\n'}
[1.210907] (drone_interfaces) StdoutLine: {'line': b'-- Up-to-date: /home/ccl/Multitask-Drone/install/drone_interfaces/include/drone_interfaces/drone_interfaces/msg/detail/task_state__builder.hpp\n'}
[1.210946] (drone_interfaces) StdoutLine: {'line': b'-- Up-to-date: /home/ccl/Multitask-Drone/install/drone_interfaces/include/drone_interfaces/drone_interfaces/msg/detail/yaw__traits.hpp\n'}
[1.210986] (drone_interfaces) StdoutLine: {'line': b'-- Up-to-date: /home/ccl/Multitask-Drone/install/drone_interfaces/include/drone_interfaces/drone_interfaces/msg/detail/yaw__struct.hpp\n'}
[1.211027] (drone_interfaces) StdoutLine: {'line': b'-- Up-to-date: /home/ccl/Multitask-Drone/install/drone_interfaces/include/drone_interfaces/drone_interfaces/msg/task.hpp\n'}
[1.211067] (drone_interfaces) StdoutLine: {'line': b'-- Up-to-date: /home/ccl/Multitask-Drone/install/drone_interfaces/include/drone_interfaces/drone_interfaces/action\n'}
[1.211108] (drone_interfaces) StdoutLine: {'line': b'-- Up-to-date: /home/ccl/Multitask-Drone/install/drone_interfaces/include/drone_interfaces/drone_interfaces/action/execute_waypoint.hpp\n'}
[1.211148] (drone_interfaces) StdoutLine: {'line': b'-- Up-to-date: /home/ccl/Multitask-Drone/install/drone_interfaces/include/drone_interfaces/drone_interfaces/action/detail\n'}
[1.211188] (drone_interfaces) StdoutLine: {'line': b'-- Up-to-date: /home/ccl/Multitask-Drone/install/drone_interfaces/include/drone_interfaces/drone_interfaces/action/detail/execute_waypoint__type_support.hpp\n'}
[1.211242] (drone_interfaces) StdoutLine: {'line': b'-- Up-to-date: /home/ccl/Multitask-Drone/install/drone_interfaces/include/drone_interfaces/drone_interfaces/action/detail/execute_waypoint__builder.hpp\n'}
[1.211287] (drone_interfaces) StdoutLine: {'line': b'-- Up-to-date: /home/ccl/Multitask-Drone/install/drone_interfaces/include/drone_interfaces/drone_interfaces/action/detail/execute_waypoint__traits.hpp\n'}
[1.211329] (drone_interfaces) StdoutLine: {'line': b'-- Up-to-date: /home/ccl/Multitask-Drone/install/drone_interfaces/include/drone_interfaces/drone_interfaces/action/detail/execute_waypoint__struct.hpp\n'}
[1.211381] (drone_interfaces) StdoutLine: {'line': b'-- Up-to-date: /home/ccl/Multitask-Drone/install/drone_interfaces/include/drone_interfaces/drone_interfaces/srv\n'}
[1.211423] (drone_interfaces) StdoutLine: {'line': b'-- Up-to-date: /home/ccl/Multitask-Drone/install/drone_interfaces/include/drone_interfaces/drone_interfaces/srv/task_push.hpp\n'}
[1.211465] (drone_interfaces) StdoutLine: {'line': b'-- Up-to-date: /home/ccl/Multitask-Drone/install/drone_interfaces/include/drone_interfaces/drone_interfaces/srv/task_dispatch.hpp\n'}
[1.211509] (drone_interfaces) StdoutLine: {'line': b'-- Up-to-date: /home/ccl/Multitask-Drone/install/drone_interfaces/include/drone_interfaces/drone_interfaces/srv/yolo_request.hpp\n'}
[1.211552] (drone_interfaces) StdoutLine: {'line': b'-- Up-to-date: /home/ccl/Multitask-Drone/install/drone_interfaces/include/drone_interfaces/drone_interfaces/srv/detail\n'}
[1.211592] (drone_interfaces) StdoutLine: {'line': b'-- Up-to-date: /home/ccl/Multitask-Drone/install/drone_interfaces/include/drone_interfaces/drone_interfaces/srv/detail/yolo_request__traits.hpp\n'}
[1.211632] (drone_interfaces) StdoutLine: {'line': b'-- Up-to-date: /home/ccl/Multitask-Drone/install/drone_interfaces/include/drone_interfaces/drone_interfaces/srv/detail/yolo_request__builder.hpp\n'}
[1.211673] (drone_interfaces) StdoutLine: {'line': b'-- Up-to-date: /home/ccl/Multitask-Drone/install/drone_interfaces/include/drone_interfaces/drone_interfaces/srv/detail/task_dispatch__builder.hpp\n'}
[1.211715] (drone_interfaces) StdoutLine: {'line': b'-- Up-to-date: /home/ccl/Multitask-Drone/install/drone_interfaces/include/drone_interfaces/drone_interfaces/srv/detail/task_push__type_support.hpp\n'}
[1.211784] (drone_interfaces) StdoutLine: {'line': b'-- Up-to-date: /home/ccl/Multitask-Drone/install/drone_interfaces/include/drone_interfaces/drone_interfaces/srv/detail/task_dispatch__struct.hpp\n'}
[1.211833] (drone_interfaces) StdoutLine: {'line': b'-- Up-to-date: /home/ccl/Multitask-Drone/install/drone_interfaces/include/drone_interfaces/drone_interfaces/srv/detail/task_dispatch__traits.hpp\n'}
[1.211876] (drone_interfaces) StdoutLine: {'line': b'-- Up-to-date: /home/ccl/Multitask-Drone/install/drone_interfaces/include/drone_interfaces/drone_interfaces/srv/detail/task_push__builder.hpp\n'}
[1.211920] (drone_interfaces) StdoutLine: {'line': b'-- Up-to-date: /home/ccl/Multitask-Drone/install/drone_interfaces/include/drone_interfaces/drone_interfaces/srv/detail/yolo_request__type_support.hpp\n'}
[1.211964] (drone_interfaces) StdoutLine: {'line': b'-- Up-to-date: /home/ccl/Multitask-Drone/install/drone_interfaces/include/drone_interfaces/drone_interfaces/srv/detail/yolo_request__struct.hpp\n'}
[1.212009] (drone_interfaces) StdoutLine: {'line': b'-- Up-to-date: /home/ccl/Multitask-Drone/install/drone_interfaces/include/drone_interfaces/drone_interfaces/srv/detail/task_push__struct.hpp\n'}
[1.212054] (drone_interfaces) StdoutLine: {'line': b'-- Up-to-date: /home/ccl/Multitask-Drone/install/drone_interfaces/include/drone_interfaces/drone_interfaces/srv/detail/task_dispatch__type_support.hpp\n'}
[1.212097] (drone_interfaces) StdoutLine: {'line': b'-- Up-to-date: /home/ccl/Multitask-Drone/install/drone_interfaces/include/drone_interfaces/drone_interfaces/srv/detail/task_push__traits.hpp\n'}
[1.212141] (drone_interfaces) StdoutLine: {'line': b'-- Up-to-date: /home/ccl/Multitask-Drone/install/drone_interfaces/include/drone_interfaces/drone_interfaces\n'}
[1.212187] (drone_interfaces) StdoutLine: {'line': b'-- Up-to-date: /home/ccl/Multitask-Drone/install/drone_interfaces/include/drone_interfaces/drone_interfaces/msg\n'}
[1.212382] (drone_interfaces) StdoutLine: {'line': b'-- Up-to-date: /home/ccl/Multitask-Drone/install/drone_interfaces/include/drone_interfaces/drone_interfaces/msg/rosidl_typesupport_fastrtps_cpp__visibility_control.h\n'}
[1.213081] (drone_interfaces) StdoutLine: {'line': b'-- Up-to-date: /home/ccl/Multitask-Drone/install/drone_interfaces/include/drone_interfaces/drone_interfaces/msg/detail\n'}
[1.213171] (drone_interfaces) StdoutLine: {'line': b'-- Up-to-date: /home/ccl/Multitask-Drone/install/drone_interfaces/include/drone_interfaces/drone_interfaces/msg/detail/panel_box__rosidl_typesupport_fastrtps_cpp.hpp\n'}
[1.213241] (drone_interfaces) StdoutLine: {'line': b'-- Up-to-date: /home/ccl/Multitask-Drone/install/drone_interfaces/include/drone_interfaces/drone_interfaces/msg/detail/task__rosidl_typesupport_fastrtps_cpp.hpp\n'}
[1.213307] (drone_interfaces) StdoutLine: {'line': b'-- Up-to-date: /home/ccl/Multitask-Drone/install/drone_interfaces/include/drone_interfaces/drone_interfaces/msg/detail/yaw__rosidl_typesupport_fastrtps_cpp.hpp\n'}
[1.213363] (drone_interfaces) StdoutLine: {'line': b'-- Up-to-date: /home/ccl/Multitask-Drone/install/drone_interfaces/include/drone_interfaces/drone_interfaces/msg/detail/dds_fastrtps\n'}
[1.213418] (drone_interfaces) StdoutLine: {'line': b'-- Up-to-date: /home/ccl/Multitask-Drone/install/drone_interfaces/include/drone_interfaces/drone_interfaces/msg/detail/task_state__rosidl_typesupport_fastrtps_cpp.hpp\n'}
[1.213474] (drone_interfaces) StdoutLine: {'line': b'-- Up-to-date: /home/ccl/Multitask-Drone/install/drone_interfaces/include/drone_interfaces/drone_interfaces/msg/detail/raw_waypoint__rosidl_typesupport_fastrtps_cpp.hpp\n'}
[1.213573] (drone_interfaces) StdoutLine: {'line': b'-- Up-to-date: /home/ccl/Multitask-Drone/install/drone_interfaces/include/drone_interfaces/drone_interfaces/action\n'}
[1.213639] (drone_interfaces) StdoutLine: {'line': b'-- Up-to-date: /home/ccl/Multitask-Drone/install/drone_interfaces/include/drone_interfaces/drone_interfaces/action/detail\n'}
[1.213709] (drone_interfaces) StdoutLine: {'line': b'-- Up-to-date: /home/ccl/Multitask-Drone/install/drone_interfaces/include/drone_interfaces/drone_interfaces/action/detail/execute_waypoint__rosidl_typesupport_fastrtps_cpp.hpp\n'}
[1.213775] (drone_interfaces) StdoutLine: {'line': b'-- Up-to-date: /home/ccl/Multitask-Drone/install/drone_interfaces/include/drone_interfaces/drone_interfaces/action/detail/dds_fastrtps\n'}
[1.213841] (drone_interfaces) StdoutLine: {'line': b'-- Up-to-date: /home/ccl/Multitask-Drone/install/drone_interfaces/include/drone_interfaces/drone_interfaces/srv\n'}
[1.213903] (drone_interfaces) StdoutLine: {'line': b'-- Up-to-date: /home/ccl/Multitask-Drone/install/drone_interfaces/include/drone_interfaces/drone_interfaces/srv/detail\n'}
[1.213962] (drone_interfaces) StdoutLine: {'line': b'-- Up-to-date: /home/ccl/Multitask-Drone/install/drone_interfaces/include/drone_interfaces/drone_interfaces/srv/detail/yolo_request__rosidl_typesupport_fastrtps_cpp.hpp\n'}
[1.214046] (drone_interfaces) StdoutLine: {'line': b'-- Up-to-date: /home/ccl/Multitask-Drone/install/drone_interfaces/include/drone_interfaces/drone_interfaces/srv/detail/task_dispatch__rosidl_typesupport_fastrtps_cpp.hpp\n'}
[1.214114] (drone_interfaces) StdoutLine: {'line': b'-- Up-to-date: /home/ccl/Multitask-Drone/install/drone_interfaces/include/drone_interfaces/drone_interfaces/srv/detail/dds_fastrtps\n'}
[1.214175] (drone_interfaces) StdoutLine: {'line': b'-- Up-to-date: /home/ccl/Multitask-Drone/install/drone_interfaces/include/drone_interfaces/drone_interfaces/srv/detail/task_push__rosidl_typesupport_fastrtps_cpp.hpp\n'}
[1.214307] (drone_interfaces) StdoutLine: {'line': b'-- Up-to-date: /home/ccl/Multitask-Drone/install/drone_interfaces/lib/libdrone_interfaces__rosidl_typesupport_fastrtps_cpp.so\n'}
[1.214396] (drone_interfaces) StdoutLine: {'line': b'-- Up-to-date: /home/ccl/Multitask-Drone/install/drone_interfaces/include/drone_interfaces/drone_interfaces\n'}
[1.214461] (drone_interfaces) StdoutLine: {'line': b'-- Up-to-date: /home/ccl/Multitask-Drone/install/drone_interfaces/include/drone_interfaces/drone_interfaces/msg\n'}
[1.214522] (drone_interfaces) StdoutLine: {'line': b'-- Up-to-date: /home/ccl/Multitask-Drone/install/drone_interfaces/include/drone_interfaces/drone_interfaces/msg/detail\n'}
[1.214587] (drone_interfaces) StdoutLine: {'line': b'-- Up-to-date: /home/ccl/Multitask-Drone/install/drone_interfaces/include/drone_interfaces/drone_interfaces/msg/detail/raw_waypoint__type_support.cpp\n'}
[1.214646] (drone_interfaces) StdoutLine: {'line': b'-- Up-to-date: /home/ccl/Multitask-Drone/install/drone_interfaces/include/drone_interfaces/drone_interfaces/msg/detail/task_state__rosidl_typesupport_introspection_cpp.hpp\n'}
[1.214709] (drone_interfaces) StdoutLine: {'line': b'-- Up-to-date: /home/ccl/Multitask-Drone/install/drone_interfaces/include/drone_interfaces/drone_interfaces/msg/detail/panel_box__rosidl_typesupport_introspection_cpp.hpp\n'}
[1.214775] (drone_interfaces) StdoutLine: {'line': b'-- Up-to-date: /home/ccl/Multitask-Drone/install/drone_interfaces/include/drone_interfaces/drone_interfaces/msg/detail/raw_waypoint__rosidl_typesupport_introspection_cpp.hpp\n'}
[1.214837] (drone_interfaces) StdoutLine: {'line': b'-- Up-to-date: /home/ccl/Multitask-Drone/install/drone_interfaces/include/drone_interfaces/drone_interfaces/msg/detail/task__type_support.cpp\n'}
[1.214900] (drone_interfaces) StdoutLine: {'line': b'-- Up-to-date: /home/ccl/Multitask-Drone/install/drone_interfaces/include/drone_interfaces/drone_interfaces/msg/detail/task_state__type_support.cpp\n'}
[1.214963] (drone_interfaces) StdoutLine: {'line': b'-- Up-to-date: /home/ccl/Multitask-Drone/install/drone_interfaces/include/drone_interfaces/drone_interfaces/msg/detail/yaw__type_support.cpp\n'}
[1.215024] (drone_interfaces) StdoutLine: {'line': b'-- Up-to-date: /home/ccl/Multitask-Drone/install/drone_interfaces/include/drone_interfaces/drone_interfaces/msg/detail/panel_box__type_support.cpp\n'}
[1.215279] (drone_interfaces) StdoutLine: {'line': b'-- Up-to-date: /home/ccl/Multitask-Drone/install/drone_interfaces/include/drone_interfaces/drone_interfaces/msg/detail/task__rosidl_typesupport_introspection_cpp.hpp\n'}
[1.215393] (drone_interfaces) StdoutLine: {'line': b'-- Up-to-date: /home/ccl/Multitask-Drone/install/drone_interfaces/include/drone_interfaces/drone_interfaces/msg/detail/yaw__rosidl_typesupport_introspection_cpp.hpp\n'}
[1.215474] (drone_interfaces) StdoutLine: {'line': b'-- Up-to-date: /home/ccl/Multitask-Drone/install/drone_interfaces/include/drone_interfaces/drone_interfaces/action\n'}
[1.215536] (drone_interfaces) StdoutLine: {'line': b'-- Up-to-date: /home/ccl/Multitask-Drone/install/drone_interfaces/include/drone_interfaces/drone_interfaces/action/detail\n'}
[1.215594] (drone_interfaces) StdoutLine: {'line': b'-- Up-to-date: /home/ccl/Multitask-Drone/install/drone_interfaces/include/drone_interfaces/drone_interfaces/action/detail/execute_waypoint__rosidl_typesupport_introspection_cpp.hpp\n'}
[1.215703] (drone_interfaces) StdoutLine: {'line': b'-- Up-to-date: /home/ccl/Multitask-Drone/install/drone_interfaces/include/drone_interfaces/drone_interfaces/action/detail/execute_waypoint__type_support.cpp\n'}
[1.215780] (drone_interfaces) StdoutLine: {'line': b'-- Up-to-date: /home/ccl/Multitask-Drone/install/drone_interfaces/include/drone_interfaces/drone_interfaces/srv\n'}
[1.215844] (drone_interfaces) StdoutLine: {'line': b'-- Up-to-date: /home/ccl/Multitask-Drone/install/drone_interfaces/include/drone_interfaces/drone_interfaces/srv/detail\n'}
[1.215916] (drone_interfaces) StdoutLine: {'line': b'-- Up-to-date: /home/ccl/Multitask-Drone/install/drone_interfaces/include/drone_interfaces/drone_interfaces/srv/detail/task_push__type_support.cpp\n'}
[1.216010] (drone_interfaces) StdoutLine: {'line': b'-- Up-to-date: /home/ccl/Multitask-Drone/install/drone_interfaces/include/drone_interfaces/drone_interfaces/srv/detail/task_dispatch__rosidl_typesupport_introspection_cpp.hpp\n'}
[1.216108] (drone_interfaces) StdoutLine: {'line': b'-- Up-to-date: /home/ccl/Multitask-Drone/install/drone_interfaces/include/drone_interfaces/drone_interfaces/srv/detail/yolo_request__type_support.cpp\n'}
[1.216177] (drone_interfaces) StdoutLine: {'line': b'-- Up-to-date: /home/ccl/Multitask-Drone/install/drone_interfaces/include/drone_interfaces/drone_interfaces/srv/detail/yolo_request__rosidl_typesupport_introspection_cpp.hpp\n'}
[1.216262] (drone_interfaces) StdoutLine: {'line': b'-- Up-to-date: /home/ccl/Multitask-Drone/install/drone_interfaces/include/drone_interfaces/drone_interfaces/srv/detail/task_push__rosidl_typesupport_introspection_cpp.hpp\n'}
[1.216326] (drone_interfaces) StdoutLine: {'line': b'-- Up-to-date: /home/ccl/Multitask-Drone/install/drone_interfaces/include/drone_interfaces/drone_interfaces/srv/detail/task_dispatch__type_support.cpp\n'}
[1.216390] (drone_interfaces) StdoutLine: {'line': b'-- Up-to-date: /home/ccl/Multitask-Drone/install/drone_interfaces/lib/libdrone_interfaces__rosidl_typesupport_introspection_cpp.so\n'}
[1.216453] (drone_interfaces) StdoutLine: {'line': b'-- Up-to-date: /home/ccl/Multitask-Drone/install/drone_interfaces/lib/libdrone_interfaces__rosidl_typesupport_cpp.so\n'}
[1.216514] (drone_interfaces) StdoutLine: {'line': b'-- Up-to-date: /home/ccl/Multitask-Drone/install/drone_interfaces/share/drone_interfaces/environment/pythonpath.sh\n'}
[1.216577] (drone_interfaces) StdoutLine: {'line': b'-- Up-to-date: /home/ccl/Multitask-Drone/install/drone_interfaces/share/drone_interfaces/environment/pythonpath.dsv\n'}
[1.216643] (drone_interfaces) StdoutLine: {'line': b'-- Up-to-date: /home/ccl/Multitask-Drone/install/drone_interfaces/local/lib/python3.10/dist-packages/drone_interfaces-0.0.0-py3.10.egg-info\n'}
[1.216912] (drone_interfaces) StdoutLine: {'line': b'-- Installing: /home/ccl/Multitask-Drone/install/drone_interfaces/local/lib/python3.10/dist-packages/drone_interfaces-0.0.0-py3.10.egg-info/top_level.txt\n'}
[1.216987] (drone_interfaces) StdoutLine: {'line': b'-- Installing: /home/ccl/Multitask-Drone/install/drone_interfaces/local/lib/python3.10/dist-packages/drone_interfaces-0.0.0-py3.10.egg-info/dependency_links.txt\n'}
[1.217053] (drone_interfaces) StdoutLine: {'line': b'-- Installing: /home/ccl/Multitask-Drone/install/drone_interfaces/local/lib/python3.10/dist-packages/drone_interfaces-0.0.0-py3.10.egg-info/SOURCES.txt\n'}
[1.217115] (drone_interfaces) StdoutLine: {'line': b'-- Installing: /home/ccl/Multitask-Drone/install/drone_interfaces/local/lib/python3.10/dist-packages/drone_interfaces-0.0.0-py3.10.egg-info/PKG-INFO\n'}
[1.217175] (drone_interfaces) StdoutLine: {'line': b'-- Up-to-date: /home/ccl/Multitask-Drone/install/drone_interfaces/local/lib/python3.10/dist-packages/drone_interfaces\n'}
[1.217257] (drone_interfaces) StdoutLine: {'line': b'-- Up-to-date: /home/ccl/Multitask-Drone/install/drone_interfaces/local/lib/python3.10/dist-packages/drone_interfaces/libdrone_interfaces__rosidl_generator_py.so\n'}
[1.217326] (drone_interfaces) StdoutLine: {'line': b'-- Up-to-date: /home/ccl/Multitask-Drone/install/drone_interfaces/local/lib/python3.10/dist-packages/drone_interfaces/drone_interfaces_s__rosidl_typesupport_c.cpython-310-x86_64-linux-gnu.so\n'}
[1.217389] (drone_interfaces) StdoutLine: {'line': b'-- Up-to-date: /home/ccl/Multitask-Drone/install/drone_interfaces/local/lib/python3.10/dist-packages/drone_interfaces/drone_interfaces_s__rosidl_typesupport_introspection_c.cpython-310-x86_64-linux-gnu.so\n'}
[1.217457] (drone_interfaces) StdoutLine: {'line': b'-- Up-to-date: /home/ccl/Multitask-Drone/install/drone_interfaces/local/lib/python3.10/dist-packages/drone_interfaces/__init__.py\n'}
[1.217518] (drone_interfaces) StdoutLine: {'line': b'-- Up-to-date: /home/ccl/Multitask-Drone/install/drone_interfaces/local/lib/python3.10/dist-packages/drone_interfaces/drone_interfaces_s__rosidl_typesupport_fastrtps_c.cpython-310-x86_64-linux-gnu.so\n'}
[1.217581] (drone_interfaces) StdoutLine: {'line': b'-- Up-to-date: /home/ccl/Multitask-Drone/install/drone_interfaces/local/lib/python3.10/dist-packages/drone_interfaces/msg\n'}
[1.217645] (drone_interfaces) StdoutLine: {'line': b'-- Up-to-date: /home/ccl/Multitask-Drone/install/drone_interfaces/local/lib/python3.10/dist-packages/drone_interfaces/msg/_panel_box_s.c\n'}
[1.217705] (drone_interfaces) StdoutLine: {'line': b'-- Up-to-date: /home/ccl/Multitask-Drone/install/drone_interfaces/local/lib/python3.10/dist-packages/drone_interfaces/msg/_task.py\n'}
[1.217912] (drone_interfaces) StdoutLine: {'line': b'-- Up-to-date: /home/ccl/Multitask-Drone/install/drone_interfaces/local/lib/python3.10/dist-packages/drone_interfaces/msg/__init__.py\n'}
[1.217976] (drone_interfaces) StdoutLine: {'line': b'-- Up-to-date: /home/ccl/Multitask-Drone/install/drone_interfaces/local/lib/python3.10/dist-packages/drone_interfaces/msg/_task_state_s.c\n'}
[1.218078] (drone_interfaces) StdoutLine: {'line': b'-- Up-to-date: /home/ccl/Multitask-Drone/install/drone_interfaces/local/lib/python3.10/dist-packages/drone_interfaces/msg/_task_s.c\n'}
[1.218160] (drone_interfaces) StdoutLine: {'line': b'-- Up-to-date: /home/ccl/Multitask-Drone/install/drone_interfaces/local/lib/python3.10/dist-packages/drone_interfaces/msg/_yaw.py\n'}
[1.218245] (drone_interfaces) StdoutLine: {'line': b'-- Up-to-date: /home/ccl/Multitask-Drone/install/drone_interfaces/local/lib/python3.10/dist-packages/drone_interfaces/msg/_panel_box.py\n'}
[1.218315] (drone_interfaces) StdoutLine: {'line': b'-- Up-to-date: /home/ccl/Multitask-Drone/install/drone_interfaces/local/lib/python3.10/dist-packages/drone_interfaces/msg/_raw_waypoint.py\n'}
[1.218375] (drone_interfaces) StdoutLine: {'line': b'-- Up-to-date: /home/ccl/Multitask-Drone/install/drone_interfaces/local/lib/python3.10/dist-packages/drone_interfaces/msg/_yaw_s.c\n'}
[1.218435] (drone_interfaces) StdoutLine: {'line': b'-- Up-to-date: /home/ccl/Multitask-Drone/install/drone_interfaces/local/lib/python3.10/dist-packages/drone_interfaces/msg/_raw_waypoint_s.c\n'}
[1.218498] (drone_interfaces) StdoutLine: {'line': b'-- Up-to-date: /home/ccl/Multitask-Drone/install/drone_interfaces/local/lib/python3.10/dist-packages/drone_interfaces/msg/_task_state.py\n'}
[1.218608] (drone_interfaces) StdoutLine: {'line': b'-- Up-to-date: /home/ccl/Multitask-Drone/install/drone_interfaces/local/lib/python3.10/dist-packages/drone_interfaces/_drone_interfaces_s.ep.rosidl_typesupport_c.c\n'}
[1.218681] (drone_interfaces) StdoutLine: {'line': b'-- Up-to-date: /home/ccl/Multitask-Drone/install/drone_interfaces/local/lib/python3.10/dist-packages/drone_interfaces/_drone_interfaces_s.ep.rosidl_typesupport_fastrtps_c.c\n'}
[1.222390] (drone_interfaces) StdoutLine: {'line': b'-- Up-to-date: /home/ccl/Multitask-Drone/install/drone_interfaces/local/lib/python3.10/dist-packages/drone_interfaces/action\n'}
[1.222485] (drone_interfaces) StdoutLine: {'line': b'-- Up-to-date: /home/ccl/Multitask-Drone/install/drone_interfaces/local/lib/python3.10/dist-packages/drone_interfaces/action/__init__.py\n'}
[1.222555] (drone_interfaces) StdoutLine: {'line': b'-- Up-to-date: /home/ccl/Multitask-Drone/install/drone_interfaces/local/lib/python3.10/dist-packages/drone_interfaces/action/_execute_waypoint.py\n'}
[1.222624] (drone_interfaces) StdoutLine: {'line': b'-- Up-to-date: /home/ccl/Multitask-Drone/install/drone_interfaces/local/lib/python3.10/dist-packages/drone_interfaces/action/_execute_waypoint_s.c\n'}
[1.222688] (drone_interfaces) StdoutLine: {'line': b'-- Up-to-date: /home/ccl/Multitask-Drone/install/drone_interfaces/local/lib/python3.10/dist-packages/drone_interfaces/_drone_interfaces_s.ep.rosidl_typesupport_introspection_c.c\n'}
[1.222748] (drone_interfaces) StdoutLine: {'line': b'-- Up-to-date: /home/ccl/Multitask-Drone/install/drone_interfaces/local/lib/python3.10/dist-packages/drone_interfaces/srv\n'}
[1.222807] (drone_interfaces) StdoutLine: {'line': b'-- Up-to-date: /home/ccl/Multitask-Drone/install/drone_interfaces/local/lib/python3.10/dist-packages/drone_interfaces/srv/__init__.py\n'}
[1.222862] (drone_interfaces) StdoutLine: {'line': b'-- Up-to-date: /home/ccl/Multitask-Drone/install/drone_interfaces/local/lib/python3.10/dist-packages/drone_interfaces/srv/_task_dispatch_s.c\n'}
[1.222917] (drone_interfaces) StdoutLine: {'line': b'-- Up-to-date: /home/ccl/Multitask-Drone/install/drone_interfaces/local/lib/python3.10/dist-packages/drone_interfaces/srv/_yolo_request_s.c\n'}
[1.222969] (drone_interfaces) StdoutLine: {'line': b'-- Up-to-date: /home/ccl/Multitask-Drone/install/drone_interfaces/local/lib/python3.10/dist-packages/drone_interfaces/srv/_yolo_request.py\n'}
[1.223046] (drone_interfaces) StdoutLine: {'line': b'-- Up-to-date: /home/ccl/Multitask-Drone/install/drone_interfaces/local/lib/python3.10/dist-packages/drone_interfaces/srv/_task_push.py\n'}
[1.223108] (drone_interfaces) StdoutLine: {'line': b'-- Up-to-date: /home/ccl/Multitask-Drone/install/drone_interfaces/local/lib/python3.10/dist-packages/drone_interfaces/srv/_task_dispatch.py\n'}
[1.223171] (drone_interfaces) StdoutLine: {'line': b'-- Up-to-date: /home/ccl/Multitask-Drone/install/drone_interfaces/local/lib/python3.10/dist-packages/drone_interfaces/srv/_task_push_s.c\n'}
[1.253901] (drone_interfaces) StdoutLine: {'line': b"Listing '/home/ccl/Multitask-Drone/install/drone_interfaces/local/lib/python3.10/dist-packages/drone_interfaces'...\n"}
[1.254139] (drone_interfaces) StdoutLine: {'line': b"Listing '/home/ccl/Multitask-Drone/install/drone_interfaces/local/lib/python3.10/dist-packages/drone_interfaces/action'...\n"}
[1.254189] (drone_interfaces) StdoutLine: {'line': b"Listing '/home/ccl/Multitask-Drone/install/drone_interfaces/local/lib/python3.10/dist-packages/drone_interfaces/msg'...\n"}
[1.254243] (drone_interfaces) StdoutLine: {'line': b"Listing '/home/ccl/Multitask-Drone/install/drone_interfaces/local/lib/python3.10/dist-packages/drone_interfaces/srv'...\n"}
[1.258959] (drone_interfaces) StdoutLine: {'line': b'-- Up-to-date: /home/ccl/Multitask-Drone/install/drone_interfaces/local/lib/python3.10/dist-packages/drone_interfaces/drone_interfaces_s__rosidl_typesupport_fastrtps_c.cpython-310-x86_64-linux-gnu.so\n'}
[1.259517] (drone_interfaces) StdoutLine: {'line': b'-- Up-to-date: /home/ccl/Multitask-Drone/install/drone_interfaces/local/lib/python3.10/dist-packages/drone_interfaces/drone_interfaces_s__rosidl_typesupport_introspection_c.cpython-310-x86_64-linux-gnu.so\n'}
[1.259940] (drone_interfaces) StdoutLine: {'line': b'-- Up-to-date: /home/ccl/Multitask-Drone/install/drone_interfaces/local/lib/python3.10/dist-packages/drone_interfaces/drone_interfaces_s__rosidl_typesupport_c.cpython-310-x86_64-linux-gnu.so\n'}
[1.260548] (drone_interfaces) StdoutLine: {'line': b'-- Up-to-date: /home/ccl/Multitask-Drone/install/drone_interfaces/lib/libdrone_interfaces__rosidl_generator_py.so\n'}
[1.260815] (drone_interfaces) StdoutLine: {'line': b'-- Up-to-date: /home/ccl/Multitask-Drone/install/drone_interfaces/share/drone_interfaces/msg/Yaw.idl\n'}
[1.260904] (drone_interfaces) StdoutLine: {'line': b'-- Up-to-date: /home/ccl/Multitask-Drone/install/drone_interfaces/share/drone_interfaces/msg/PanelBox.idl\n'}
[1.260976] (drone_interfaces) StdoutLine: {'line': b'-- Up-to-date: /home/ccl/Multitask-Drone/install/drone_interfaces/share/drone_interfaces/msg/Task.idl\n'}
[1.261037] (drone_interfaces) StdoutLine: {'line': b'-- Up-to-date: /home/ccl/Multitask-Drone/install/drone_interfaces/share/drone_interfaces/msg/TaskState.idl\n'}
[1.261095] (drone_interfaces) StdoutLine: {'line': b'-- Up-to-date: /home/ccl/Multitask-Drone/install/drone_interfaces/share/drone_interfaces/msg/RawWaypoint.idl\n'}
[1.261157] (drone_interfaces) StdoutLine: {'line': b'-- Up-to-date: /home/ccl/Multitask-Drone/install/drone_interfaces/share/drone_interfaces/srv/TaskDispatch.idl\n'}
[1.261215] (drone_interfaces) StdoutLine: {'line': b'-- Up-to-date: /home/ccl/Multitask-Drone/install/drone_interfaces/share/drone_interfaces/srv/YoloRequest.idl\n'}
[1.261287] (drone_interfaces) StdoutLine: {'line': b'-- Up-to-date: /home/ccl/Multitask-Drone/install/drone_interfaces/share/drone_interfaces/srv/TaskPush.idl\n'}
[1.261362] (drone_interfaces) StdoutLine: {'line': b'-- Up-to-date: /home/ccl/Multitask-Drone/install/drone_interfaces/share/drone_interfaces/action/ExecuteWaypoint.idl\n'}
[1.261460] (drone_interfaces) StdoutLine: {'line': b'-- Up-to-date: /home/ccl/Multitask-Drone/install/drone_interfaces/share/drone_interfaces/msg/Yaw.msg\n'}
[1.261544] (drone_interfaces) StdoutLine: {'line': b'-- Up-to-date: /home/ccl/Multitask-Drone/install/drone_interfaces/share/drone_interfaces/msg/PanelBox.msg\n'}
[1.261627] (drone_interfaces) StdoutLine: {'line': b'-- Up-to-date: /home/ccl/Multitask-Drone/install/drone_interfaces/share/drone_interfaces/msg/Task.msg\n'}
[1.261685] (drone_interfaces) StdoutLine: {'line': b'-- Up-to-date: /home/ccl/Multitask-Drone/install/drone_interfaces/share/drone_interfaces/msg/TaskState.msg\n'}
[1.261753] (drone_interfaces) StdoutLine: {'line': b'-- Up-to-date: /home/ccl/Multitask-Drone/install/drone_interfaces/share/drone_interfaces/msg/RawWaypoint.msg\n'}
[1.261816] (drone_interfaces) StdoutLine: {'line': b'-- Up-to-date: /home/ccl/Multitask-Drone/install/drone_interfaces/share/drone_interfaces/srv/TaskDispatch.srv\n'}
[1.261897] (drone_interfaces) StdoutLine: {'line': b'-- Up-to-date: /home/ccl/Multitask-Drone/install/drone_interfaces/share/drone_interfaces/srv/TaskDispatch_Request.msg\n'}
[1.261957] (drone_interfaces) StdoutLine: {'line': b'-- Up-to-date: /home/ccl/Multitask-Drone/install/drone_interfaces/share/drone_interfaces/srv/TaskDispatch_Response.msg\n'}
[1.262031] (drone_interfaces) StdoutLine: {'line': b'-- Up-to-date: /home/ccl/Multitask-Drone/install/drone_interfaces/share/drone_interfaces/srv/YoloRequest.srv\n'}
[1.263078] (drone_interfaces) StdoutLine: {'line': b'-- Up-to-date: /home/ccl/Multitask-Drone/install/drone_interfaces/share/drone_interfaces/srv/YoloRequest_Request.msg\n'}
[1.263184] (drone_interfaces) StdoutLine: {'line': b'-- Up-to-date: /home/ccl/Multitask-Drone/install/drone_interfaces/share/drone_interfaces/srv/YoloRequest_Response.msg\n'}
[1.263228] (drone_interfaces) StdoutLine: {'line': b'-- Up-to-date: /home/ccl/Multitask-Drone/install/drone_interfaces/share/drone_interfaces/srv/TaskPush.srv\n'}
[1.263278] (drone_interfaces) StdoutLine: {'line': b'-- Up-to-date: /home/ccl/Multitask-Drone/install/drone_interfaces/share/drone_interfaces/srv/TaskPush_Request.msg\n'}
[1.263318] (drone_interfaces) StdoutLine: {'line': b'-- Up-to-date: /home/ccl/Multitask-Drone/install/drone_interfaces/share/drone_interfaces/srv/TaskPush_Response.msg\n'}
[1.263357] (drone_interfaces) StdoutLine: {'line': b'-- Up-to-date: /home/ccl/Multitask-Drone/install/drone_interfaces/share/drone_interfaces/action/ExecuteWaypoint.action\n'}
[1.264388] (drone_interfaces) StdoutLine: {'line': b'-- Up-to-date: /home/ccl/Multitask-Drone/install/drone_interfaces/share/ament_index/resource_index/package_run_dependencies/drone_interfaces\n'}
[1.264462] (drone_interfaces) StdoutLine: {'line': b'-- Up-to-date: /home/ccl/Multitask-Drone/install/drone_interfaces/share/ament_index/resource_index/parent_prefix_path/drone_interfaces\n'}
[1.264728] (drone_interfaces) StdoutLine: {'line': b'-- Up-to-date: /home/ccl/Multitask-Drone/install/drone_interfaces/share/drone_interfaces/environment/ament_prefix_path.sh\n'}
[1.264777] (drone_interfaces) StdoutLine: {'line': b'-- Up-to-date: /home/ccl/Multitask-Drone/install/drone_interfaces/share/drone_interfaces/environment/ament_prefix_path.dsv\n'}
[1.264820] (drone_interfaces) StdoutLine: {'line': b'-- Up-to-date: /home/ccl/Multitask-Drone/install/drone_interfaces/share/drone_interfaces/environment/path.sh\n'}
[1.265221] (drone_interfaces) StdoutLine: {'line': b'-- Up-to-date: /home/ccl/Multitask-Drone/install/drone_interfaces/share/drone_interfaces/environment/path.dsv\n'}
[1.265276] (drone_interfaces) StdoutLine: {'line': b'-- Up-to-date: /home/ccl/Multitask-Drone/install/drone_interfaces/share/drone_interfaces/local_setup.bash\n'}
[1.265317] (drone_interfaces) StdoutLine: {'line': b'-- Up-to-date: /home/ccl/Multitask-Drone/install/drone_interfaces/share/drone_interfaces/local_setup.sh\n'}
[1.265357] (drone_interfaces) StdoutLine: {'line': b'-- Up-to-date: /home/ccl/Multitask-Drone/install/drone_interfaces/share/drone_interfaces/local_setup.zsh\n'}
[1.268320] (drone_interfaces) StdoutLine: {'line': b'-- Up-to-date: /home/ccl/Multitask-Drone/install/drone_interfaces/share/drone_interfaces/local_setup.dsv\n'}
[1.268393] (drone_interfaces) StdoutLine: {'line': b'-- Installing: /home/ccl/Multitask-Drone/install/drone_interfaces/share/drone_interfaces/package.dsv\n'}
[1.268444] (drone_interfaces) StdoutLine: {'line': b'-- Up-to-date: /home/ccl/Multitask-Drone/install/drone_interfaces/share/ament_index/resource_index/packages/drone_interfaces\n'}
[1.268486] (drone_interfaces) StdoutLine: {'line': b'-- Up-to-date: /home/ccl/Multitask-Drone/install/drone_interfaces/share/drone_interfaces/cmake/export_drone_interfaces__rosidl_generator_cExport.cmake\n'}
[1.268535] (drone_interfaces) StdoutLine: {'line': b'-- Up-to-date: /home/ccl/Multitask-Drone/install/drone_interfaces/share/drone_interfaces/cmake/export_drone_interfaces__rosidl_generator_cExport-noconfig.cmake\n'}
[1.268577] (drone_interfaces) StdoutLine: {'line': b'-- Up-to-date: /home/ccl/Multitask-Drone/install/drone_interfaces/share/drone_interfaces/cmake/export_drone_interfaces__rosidl_typesupport_fastrtps_cExport.cmake\n'}
[1.268616] (drone_interfaces) StdoutLine: {'line': b'-- Up-to-date: /home/ccl/Multitask-Drone/install/drone_interfaces/share/drone_interfaces/cmake/export_drone_interfaces__rosidl_typesupport_fastrtps_cExport-noconfig.cmake\n'}
[1.268655] (drone_interfaces) StdoutLine: {'line': b'-- Up-to-date: /home/ccl/Multitask-Drone/install/drone_interfaces/share/drone_interfaces/cmake/drone_interfaces__rosidl_typesupport_introspection_cExport.cmake\n'}
[1.268719] (drone_interfaces) StdoutLine: {'line': b'-- Up-to-date: /home/ccl/Multitask-Drone/install/drone_interfaces/share/drone_interfaces/cmake/drone_interfaces__rosidl_typesupport_introspection_cExport-noconfig.cmake\n'}
[1.268761] (drone_interfaces) StdoutLine: {'line': b'-- Up-to-date: /home/ccl/Multitask-Drone/install/drone_interfaces/share/drone_interfaces/cmake/drone_interfaces__rosidl_typesupport_cExport.cmake\n'}
[1.268802] (drone_interfaces) StdoutLine: {'line': b'-- Up-to-date: /home/ccl/Multitask-Drone/install/drone_interfaces/share/drone_interfaces/cmake/drone_interfaces__rosidl_typesupport_cExport-noconfig.cmake\n'}
[1.268842] (drone_interfaces) StdoutLine: {'line': b'-- Up-to-date: /home/ccl/Multitask-Drone/install/drone_interfaces/share/drone_interfaces/cmake/export_drone_interfaces__rosidl_generator_cppExport.cmake\n'}
[1.268882] (drone_interfaces) StdoutLine: {'line': b'-- Up-to-date: /home/ccl/Multitask-Drone/install/drone_interfaces/share/drone_interfaces/cmake/export_drone_interfaces__rosidl_typesupport_fastrtps_cppExport.cmake\n'}
[1.268922] (drone_interfaces) StdoutLine: {'line': b'-- Up-to-date: /home/ccl/Multitask-Drone/install/drone_interfaces/share/drone_interfaces/cmake/export_drone_interfaces__rosidl_typesupport_fastrtps_cppExport-noconfig.cmake\n'}
[1.268964] (drone_interfaces) StdoutLine: {'line': b'-- Up-to-date: /home/ccl/Multitask-Drone/install/drone_interfaces/share/drone_interfaces/cmake/drone_interfaces__rosidl_typesupport_introspection_cppExport.cmake\n'}
[1.269003] (drone_interfaces) StdoutLine: {'line': b'-- Up-to-date: /home/ccl/Multitask-Drone/install/drone_interfaces/share/drone_interfaces/cmake/drone_interfaces__rosidl_typesupport_introspection_cppExport-noconfig.cmake\n'}
[1.269041] (drone_interfaces) StdoutLine: {'line': b'-- Up-to-date: /home/ccl/Multitask-Drone/install/drone_interfaces/share/drone_interfaces/cmake/drone_interfaces__rosidl_typesupport_cppExport.cmake\n'}
[1.269080] (drone_interfaces) StdoutLine: {'line': b'-- Up-to-date: /home/ccl/Multitask-Drone/install/drone_interfaces/share/drone_interfaces/cmake/drone_interfaces__rosidl_typesupport_cppExport-noconfig.cmake\n'}
[1.269119] (drone_interfaces) StdoutLine: {'line': b'-- Up-to-date: /home/ccl/Multitask-Drone/install/drone_interfaces/share/drone_interfaces/cmake/export_drone_interfaces__rosidl_generator_pyExport.cmake\n'}
[1.269157] (drone_interfaces) StdoutLine: {'line': b'-- Up-to-date: /home/ccl/Multitask-Drone/install/drone_interfaces/share/drone_interfaces/cmake/export_drone_interfaces__rosidl_generator_pyExport-noconfig.cmake\n'}
[1.269196] (drone_interfaces) StdoutLine: {'line': b'-- Up-to-date: /home/ccl/Multitask-Drone/install/drone_interfaces/share/drone_interfaces/cmake/rosidl_cmake-extras.cmake\n'}
[1.269246] (drone_interfaces) StdoutLine: {'line': b'-- Up-to-date: /home/ccl/Multitask-Drone/install/drone_interfaces/share/drone_interfaces/cmake/ament_cmake_export_dependencies-extras.cmake\n'}
[1.269288] (drone_interfaces) StdoutLine: {'line': b'-- Up-to-date: /home/ccl/Multitask-Drone/install/drone_interfaces/share/drone_interfaces/cmake/ament_cmake_export_include_directories-extras.cmake\n'}
[1.269326] (drone_interfaces) StdoutLine: {'line': b'-- Up-to-date: /home/ccl/Multitask-Drone/install/drone_interfaces/share/drone_interfaces/cmake/ament_cmake_export_libraries-extras.cmake\n'}
[1.269364] (drone_interfaces) StdoutLine: {'line': b'-- Up-to-date: /home/ccl/Multitask-Drone/install/drone_interfaces/share/drone_interfaces/cmake/ament_cmake_export_targets-extras.cmake\n'}
[1.269402] (drone_interfaces) StdoutLine: {'line': b'-- Up-to-date: /home/ccl/Multitask-Drone/install/drone_interfaces/share/drone_interfaces/cmake/rosidl_cmake_export_typesupport_targets-extras.cmake\n'}
[1.269441] (drone_interfaces) StdoutLine: {'line': b'-- Up-to-date: /home/ccl/Multitask-Drone/install/drone_interfaces/share/drone_interfaces/cmake/rosidl_cmake_export_typesupport_libraries-extras.cmake\n'}
[1.269479] (drone_interfaces) StdoutLine: {'line': b'-- Up-to-date: /home/ccl/Multitask-Drone/install/drone_interfaces/share/drone_interfaces/cmake/drone_interfacesConfig.cmake\n'}
[1.269518] (drone_interfaces) StdoutLine: {'line': b'-- Up-to-date: /home/ccl/Multitask-Drone/install/drone_interfaces/share/drone_interfaces/cmake/drone_interfacesConfig-version.cmake\n'}
[1.269557] (drone_interfaces) StdoutLine: {'line': b'-- Up-to-date: /home/ccl/Multitask-Drone/install/drone_interfaces/share/drone_interfaces/package.xml\n'}
[1.275674] (drone_interfaces) CommandEnded: {'returncode': 0}
[1.286882] (drone_interfaces) JobEnded: {'identifier': 'drone_interfaces', 'rc': 0}
[1.287463] (drone_controller) JobStarted: {'identifier': 'drone_controller'}
[1.292482] (drone_vision) JobStarted: {'identifier': 'drone_vision'}
[1.305238] (-) TimerEvent: {}
[1.408346] (-) TimerEvent: {}
[1.508667] (-) TimerEvent: {}
[1.608978] (-) TimerEvent: {}
[1.709356] (-) TimerEvent: {}
[1.809667] (-) TimerEvent: {}
[1.909998] (-) TimerEvent: {}
[2.010375] (-) TimerEvent: {}
[2.093449] (drone_controller) Command: {'cmd': ['/usr/bin/python3', '-W', 'ignore:setup.py install is deprecated', '-W', 'ignore:easy_install command is deprecated', 'setup.py', 'egg_info', '--egg-base', '../../build/drone_controller', 'build', '--build-base', '/home/ccl/Multitask-Drone/build/drone_controller/build', 'install', '--record', '/home/ccl/Multitask-Drone/build/drone_controller/install.log', '--single-version-externally-managed', 'install_data'], 'cwd': '/home/ccl/Multitask-Drone/src/drone_controller', 'env': {'GJS_DEBUG_TOPICS': 'JS ERROR;JS LOG', 'LESSOPEN': '| /usr/bin/lesspipe %s', 'SVGA_VGPU10': '0', 'no_proxy': '127.0.0.1, localhost', 'USER': 'ccl', 'LC_TIME': 'zh_CN.UTF-8', 'XDG_SESSION_TYPE': 'wayland', 'GIT_ASKPASS': '/usr/share/code/resources/app/extensions/git/dist/askpass.sh', 'SHLVL': '1', 'LD_LIBRARY_PATH': '/home/ccl/Multitask-Drone/install/drone_interfaces/lib:/opt/ros/humble/opt/rviz_ogre_vendor/lib:/opt/ros/humble/lib/x86_64-linux-gnu:/opt/ros/humble/lib', 'HOME': '/home/ccl', 'CHROME_DESKTOP': 'code.desktop', 'OLDPWD': '/home/ccl', 'TERM_PROGRAM_VERSION': '1.98.0', 'DESKTOP_SESSION': 'ubuntu', 'GIO_LAUNCHED_DESKTOP_FILE': '/usr/share/applications/code.desktop', 'ROS_PYTHON_VERSION': '3', 'GNOME_SHELL_SESSION_MODE': 'ubuntu', 'GTK_MODULES': 'gail:atk-bridge', 'VSCODE_GIT_ASKPASS_MAIN': '/usr/share/code/resources/app/extensions/git/dist/askpass-main.js', 'LC_MONETARY': 'zh_CN.UTF-8', 'VSCODE_GIT_ASKPASS_NODE': '/usr/share/code/code', 'MANAGERPID': '1078', 'PYDEVD_DISABLE_FILE_VALIDATION': '1', 'SYSTEMD_EXEC_PID': '1235', 'BUNDLED_DEBUGPY_PATH': '/home/ccl/.vscode/extensions/ms-python.debugpy-2025.4.0-linux-x64/bundled/libs/debugpy', 'IM_CONFIG_CHECK_ENV': '1', 'DBUS_SESSION_BUS_ADDRESS': 'unix:path=/run/user/1000/bus', 'COLORTERM': 'truecolor', 'GIO_LAUNCHED_DESKTOP_FILE_PID': '17873', 'IM_CONFIG_PHASE': '1', 'WAYLAND_DISPLAY': 'wayland-0', 'https_proxy': 'http://192.168.218.1:5555', 'COLCON_PREFIX_PATH': '/home/ccl/Multitask-Drone/install', 'ROS_DISTRO': 'humble', 'GTK_IM_MODULE': 'fcitx', 'LOGNAME': 'ccl', 'http_proxy': 'http://192.168.218.1:5555', 'JOURNAL_STREAM': '8:17839', '_': '/usr/bin/colcon', 'ROS_VERSION': '2', 'XDG_SESSION_CLASS': 'user', 'USERNAME': 'ccl', 'TERM': 'xterm-256color', 'GNOME_DESKTOP_SESSION_ID': 'this-is-deprecated', 'ROS_LOCALHOST_ONLY': '0', 'PATH': '/home/ccl/.local/bin:/opt/ros/humble/bin:/home/ccl/.local/bin:/usr/local/sbin:/usr/local/bin:/usr/sbin:/usr/bin:/sbin:/bin:/usr/games:/usr/local/games:/snap/bin:/usr/local/go/bin:/home/ccl/.vscode/extensions/ms-python.debugpy-2025.4.0-linux-x64/bundled/scripts/noConfigScripts:/usr/local/go/bin', 'SESSION_MANAGER': 'local/ubuntu64:@/tmp/.ICE-unix/1212,unix/ubuntu64:/tmp/.ICE-unix/1212', 'INVOCATION_ID': 'b97f6cc10fc1482b957a1d12886b36f0', 'XDG_MENU_PREFIX': 'gnome-', 'LC_ADDRESS': 'zh_CN.UTF-8', 'GNOME_SETUP_DISPLAY': ':1', 'XDG_RUNTIME_DIR': '/run/user/1000', 'GDK_BACKEND': 'x11', 'DISPLAY': ':0', 'VSCODE_DEBUGPY_ADAPTER_ENDPOINTS': '/home/ccl/.vscode/extensions/ms-python.debugpy-2025.4.0-linux-x64/.noConfigDebugAdapterEndpoints/endpoint-17a7e6cfd4e60750.txt', 'LANG': 'en_US.UTF-8', 'XDG_CURRENT_DESKTOP': 'Unity', 'LC_TELEPHONE': 'zh_CN.UTF-8', 'XMODIFIERS': '@im=fcitx', 'XDG_SESSION_DESKTOP': 'ubuntu', 'XAUTHORITY': '/run/user/1000/.mutter-Xwaylandauth.23GQ22', 'LS_COLORS': 'rs=0:di=01;34:ln=01;36:mh=00:pi=40;33:so=01;35:do=01;35:bd=40;33;01:cd=40;33;01:or=40;31;01:mi=00:su=37;41:sg=30;43:ca=30;41:tw=30;42:ow=34;42:st=37;44:ex=01;32:*.tar=01;31:*.tgz=01;31:*.arc=01;31:*.arj=01;31:*.taz=01;31:*.lha=01;31:*.lz4=01;31:*.lzh=01;31:*.lzma=01;31:*.tlz=01;31:*.txz=01;31:*.tzo=01;31:*.t7z=01;31:*.zip=01;31:*.z=01;31:*.dz=01;31:*.gz=01;31:*.lrz=01;31:*.lz=01;31:*.lzo=01;31:*.xz=01;31:*.zst=01;31:*.tzst=01;31:*.bz2=01;31:*.bz=01;31:*.tbz=01;31:*.tbz2=01;31:*.tz=01;31:*.deb=01;31:*.rpm=01;31:*.jar=01;31:*.war=01;31:*.ear=01;31:*.sar=01;31:*.rar=01;31:*.alz=01;31:*.ace=01;31:*.zoo=01;31:*.cpio=01;31:*.7z=01;31:*.rz=01;31:*.cab=01;31:*.wim=01;31:*.swm=01;31:*.dwm=01;31:*.esd=01;31:*.jpg=01;35:*.jpeg=01;35:*.mjpg=01;35:*.mjpeg=01;35:*.gif=01;35:*.bmp=01;35:*.pbm=01;35:*.pgm=01;35:*.ppm=01;35:*.tga=01;35:*.xbm=01;35:*.xpm=01;35:*.tif=01;35:*.tiff=01;35:*.png=01;35:*.svg=01;35:*.svgz=01;35:*.mng=01;35:*.pcx=01;35:*.mov=01;35:*.mpg=01;35:*.mpeg=01;35:*.m2v=01;35:*.mkv=01;35:*.webm=01;35:*.webp=01;35:*.ogm=01;35:*.mp4=01;35:*.m4v=01;35:*.mp4v=01;35:*.vob=01;35:*.qt=01;35:*.nuv=01;35:*.wmv=01;35:*.asf=01;35:*.rm=01;35:*.rmvb=01;35:*.flc=01;35:*.avi=01;35:*.fli=01;35:*.flv=01;35:*.gl=01;35:*.dl=01;35:*.xcf=01;35:*.xwd=01;35:*.yuv=01;35:*.cgm=01;35:*.emf=01;35:*.ogv=01;35:*.ogx=01;35:*.aac=00;36:*.au=00;36:*.flac=00;36:*.m4a=00;36:*.mid=00;36:*.midi=00;36:*.mka=00;36:*.mp3=00;36:*.mpc=00;36:*.ogg=00;36:*.ra=00;36:*.wav=00;36:*.oga=00;36:*.opus=00;36:*.spx=00;36:*.xspf=00;36:', 'VSCODE_GIT_IPC_HANDLE': '/run/user/1000/vscode-git-9d2c69e155.sock', 'TERM_PROGRAM': 'vscode', 'SSH_AGENT_LAUNCHER': 'gnome-keyring', 'SSH_AUTH_SOCK': '/run/user/1000/keyring/ssh', 'AMENT_PREFIX_PATH': '/home/ccl/Multitask-Drone/install/drone_vision:/home/ccl/Multitask-Drone/install/drone_monitor:/home/ccl/Multitask-Drone/install/drone_controller:/home/ccl/Multitask-Drone/install/drone_interfaces:/opt/ros/humble', 'QUIC_GO_LOG_LEVEL': 'debug', 'ORIGINAL_XDG_CURRENT_DESKTOP': 'ubuntu:GNOME', 'SHELL': '/bin/bash', 'LC_NAME': 'zh_CN.UTF-8', 'QT_ACCESSIBILITY': '1', 'GDMSESSION': 'ubuntu', 'LESSCLOSE': '/usr/bin/lesspipe %s %s', 'LC_MEASUREMENT': 'zh_CN.UTF-8', 'GJS_DEBUG_OUTPUT': 'stderr', 'LC_IDENTIFICATION': 'zh_CN.UTF-8', 'VSCODE_GIT_ASKPASS_EXTRA_ARGS': '', 'QT_IM_MODULE': 'fcitx', 'PWD': '/home/ccl/Multitask-Drone/build/drone_controller', 'LC_ALL': 'en_US.UTF-8', 'XDG_CONFIG_DIRS': '/etc/xdg/xdg-ubuntu:/etc/xdg', 'CLUTTER_IM_MODULE': 'xim', 'XDG_DATA_DIRS': '/usr/share/ubuntu:/usr/local/share:/usr/share:/var/lib/snapd/desktop', 'PYTHONPATH': '/home/ccl/Multitask-Drone/build/drone_controller/prefix_override:/usr/lib/python3/dist-packages/colcon_core/task/python/colcon_distutils_commands:/home/ccl/Multitask-Drone/install/drone_controller/lib/python3.10/site-packages:/home/ccl/Multitask-Drone/install/drone_vision/lib/python3.10/site-packages:/home/ccl/Multitask-Drone/install/drone_monitor/lib/python3.10/site-packages:/home/ccl/Multitask-Drone/install/drone_controller/lib/python3.10/site-packages:/home/ccl/Multitask-Drone/install/drone_interfaces/local/lib/python3.10/dist-packages:/opt/ros/humble/lib/python3.10/site-packages:/opt/ros/humble/local/lib/python3.10/dist-packages', 'LC_NUMERIC': 'zh_CN.UTF-8', 'LC_PAPER': 'zh_CN.UTF-8', 'COLCON': '1', 'CMAKE_PREFIX_PATH': '/home/ccl/Multitask-Drone/install/drone_interfaces'}, 'shell': False}
[2.112284] (-) TimerEvent: {}
[2.127195] (drone_vision) Command: {'cmd': ['/usr/bin/python3', '-W', 'ignore:setup.py install is deprecated', '-W', 'ignore:easy_install command is deprecated', 'setup.py', 'egg_info', '--egg-base', '../../build/drone_vision', 'build', '--build-base', '/home/ccl/Multitask-Drone/build/drone_vision/build', 'install', '--record', '/home/ccl/Multitask-Drone/build/drone_vision/install.log', '--single-version-externally-managed', 'install_data'], 'cwd': '/home/ccl/Multitask-Drone/src/drone_vision', 'env': {'GJS_DEBUG_TOPICS': 'JS ERROR;JS LOG', 'LESSOPEN': '| /usr/bin/lesspipe %s', 'SVGA_VGPU10': '0', 'no_proxy': '127.0.0.1, localhost', 'USER': 'ccl', 'LC_TIME': 'zh_CN.UTF-8', 'XDG_SESSION_TYPE': 'wayland', 'GIT_ASKPASS': '/usr/share/code/resources/app/extensions/git/dist/askpass.sh', 'SHLVL': '1', 'LD_LIBRARY_PATH': '/home/ccl/Multitask-Drone/install/drone_interfaces/lib:/opt/ros/humble/opt/rviz_ogre_vendor/lib:/opt/ros/humble/lib/x86_64-linux-gnu:/opt/ros/humble/lib', 'HOME': '/home/ccl', 'CHROME_DESKTOP': 'code.desktop', 'OLDPWD': '/home/ccl', 'TERM_PROGRAM_VERSION': '1.98.0', 'DESKTOP_SESSION': 'ubuntu', 'GIO_LAUNCHED_DESKTOP_FILE': '/usr/share/applications/code.desktop', 'ROS_PYTHON_VERSION': '3', 'GNOME_SHELL_SESSION_MODE': 'ubuntu', 'GTK_MODULES': 'gail:atk-bridge', 'VSCODE_GIT_ASKPASS_MAIN': '/usr/share/code/resources/app/extensions/git/dist/askpass-main.js', 'LC_MONETARY': 'zh_CN.UTF-8', 'VSCODE_GIT_ASKPASS_NODE': '/usr/share/code/code', 'MANAGERPID': '1078', 'PYDEVD_DISABLE_FILE_VALIDATION': '1', 'SYSTEMD_EXEC_PID': '1235', 'BUNDLED_DEBUGPY_PATH': '/home/ccl/.vscode/extensions/ms-python.debugpy-2025.4.0-linux-x64/bundled/libs/debugpy', 'IM_CONFIG_CHECK_ENV': '1', 'DBUS_SESSION_BUS_ADDRESS': 'unix:path=/run/user/1000/bus', 'COLORTERM': 'truecolor', 'GIO_LAUNCHED_DESKTOP_FILE_PID': '17873', 'IM_CONFIG_PHASE': '1', 'WAYLAND_DISPLAY': 'wayland-0', 'https_proxy': 'http://192.168.218.1:5555', 'COLCON_PREFIX_PATH': '/home/ccl/Multitask-Drone/install', 'ROS_DISTRO': 'humble', 'GTK_IM_MODULE': 'fcitx', 'LOGNAME': 'ccl', 'http_proxy': 'http://192.168.218.1:5555', 'JOURNAL_STREAM': '8:17839', '_': '/usr/bin/colcon', 'ROS_VERSION': '2', 'XDG_SESSION_CLASS': 'user', 'USERNAME': 'ccl', 'TERM': 'xterm-256color', 'GNOME_DESKTOP_SESSION_ID': 'this-is-deprecated', 'ROS_LOCALHOST_ONLY': '0', 'PATH': '/home/ccl/.local/bin:/opt/ros/humble/bin:/home/ccl/.local/bin:/usr/local/sbin:/usr/local/bin:/usr/sbin:/usr/bin:/sbin:/bin:/usr/games:/usr/local/games:/snap/bin:/usr/local/go/bin:/home/ccl/.vscode/extensions/ms-python.debugpy-2025.4.0-linux-x64/bundled/scripts/noConfigScripts:/usr/local/go/bin', 'SESSION_MANAGER': 'local/ubuntu64:@/tmp/.ICE-unix/1212,unix/ubuntu64:/tmp/.ICE-unix/1212', 'INVOCATION_ID': 'b97f6cc10fc1482b957a1d12886b36f0', 'XDG_MENU_PREFIX': 'gnome-', 'LC_ADDRESS': 'zh_CN.UTF-8', 'GNOME_SETUP_DISPLAY': ':1', 'XDG_RUNTIME_DIR': '/run/user/1000', 'GDK_BACKEND': 'x11', 'DISPLAY': ':0', 'VSCODE_DEBUGPY_ADAPTER_ENDPOINTS': '/home/ccl/.vscode/extensions/ms-python.debugpy-2025.4.0-linux-x64/.noConfigDebugAdapterEndpoints/endpoint-17a7e6cfd4e60750.txt', 'LANG': 'en_US.UTF-8', 'XDG_CURRENT_DESKTOP': 'Unity', 'LC_TELEPHONE': 'zh_CN.UTF-8', 'XMODIFIERS': '@im=fcitx', 'XDG_SESSION_DESKTOP': 'ubuntu', 'XAUTHORITY': '/run/user/1000/.mutter-Xwaylandauth.23GQ22', 'LS_COLORS': 'rs=0:di=01;34:ln=01;36:mh=00:pi=40;33:so=01;35:do=01;35:bd=40;33;01:cd=40;33;01:or=40;31;01:mi=00:su=37;41:sg=30;43:ca=30;41:tw=30;42:ow=34;42:st=37;44:ex=01;32:*.tar=01;31:*.tgz=01;31:*.arc=01;31:*.arj=01;31:*.taz=01;31:*.lha=01;31:*.lz4=01;31:*.lzh=01;31:*.lzma=01;31:*.tlz=01;31:*.txz=01;31:*.tzo=01;31:*.t7z=01;31:*.zip=01;31:*.z=01;31:*.dz=01;31:*.gz=01;31:*.lrz=01;31:*.lz=01;31:*.lzo=01;31:*.xz=01;31:*.zst=01;31:*.tzst=01;31:*.bz2=01;31:*.bz=01;31:*.tbz=01;31:*.tbz2=01;31:*.tz=01;31:*.deb=01;31:*.rpm=01;31:*.jar=01;31:*.war=01;31:*.ear=01;31:*.sar=01;31:*.rar=01;31:*.alz=01;31:*.ace=01;31:*.zoo=01;31:*.cpio=01;31:*.7z=01;31:*.rz=01;31:*.cab=01;31:*.wim=01;31:*.swm=01;31:*.dwm=01;31:*.esd=01;31:*.jpg=01;35:*.jpeg=01;35:*.mjpg=01;35:*.mjpeg=01;35:*.gif=01;35:*.bmp=01;35:*.pbm=01;35:*.pgm=01;35:*.ppm=01;35:*.tga=01;35:*.xbm=01;35:*.xpm=01;35:*.tif=01;35:*.tiff=01;35:*.png=01;35:*.svg=01;35:*.svgz=01;35:*.mng=01;35:*.pcx=01;35:*.mov=01;35:*.mpg=01;35:*.mpeg=01;35:*.m2v=01;35:*.mkv=01;35:*.webm=01;35:*.webp=01;35:*.ogm=01;35:*.mp4=01;35:*.m4v=01;35:*.mp4v=01;35:*.vob=01;35:*.qt=01;35:*.nuv=01;35:*.wmv=01;35:*.asf=01;35:*.rm=01;35:*.rmvb=01;35:*.flc=01;35:*.avi=01;35:*.fli=01;35:*.flv=01;35:*.gl=01;35:*.dl=01;35:*.xcf=01;35:*.xwd=01;35:*.yuv=01;35:*.cgm=01;35:*.emf=01;35:*.ogv=01;35:*.ogx=01;35:*.aac=00;36:*.au=00;36:*.flac=00;36:*.m4a=00;36:*.mid=00;36:*.midi=00;36:*.mka=00;36:*.mp3=00;36:*.mpc=00;36:*.ogg=00;36:*.ra=00;36:*.wav=00;36:*.oga=00;36:*.opus=00;36:*.spx=00;36:*.xspf=00;36:', 'VSCODE_GIT_IPC_HANDLE': '/run/user/1000/vscode-git-9d2c69e155.sock', 'TERM_PROGRAM': 'vscode', 'SSH_AGENT_LAUNCHER': 'gnome-keyring', 'SSH_AUTH_SOCK': '/run/user/1000/keyring/ssh', 'AMENT_PREFIX_PATH': '/home/ccl/Multitask-Drone/install/drone_vision:/home/ccl/Multitask-Drone/install/drone_monitor:/home/ccl/Multitask-Drone/install/drone_controller:/home/ccl/Multitask-Drone/install/drone_interfaces:/opt/ros/humble', 'QUIC_GO_LOG_LEVEL': 'debug', 'ORIGINAL_XDG_CURRENT_DESKTOP': 'ubuntu:GNOME', 'SHELL': '/bin/bash', 'LC_NAME': 'zh_CN.UTF-8', 'QT_ACCESSIBILITY': '1', 'GDMSESSION': 'ubuntu', 'LESSCLOSE': '/usr/bin/lesspipe %s %s', 'LC_MEASUREMENT': 'zh_CN.UTF-8', 'GJS_DEBUG_OUTPUT': 'stderr', 'LC_IDENTIFICATION': 'zh_CN.UTF-8', 'VSCODE_GIT_ASKPASS_EXTRA_ARGS': '', 'QT_IM_MODULE': 'fcitx', 'PWD': '/home/ccl/Multitask-Drone/build/drone_vision', 'LC_ALL': 'en_US.UTF-8', 'XDG_CONFIG_DIRS': '/etc/xdg/xdg-ubuntu:/etc/xdg', 'CLUTTER_IM_MODULE': 'xim', 'XDG_DATA_DIRS': '/usr/share/ubuntu:/usr/local/share:/usr/share:/var/lib/snapd/desktop', 'PYTHONPATH': '/home/ccl/Multitask-Drone/build/drone_vision/prefix_override:/usr/lib/python3/dist-packages/colcon_core/task/python/colcon_distutils_commands:/home/ccl/Multitask-Drone/install/drone_vision/lib/python3.10/site-packages:/home/ccl/Multitask-Drone/install/drone_vision/lib/python3.10/site-packages:/home/ccl/Multitask-Drone/install/drone_monitor/lib/python3.10/site-packages:/home/ccl/Multitask-Drone/install/drone_controller/lib/python3.10/site-packages:/home/ccl/Multitask-Drone/install/drone_interfaces/local/lib/python3.10/dist-packages:/opt/ros/humble/lib/python3.10/site-packages:/opt/ros/humble/local/lib/python3.10/dist-packages', 'LC_NUMERIC': 'zh_CN.UTF-8', 'LC_PAPER': 'zh_CN.UTF-8', 'COLCON': '1', 'CMAKE_PREFIX_PATH': '/home/ccl/Multitask-Drone/install/drone_interfaces'}, 'shell': False}
[2.212611] (-) TimerEvent: {}
[2.314072] (-) TimerEvent: {}
[2.318294] (drone_controller) StdoutLine: {'line': b'running egg_info\n'}
[2.318598] (drone_controller) StdoutLine: {'line': b'writing ../../build/drone_controller/drone_controller.egg-info/PKG-INFO\n'}
[2.318890] (drone_controller) StdoutLine: {'line': b'writing dependency_links to ../../build/drone_controller/drone_controller.egg-info/dependency_links.txt\n'}
[2.319141] (drone_controller) StdoutLine: {'line': b'writing entry points to ../../build/drone_controller/drone_controller.egg-info/entry_points.txt\n'}
[2.321175] (drone_controller) StdoutLine: {'line': b'writing requirements to ../../build/drone_controller/drone_controller.egg-info/requires.txt\n'}
[2.321340] (drone_controller) StdoutLine: {'line': b'writing top-level names to ../../build/drone_controller/drone_controller.egg-info/top_level.txt\n'}
[2.321408] (drone_controller) StdoutLine: {'line': b"reading manifest file '../../build/drone_controller/drone_controller.egg-info/SOURCES.txt'\n"}
[2.321499] (drone_controller) StdoutLine: {'line': b"adding license file 'LICENSE'\n"}
[2.322074] (drone_controller) StdoutLine: {'line': b"writing manifest file '../../build/drone_controller/drone_controller.egg-info/SOURCES.txt'\n"}
[2.322512] (drone_controller) StdoutLine: {'line': b'running build\n'}
[2.322601] (drone_controller) StdoutLine: {'line': b'running build_py\n'}
[2.323072] (drone_controller) StdoutLine: {'line': b'copying drone_controller/task/task_executor.py -> /home/ccl/Multitask-Drone/build/drone_controller/build/lib/drone_controller/task\n'}
[2.324767] (drone_controller) StdoutLine: {'line': b'running install\n'}
[2.324932] (drone_controller) StdoutLine: {'line': b'running install_lib\n'}
[2.325161] (drone_controller) StdoutLine: {'line': b'copying /home/ccl/Multitask-Drone/build/drone_controller/build/lib/drone_controller/task/task_executor.py -> /home/ccl/Multitask-Drone/install/drone_controller/lib/python3.10/site-packages/drone_controller/task\n'}
[2.326362] (drone_controller) StdoutLine: {'line': b'byte-compiling /home/ccl/Multitask-Drone/install/drone_controller/lib/python3.10/site-packages/drone_controller/task/task_executor.py to task_executor.cpython-310.pyc\n'}
[2.329015] (drone_controller) StdoutLine: {'line': b'running install_data\n'}
[2.329352] (drone_controller) StdoutLine: {'line': b'running install_egg_info\n'}
[2.331936] (drone_controller) StdoutLine: {'line': b"removing '/home/ccl/Multitask-Drone/install/drone_controller/lib/python3.10/site-packages/drone_controller-0.0.0-py3.10.egg-info' (and everything under it)\n"}
[2.332293] (drone_controller) StdoutLine: {'line': b'Copying ../../build/drone_controller/drone_controller.egg-info to /home/ccl/Multitask-Drone/install/drone_controller/lib/python3.10/site-packages/drone_controller-0.0.0-py3.10.egg-info\n'}
[2.333304] (drone_controller) StdoutLine: {'line': b'running install_scripts\n'}
[2.352921] (drone_controller) StdoutLine: {'line': b'Installing drone_controller script to /home/ccl/Multitask-Drone/install/drone_controller/lib/drone_controller\n'}
[2.355511] (drone_controller) StdoutLine: {'line': b'Installing task_executor script to /home/ccl/Multitask-Drone/install/drone_controller/lib/drone_controller\n'}
[2.355716] (drone_controller) StdoutLine: {'line': b'Installing waypoint_handler script to /home/ccl/Multitask-Drone/install/drone_controller/lib/drone_controller\n'}
[2.355798] (drone_controller) StdoutLine: {'line': b'Installing yiku_test script to /home/ccl/Multitask-Drone/install/drone_controller/lib/drone_controller\n'}
[2.355873] (drone_controller) StdoutLine: {'line': b"writing list of installed files to '/home/ccl/Multitask-Drone/build/drone_controller/install.log'\n"}
[2.362477] (drone_vision) StdoutLine: {'line': b'running egg_info\n'}
[2.362670] (drone_vision) StdoutLine: {'line': b'writing ../../build/drone_vision/drone_vision.egg-info/PKG-INFO\n'}
[2.362723] (drone_vision) StdoutLine: {'line': b'writing dependency_links to ../../build/drone_vision/drone_vision.egg-info/dependency_links.txt\n'}
[2.362766] (drone_vision) StdoutLine: {'line': b'writing entry points to ../../build/drone_vision/drone_vision.egg-info/entry_points.txt\n'}
[2.363101] (drone_vision) StdoutLine: {'line': b'writing requirements to ../../build/drone_vision/drone_vision.egg-info/requires.txt\n'}
[2.363206] (drone_vision) StdoutLine: {'line': b'writing top-level names to ../../build/drone_vision/drone_vision.egg-info/top_level.txt\n'}
[2.364426] (drone_vision) StdoutLine: {'line': b"reading manifest file '../../build/drone_vision/drone_vision.egg-info/SOURCES.txt'\n"}
[2.366001] (drone_vision) StdoutLine: {'line': b"adding license file 'LICENSE'\n"}
[2.366288] (drone_vision) StdoutLine: {'line': b"writing manifest file '../../build/drone_vision/drone_vision.egg-info/SOURCES.txt'\n"}
[2.366414] (drone_vision) StdoutLine: {'line': b'running build\n'}
[2.366459] (drone_vision) StdoutLine: {'line': b'running build_py\n'}
[2.366500] (drone_vision) StdoutLine: {'line': b'running install\n'}
[2.367958] (drone_vision) StdoutLine: {'line': b'running install_lib\n'}
[2.368465] (drone_vision) StdoutLine: {'line': b'running install_data\n'}
[2.368761] (drone_vision) StdoutLine: {'line': b'running install_egg_info\n'}
[2.369208] (drone_vision) StdoutLine: {'line': b"removing '/home/ccl/Multitask-Drone/install/drone_vision/lib/python3.10/site-packages/drone_vision-0.0.0-py3.10.egg-info' (and everything under it)\n"}
[2.369744] (drone_vision) StdoutLine: {'line': b'Copying ../../build/drone_vision/drone_vision.egg-info to /home/ccl/Multitask-Drone/install/drone_vision/lib/python3.10/site-packages/drone_vision-0.0.0-py3.10.egg-info\n'}
[2.369796] (drone_vision) StdoutLine: {'line': b'running install_scripts\n'}
[2.377189] (drone_controller) CommandEnded: {'returncode': 0}
[2.384631] (drone_controller) JobEnded: {'identifier': 'drone_controller', 'rc': 0}
[2.389769] (drone_vision) StdoutLine: {'line': b'Installing object_detector script to /home/ccl/Multitask-Drone/install/drone_vision/lib/drone_vision\n'}
[2.390304] (drone_vision) StdoutLine: {'line': b"writing list of installed files to '/home/ccl/Multitask-Drone/build/drone_vision/install.log'\n"}
[2.412988] (drone_vision) CommandEnded: {'returncode': 0}
[2.415125] (-) TimerEvent: {}
[2.423595] (drone_vision) JobEnded: {'identifier': 'drone_vision', 'rc': 0}
[2.424696] (-) EventReactorShutdown: {}
