[0.000000] (-) TimerEvent: {}
[0.000866] (drone_interfaces) JobQueued: {'identifier': 'drone_interfaces', 'dependencies': OrderedDict()}
[0.001152] (drone_monitor) JobQueued: {'identifier': 'drone_monitor', 'dependencies': OrderedDict()}
[0.001957] (drone_controller) JobQueued: {'identifier': 'drone_controller', 'dependencies': OrderedDict([('drone_interfaces', '/home/orangepi/Multitask-Drone/install/drone_interfaces')])}
[0.002379] (drone_vision) JobQueued: {'identifier': 'drone_vision', 'dependencies': OrderedDict([('drone_interfaces', '/home/orangepi/Multitask-Drone/install/drone_interfaces')])}
[0.002808] (drone_interfaces) JobStarted: {'identifier': 'drone_interfaces'}
[0.013238] (drone_monitor) JobStarted: {'identifier': 'drone_monitor'}
[0.027993] (drone_interfaces) JobProgress: {'identifier': 'drone_interfaces', 'progress': 'cmake'}
[0.029449] (drone_interfaces) JobProgress: {'identifier': 'drone_interfaces', 'progress': 'build'}
[0.030695] (drone_interfaces) Command: {'cmd': ['/usr/bin/cmake', '--build', '/home/orangepi/Multitask-Drone/build/drone_interfaces', '--', '-j8', '-l8'], 'cwd': '/home/orangepi/Multitask-Drone/build/drone_interfaces', 'env': OrderedDict([('LESSOPEN', '| /usr/bin/lesspipe %s'), ('UMS_MOUNTPOINT', '/mnt/ums'), ('GST_V4L2_PREFERRED_FOURCC', 'NV12:YU12:NV16:YUY2'), ('LANGUAGE', 'en_US.UTF-8'), ('USER', 'orangepi'), ('SSH_CLIENT', '192.168.137.1 35290 22'), ('XDG_SESSION_TYPE', 'tty'), ('GIT_ASKPASS', '/home/orangepi/.vscode-server/cli/servers/Stable-fabdb6a30b49f79a7aba0f2ad9df9b399473380f/server/extensions/git/dist/askpass.sh'), ('SHLVL', '2'), ('USB_FUNCS', 'adb'), ('LD_LIBRARY_PATH', '/opt/ros/humble/opt/rviz_ogre_vendor/lib:/opt/ros/humble/lib/aarch64-linux-gnu:/opt/ros/humble/lib'), ('BROWSER', '/home/orangepi/.vscode-server/cli/servers/Stable-fabdb6a30b49f79a7aba0f2ad9df9b399473380f/server/bin/helpers/browser.sh'), ('MOTD_SHOWN', 'pam'), ('HOME', '/home/orangepi'), ('OLDPWD', '/home/orangepi'), ('TERM_PROGRAM_VERSION', '1.96.2'), ('VSCODE_IPC_HOOK_CLI', '/run/user/1000/vscode-ipc-b25b9547-7129-4734-a10c-64fa837cceca.sock'), ('GST_INSPECT_NO_COLORS', '1'), ('GST_MPP_NO_RGA', '1'), ('ROS_PYTHON_VERSION', '3'), ('COGL_DRIVER', 'gles2'), ('VSCODE_GIT_ASKPASS_MAIN', '/home/orangepi/.vscode-server/cli/servers/Stable-fabdb6a30b49f79a7aba0f2ad9df9b399473380f/server/extensions/git/dist/askpass-main.js'), ('VSCODE_GIT_ASKPASS_NODE', '/home/orangepi/.vscode-server/cli/servers/Stable-fabdb6a30b49f79a7aba0f2ad9df9b399473380f/server/node'), ('SSL_CERT_FILE', '/usr/lib/ssl/certs/ca-certificates.crt'), ('DBUS_SESSION_BUS_ADDRESS', 'unix:path=/run/user/1000/bus'), ('COLORTERM', 'truecolor'), ('GST_V4L2SRC_MAX_RESOLUTION', '3840x2160'), ('ROS_DISTRO', 'humble'), ('LOGNAME', 'orangepi'), ('_', '/usr/bin/colcon'), ('ROS_VERSION', '2'), ('XDG_SESSION_CLASS', 'user'), ('TERM', 'xterm-256color'), ('GST_GL_API', 'gles2'), ('XDG_SESSION_ID', '5'), ('GST_VIDEO_CONVERT_PREFERRED_FORMAT', 'NV12:NV16:I420:YUY2'), ('GST_V4L2SRC_RK_DEVICES', '_mainpath:_selfpath:_bypass:_scale'), ('ROS_LOCALHOST_ONLY', '0'), ('PATH', '/home/orangepi/.vscode-server/cli/servers/Stable-fabdb6a30b49f79a7aba0f2ad9df9b399473380f/server/bin/remote-cli:/home/orangepi/.local/bin:/opt/ros/humble/bin:/usr/local/sbin:/usr/local/bin:/usr/sbin:/usr/bin:/sbin:/bin:/usr/games:/usr/local/games:/snap/bin'), ('XDG_RUNTIME_DIR', '/run/user/1000'), ('GST_GL_PLATFORM', 'egl'), ('GST_DEBUG_NO_COLOR', '1'), ('SSL_CERT_DIR', '/usr/lib/ssl/certs'), ('GST_V4L2SRC_DEFAULT_DEVICE', '/dev/video-camera0'), ('DISPLAY', ':0'), ('LANG', 'en_US.UTF-8'), ('LS_COLORS', 'rs=0:di=01;34:ln=01;36:mh=00:pi=40;33:so=01;35:do=01;35:bd=40;33;01:cd=40;33;01:or=40;31;01:mi=00:su=37;41:sg=30;43:ca=30;41:tw=30;42:ow=34;42:st=37;44:ex=01;32:*.tar=01;31:*.tgz=01;31:*.arc=01;31:*.arj=01;31:*.taz=01;31:*.lha=01;31:*.lz4=01;31:*.lzh=01;31:*.lzma=01;31:*.tlz=01;31:*.txz=01;31:*.tzo=01;31:*.t7z=01;31:*.zip=01;31:*.z=01;31:*.dz=01;31:*.gz=01;31:*.lrz=01;31:*.lz=01;31:*.lzo=01;31:*.xz=01;31:*.zst=01;31:*.tzst=01;31:*.bz2=01;31:*.bz=01;31:*.tbz=01;31:*.tbz2=01;31:*.tz=01;31:*.deb=01;31:*.rpm=01;31:*.jar=01;31:*.war=01;31:*.ear=01;31:*.sar=01;31:*.rar=01;31:*.alz=01;31:*.ace=01;31:*.zoo=01;31:*.cpio=01;31:*.7z=01;31:*.rz=01;31:*.cab=01;31:*.wim=01;31:*.swm=01;31:*.dwm=01;31:*.esd=01;31:*.jpg=01;35:*.jpeg=01;35:*.mjpg=01;35:*.mjpeg=01;35:*.gif=01;35:*.bmp=01;35:*.pbm=01;35:*.pgm=01;35:*.ppm=01;35:*.tga=01;35:*.xbm=01;35:*.xpm=01;35:*.tif=01;35:*.tiff=01;35:*.png=01;35:*.svg=01;35:*.svgz=01;35:*.mng=01;35:*.pcx=01;35:*.mov=01;35:*.mpg=01;35:*.mpeg=01;35:*.m2v=01;35:*.mkv=01;35:*.webm=01;35:*.webp=01;35:*.ogm=01;35:*.mp4=01;35:*.m4v=01;35:*.mp4v=01;35:*.vob=01;35:*.qt=01;35:*.nuv=01;35:*.wmv=01;35:*.asf=01;35:*.rm=01;35:*.rmvb=01;35:*.flc=01;35:*.avi=01;35:*.fli=01;35:*.flv=01;35:*.gl=01;35:*.dl=01;35:*.xcf=01;35:*.xwd=01;35:*.yuv=01;35:*.cgm=01;35:*.emf=01;35:*.ogv=01;35:*.ogx=01;35:*.aac=00;36:*.au=00;36:*.flac=00;36:*.m4a=00;36:*.mid=00;36:*.midi=00;36:*.mka=00;36:*.mp3=00;36:*.mpc=00;36:*.ogg=00;36:*.ra=00;36:*.wav=00;36:*.oga=00;36:*.opus=00;36:*.spx=00;36:*.xspf=00;36:'), ('VSCODE_GIT_IPC_HANDLE', '/run/user/1000/vscode-git-d88bdced48.sock'), ('TERM_PROGRAM', 'vscode'), ('GST_V4L2_USE_LIBV4L2', '1'), ('UMS_SIZE', '256M'), ('AMENT_PREFIX_PATH', '/opt/ros/humble'), ('LC_MESSAGES', 'en_US.UTF-8'), ('SHELL', '/bin/bash'), ('UMS_RO', '0'), ('LESSCLOSE', '/usr/bin/lesspipe %s %s'), ('UMS_FSTYPE', 'vfat'), ('VSCODE_GIT_ASKPASS_EXTRA_ARGS', ''), ('PWD', '/home/orangepi/Multitask-Drone/build/drone_interfaces'), ('LC_ALL', 'en_US.UTF-8'), ('SSH_CONNECTION', '192.168.137.1 35290 192.168.137.2 22'), ('PYTHONPATH', '/opt/ros/humble/lib/python3.10/site-packages:/opt/ros/humble/local/lib/python3.10/dist-packages'), ('UMS_MOUNT', '0'), ('COLCON', '1'), ('UMS_FILE', '/userdata/ums_shared.img'), ('CMAKE_PREFIX_PATH', '/opt/ros/humble')]), 'shell': False}
[0.097707] (-) TimerEvent: {}
[0.198805] (-) TimerEvent: {}
[0.238552] (drone_interfaces) StdoutLine: {'line': b'[ 11%] Built target drone_interfaces__rosidl_generator_c\n'}
[0.239688] (drone_interfaces) StdoutLine: {'line': b'[ 12%] Built target drone_interfaces__cpp\n'}
[0.248589] (drone_interfaces) StdoutLine: {'line': b'[ 12%] Built target ament_cmake_python_copy_drone_interfaces\n'}
[0.293908] (drone_interfaces) StdoutLine: {'line': b'[ 24%] Built target drone_interfaces__rosidl_typesupport_fastrtps_cpp\n'}
[0.297489] (drone_interfaces) StdoutLine: {'line': b'[ 35%] Built target drone_interfaces__rosidl_typesupport_introspection_cpp\n'}
[0.299261] (drone_interfaces) StdoutLine: {'line': b'[ 47%] Built target drone_interfaces__rosidl_typesupport_c\n'}
[0.300128] (-) TimerEvent: {}
[0.331378] (drone_interfaces) StdoutLine: {'line': b'[ 58%] Built target drone_interfaces__rosidl_typesupport_introspection_c\n'}
[0.335276] (drone_interfaces) StdoutLine: {'line': b'[ 70%] Built target drone_interfaces__rosidl_typesupport_cpp\n'}
[0.336807] (drone_interfaces) StdoutLine: {'line': b'[ 82%] Built target drone_interfaces__rosidl_typesupport_fastrtps_c\n'}
[0.400447] (-) TimerEvent: {}
[0.413192] (drone_interfaces) StdoutLine: {'line': b'[ 82%] Built target drone_interfaces\n'}
[0.500726] (-) TimerEvent: {}
[0.501916] (drone_interfaces) StdoutLine: {'line': b'[ 83%] Built target drone_interfaces__py\n'}
[0.597818] (drone_interfaces) StdoutLine: {'line': b'[ 93%] Built target drone_interfaces__rosidl_generator_py\n'}
[0.601031] (-) TimerEvent: {}
[0.630125] (drone_interfaces) StdoutLine: {'line': b'running egg_info\n'}
[0.632381] (drone_interfaces) StdoutLine: {'line': b'writing drone_interfaces.egg-info/PKG-INFO\n'}
[0.633254] (drone_interfaces) StdoutLine: {'line': b'writing dependency_links to drone_interfaces.egg-info/dependency_links.txt\n'}
[0.633774] (drone_interfaces) StdoutLine: {'line': b'writing top-level names to drone_interfaces.egg-info/top_level.txt\n'}
[0.638969] (drone_interfaces) StdoutLine: {'line': b"reading manifest file 'drone_interfaces.egg-info/SOURCES.txt'\n"}
[0.640487] (drone_interfaces) StdoutLine: {'line': b"writing manifest file 'drone_interfaces.egg-info/SOURCES.txt'\n"}
[0.673163] (drone_interfaces) StdoutLine: {'line': b'[ 95%] Built target drone_interfaces__rosidl_typesupport_c__pyext\n'}
[0.688408] (drone_interfaces) StdoutLine: {'line': b'[ 97%] Built target drone_interfaces__rosidl_typesupport_fastrtps_c__pyext\n'}
[0.698223] (drone_interfaces) StdoutLine: {'line': b'[100%] Built target drone_interfaces__rosidl_typesupport_introspection_c__pyext\n'}
[0.701146] (-) TimerEvent: {}
[0.737039] (drone_interfaces) StdoutLine: {'line': b'[100%] Built target ament_cmake_python_build_drone_interfaces_egg\n'}
[0.783074] (drone_interfaces) CommandEnded: {'returncode': 0}
[0.786388] (drone_interfaces) JobProgress: {'identifier': 'drone_interfaces', 'progress': 'install'}
[0.801436] (-) TimerEvent: {}
[0.818472] (drone_interfaces) Command: {'cmd': ['/usr/bin/cmake', '--install', '/home/orangepi/Multitask-Drone/build/drone_interfaces'], 'cwd': '/home/orangepi/Multitask-Drone/build/drone_interfaces', 'env': OrderedDict([('LESSOPEN', '| /usr/bin/lesspipe %s'), ('UMS_MOUNTPOINT', '/mnt/ums'), ('GST_V4L2_PREFERRED_FOURCC', 'NV12:YU12:NV16:YUY2'), ('LANGUAGE', 'en_US.UTF-8'), ('USER', 'orangepi'), ('SSH_CLIENT', '192.168.137.1 35290 22'), ('XDG_SESSION_TYPE', 'tty'), ('GIT_ASKPASS', '/home/orangepi/.vscode-server/cli/servers/Stable-fabdb6a30b49f79a7aba0f2ad9df9b399473380f/server/extensions/git/dist/askpass.sh'), ('SHLVL', '2'), ('USB_FUNCS', 'adb'), ('LD_LIBRARY_PATH', '/opt/ros/humble/opt/rviz_ogre_vendor/lib:/opt/ros/humble/lib/aarch64-linux-gnu:/opt/ros/humble/lib'), ('BROWSER', '/home/orangepi/.vscode-server/cli/servers/Stable-fabdb6a30b49f79a7aba0f2ad9df9b399473380f/server/bin/helpers/browser.sh'), ('MOTD_SHOWN', 'pam'), ('HOME', '/home/orangepi'), ('OLDPWD', '/home/orangepi'), ('TERM_PROGRAM_VERSION', '1.96.2'), ('VSCODE_IPC_HOOK_CLI', '/run/user/1000/vscode-ipc-b25b9547-7129-4734-a10c-64fa837cceca.sock'), ('GST_INSPECT_NO_COLORS', '1'), ('GST_MPP_NO_RGA', '1'), ('ROS_PYTHON_VERSION', '3'), ('COGL_DRIVER', 'gles2'), ('VSCODE_GIT_ASKPASS_MAIN', '/home/orangepi/.vscode-server/cli/servers/Stable-fabdb6a30b49f79a7aba0f2ad9df9b399473380f/server/extensions/git/dist/askpass-main.js'), ('VSCODE_GIT_ASKPASS_NODE', '/home/orangepi/.vscode-server/cli/servers/Stable-fabdb6a30b49f79a7aba0f2ad9df9b399473380f/server/node'), ('SSL_CERT_FILE', '/usr/lib/ssl/certs/ca-certificates.crt'), ('DBUS_SESSION_BUS_ADDRESS', 'unix:path=/run/user/1000/bus'), ('COLORTERM', 'truecolor'), ('GST_V4L2SRC_MAX_RESOLUTION', '3840x2160'), ('ROS_DISTRO', 'humble'), ('LOGNAME', 'orangepi'), ('_', '/usr/bin/colcon'), ('ROS_VERSION', '2'), ('XDG_SESSION_CLASS', 'user'), ('TERM', 'xterm-256color'), ('GST_GL_API', 'gles2'), ('XDG_SESSION_ID', '5'), ('GST_VIDEO_CONVERT_PREFERRED_FORMAT', 'NV12:NV16:I420:YUY2'), ('GST_V4L2SRC_RK_DEVICES', '_mainpath:_selfpath:_bypass:_scale'), ('ROS_LOCALHOST_ONLY', '0'), ('PATH', '/home/orangepi/.vscode-server/cli/servers/Stable-fabdb6a30b49f79a7aba0f2ad9df9b399473380f/server/bin/remote-cli:/home/orangepi/.local/bin:/opt/ros/humble/bin:/usr/local/sbin:/usr/local/bin:/usr/sbin:/usr/bin:/sbin:/bin:/usr/games:/usr/local/games:/snap/bin'), ('XDG_RUNTIME_DIR', '/run/user/1000'), ('GST_GL_PLATFORM', 'egl'), ('GST_DEBUG_NO_COLOR', '1'), ('SSL_CERT_DIR', '/usr/lib/ssl/certs'), ('GST_V4L2SRC_DEFAULT_DEVICE', '/dev/video-camera0'), ('DISPLAY', ':0'), ('LANG', 'en_US.UTF-8'), ('LS_COLORS', 'rs=0:di=01;34:ln=01;36:mh=00:pi=40;33:so=01;35:do=01;35:bd=40;33;01:cd=40;33;01:or=40;31;01:mi=00:su=37;41:sg=30;43:ca=30;41:tw=30;42:ow=34;42:st=37;44:ex=01;32:*.tar=01;31:*.tgz=01;31:*.arc=01;31:*.arj=01;31:*.taz=01;31:*.lha=01;31:*.lz4=01;31:*.lzh=01;31:*.lzma=01;31:*.tlz=01;31:*.txz=01;31:*.tzo=01;31:*.t7z=01;31:*.zip=01;31:*.z=01;31:*.dz=01;31:*.gz=01;31:*.lrz=01;31:*.lz=01;31:*.lzo=01;31:*.xz=01;31:*.zst=01;31:*.tzst=01;31:*.bz2=01;31:*.bz=01;31:*.tbz=01;31:*.tbz2=01;31:*.tz=01;31:*.deb=01;31:*.rpm=01;31:*.jar=01;31:*.war=01;31:*.ear=01;31:*.sar=01;31:*.rar=01;31:*.alz=01;31:*.ace=01;31:*.zoo=01;31:*.cpio=01;31:*.7z=01;31:*.rz=01;31:*.cab=01;31:*.wim=01;31:*.swm=01;31:*.dwm=01;31:*.esd=01;31:*.jpg=01;35:*.jpeg=01;35:*.mjpg=01;35:*.mjpeg=01;35:*.gif=01;35:*.bmp=01;35:*.pbm=01;35:*.pgm=01;35:*.ppm=01;35:*.tga=01;35:*.xbm=01;35:*.xpm=01;35:*.tif=01;35:*.tiff=01;35:*.png=01;35:*.svg=01;35:*.svgz=01;35:*.mng=01;35:*.pcx=01;35:*.mov=01;35:*.mpg=01;35:*.mpeg=01;35:*.m2v=01;35:*.mkv=01;35:*.webm=01;35:*.webp=01;35:*.ogm=01;35:*.mp4=01;35:*.m4v=01;35:*.mp4v=01;35:*.vob=01;35:*.qt=01;35:*.nuv=01;35:*.wmv=01;35:*.asf=01;35:*.rm=01;35:*.rmvb=01;35:*.flc=01;35:*.avi=01;35:*.fli=01;35:*.flv=01;35:*.gl=01;35:*.dl=01;35:*.xcf=01;35:*.xwd=01;35:*.yuv=01;35:*.cgm=01;35:*.emf=01;35:*.ogv=01;35:*.ogx=01;35:*.aac=00;36:*.au=00;36:*.flac=00;36:*.m4a=00;36:*.mid=00;36:*.midi=00;36:*.mka=00;36:*.mp3=00;36:*.mpc=00;36:*.ogg=00;36:*.ra=00;36:*.wav=00;36:*.oga=00;36:*.opus=00;36:*.spx=00;36:*.xspf=00;36:'), ('VSCODE_GIT_IPC_HANDLE', '/run/user/1000/vscode-git-d88bdced48.sock'), ('TERM_PROGRAM', 'vscode'), ('GST_V4L2_USE_LIBV4L2', '1'), ('UMS_SIZE', '256M'), ('AMENT_PREFIX_PATH', '/opt/ros/humble'), ('LC_MESSAGES', 'en_US.UTF-8'), ('SHELL', '/bin/bash'), ('UMS_RO', '0'), ('LESSCLOSE', '/usr/bin/lesspipe %s %s'), ('UMS_FSTYPE', 'vfat'), ('VSCODE_GIT_ASKPASS_EXTRA_ARGS', ''), ('PWD', '/home/orangepi/Multitask-Drone/build/drone_interfaces'), ('LC_ALL', 'en_US.UTF-8'), ('SSH_CONNECTION', '192.168.137.1 35290 192.168.137.2 22'), ('PYTHONPATH', '/opt/ros/humble/lib/python3.10/site-packages:/opt/ros/humble/local/lib/python3.10/dist-packages'), ('UMS_MOUNT', '0'), ('COLCON', '1'), ('UMS_FILE', '/userdata/ums_shared.img'), ('CMAKE_PREFIX_PATH', '/opt/ros/humble')]), 'shell': False}
[0.852859] (drone_interfaces) StdoutLine: {'line': b'-- Install configuration: ""\n'}
[0.853985] (drone_interfaces) StdoutLine: {'line': b'-- Up-to-date: /home/orangepi/Multitask-Drone/install/drone_interfaces/share/ament_index/resource_index/rosidl_interfaces/drone_interfaces\n'}
[0.854852] (drone_interfaces) StdoutLine: {'line': b'-- Up-to-date: /home/orangepi/Multitask-Drone/install/drone_interfaces/include/drone_interfaces/drone_interfaces\n'}
[0.855459] (drone_interfaces) StdoutLine: {'line': b'-- Up-to-date: /home/orangepi/Multitask-Drone/install/drone_interfaces/include/drone_interfaces/drone_interfaces/srv\n'}
[0.856056] (drone_interfaces) StdoutLine: {'line': b'-- Up-to-date: /home/orangepi/Multitask-Drone/install/drone_interfaces/include/drone_interfaces/drone_interfaces/srv/yolo_request.h\n'}
[0.856664] (drone_interfaces) StdoutLine: {'line': b'-- Up-to-date: /home/orangepi/Multitask-Drone/install/drone_interfaces/include/drone_interfaces/drone_interfaces/srv/detail\n'}
[0.857730] (drone_interfaces) StdoutLine: {'line': b'-- Up-to-date: /home/orangepi/Multitask-Drone/install/drone_interfaces/include/drone_interfaces/drone_interfaces/srv/detail/task_dispatch__functions.c\n'}
[0.858425] (drone_interfaces) StdoutLine: {'line': b'-- Up-to-date: /home/orangepi/Multitask-Drone/install/drone_interfaces/include/drone_interfaces/drone_interfaces/srv/detail/yolo_request__functions.c\n'}
[0.859451] (drone_interfaces) StdoutLine: {'line': b'-- Up-to-date: /home/orangepi/Multitask-Drone/install/drone_interfaces/include/drone_interfaces/drone_interfaces/srv/detail/yolo_request__type_support.h\n'}
[0.860011] (drone_interfaces) StdoutLine: {'line': b'-- Up-to-date: /home/orangepi/Multitask-Drone/install/drone_interfaces/include/drone_interfaces/drone_interfaces/srv/detail/task_push__functions.c\n'}
[0.861155] (drone_interfaces) StdoutLine: {'line': b'-- Up-to-date: /home/orangepi/Multitask-Drone/install/drone_interfaces/include/drone_interfaces/drone_interfaces/srv/detail/task_push__struct.h\n'}
[0.861596] (drone_interfaces) StdoutLine: {'line': b'-- Up-to-date: /home/orangepi/Multitask-Drone/install/drone_interfaces/include/drone_interfaces/drone_interfaces/srv/detail/task_dispatch__struct.h\n'}
[0.862187] (drone_interfaces) StdoutLine: {'line': b'-- Up-to-date: /home/orangepi/Multitask-Drone/install/drone_interfaces/include/drone_interfaces/drone_interfaces/srv/detail/task_push__functions.h\n'}
[0.863120] (drone_interfaces) StdoutLine: {'line': b'-- Up-to-date: /home/orangepi/Multitask-Drone/install/drone_interfaces/include/drone_interfaces/drone_interfaces/srv/detail/yolo_request__functions.h\n'}
[0.864272] (drone_interfaces) StdoutLine: {'line': b'-- Up-to-date: /home/orangepi/Multitask-Drone/install/drone_interfaces/include/drone_interfaces/drone_interfaces/srv/detail/task_dispatch__type_support.h\n'}
[0.865266] (drone_interfaces) StdoutLine: {'line': b'-- Up-to-date: /home/orangepi/Multitask-Drone/install/drone_interfaces/include/drone_interfaces/drone_interfaces/srv/detail/task_dispatch__functions.h\n'}
[0.866577] (drone_interfaces) StdoutLine: {'line': b'-- Up-to-date: /home/orangepi/Multitask-Drone/install/drone_interfaces/include/drone_interfaces/drone_interfaces/srv/detail/yolo_request__struct.h\n'}
[0.867040] (drone_interfaces) StdoutLine: {'line': b'-- Up-to-date: /home/orangepi/Multitask-Drone/install/drone_interfaces/include/drone_interfaces/drone_interfaces/srv/detail/task_push__type_support.h\n'}
[0.867678] (drone_interfaces) StdoutLine: {'line': b'-- Up-to-date: /home/orangepi/Multitask-Drone/install/drone_interfaces/include/drone_interfaces/drone_interfaces/srv/task_push.h\n'}
[0.868167] (drone_interfaces) StdoutLine: {'line': b'-- Up-to-date: /home/orangepi/Multitask-Drone/install/drone_interfaces/include/drone_interfaces/drone_interfaces/srv/task_dispatch.h\n'}
[0.869972] (drone_interfaces) StdoutLine: {'line': b'-- Up-to-date: /home/orangepi/Multitask-Drone/install/drone_interfaces/include/drone_interfaces/drone_interfaces/action\n'}
[0.870431] (drone_interfaces) StdoutLine: {'line': b'-- Up-to-date: /home/orangepi/Multitask-Drone/install/drone_interfaces/include/drone_interfaces/drone_interfaces/action/detail\n'}
[0.870807] (drone_interfaces) StdoutLine: {'line': b'-- Up-to-date: /home/orangepi/Multitask-Drone/install/drone_interfaces/include/drone_interfaces/drone_interfaces/action/detail/execute_waypoint__type_support.h\n'}
[0.871181] (drone_interfaces) StdoutLine: {'line': b'-- Up-to-date: /home/orangepi/Multitask-Drone/install/drone_interfaces/include/drone_interfaces/drone_interfaces/action/detail/execute_waypoint__struct.h\n'}
[0.871555] (drone_interfaces) StdoutLine: {'line': b'-- Up-to-date: /home/orangepi/Multitask-Drone/install/drone_interfaces/include/drone_interfaces/drone_interfaces/action/detail/execute_waypoint__functions.h\n'}
[0.871930] (drone_interfaces) StdoutLine: {'line': b'-- Up-to-date: /home/orangepi/Multitask-Drone/install/drone_interfaces/include/drone_interfaces/drone_interfaces/action/detail/execute_waypoint__functions.c\n'}
[0.872304] (drone_interfaces) StdoutLine: {'line': b'-- Up-to-date: /home/orangepi/Multitask-Drone/install/drone_interfaces/include/drone_interfaces/drone_interfaces/action/execute_waypoint.h\n'}
[0.872715] (drone_interfaces) StdoutLine: {'line': b'-- Up-to-date: /home/orangepi/Multitask-Drone/install/drone_interfaces/include/drone_interfaces/drone_interfaces/msg\n'}
[0.873101] (drone_interfaces) StdoutLine: {'line': b'-- Up-to-date: /home/orangepi/Multitask-Drone/install/drone_interfaces/include/drone_interfaces/drone_interfaces/msg/rosidl_generator_c__visibility_control.h\n'}
[0.873477] (drone_interfaces) StdoutLine: {'line': b'-- Up-to-date: /home/orangepi/Multitask-Drone/install/drone_interfaces/include/drone_interfaces/drone_interfaces/msg/panel_box.h\n'}
[0.873849] (drone_interfaces) StdoutLine: {'line': b'-- Up-to-date: /home/orangepi/Multitask-Drone/install/drone_interfaces/include/drone_interfaces/drone_interfaces/msg/detail\n'}
[0.874223] (drone_interfaces) StdoutLine: {'line': b'-- Up-to-date: /home/orangepi/Multitask-Drone/install/drone_interfaces/include/drone_interfaces/drone_interfaces/msg/detail/panel_box__functions.c\n'}
[0.874598] (drone_interfaces) StdoutLine: {'line': b'-- Up-to-date: /home/orangepi/Multitask-Drone/install/drone_interfaces/include/drone_interfaces/drone_interfaces/msg/detail/task_state__type_support.h\n'}
[0.874972] (drone_interfaces) StdoutLine: {'line': b'-- Up-to-date: /home/orangepi/Multitask-Drone/install/drone_interfaces/include/drone_interfaces/drone_interfaces/msg/detail/yaw__functions.c\n'}
[0.875345] (drone_interfaces) StdoutLine: {'line': b'-- Up-to-date: /home/orangepi/Multitask-Drone/install/drone_interfaces/include/drone_interfaces/drone_interfaces/msg/detail/task__struct.h\n'}
[0.875760] (drone_interfaces) StdoutLine: {'line': b'-- Up-to-date: /home/orangepi/Multitask-Drone/install/drone_interfaces/include/drone_interfaces/drone_interfaces/msg/detail/task_state__struct.h\n'}
[0.876173] (drone_interfaces) StdoutLine: {'line': b'-- Up-to-date: /home/orangepi/Multitask-Drone/install/drone_interfaces/include/drone_interfaces/drone_interfaces/msg/detail/yaw__type_support.h\n'}
[0.876553] (drone_interfaces) StdoutLine: {'line': b'-- Up-to-date: /home/orangepi/Multitask-Drone/install/drone_interfaces/include/drone_interfaces/drone_interfaces/msg/detail/task_state__functions.h\n'}
[0.876926] (drone_interfaces) StdoutLine: {'line': b'-- Up-to-date: /home/orangepi/Multitask-Drone/install/drone_interfaces/include/drone_interfaces/drone_interfaces/msg/detail/panel_box__struct.h\n'}
[0.877300] (drone_interfaces) StdoutLine: {'line': b'-- Up-to-date: /home/orangepi/Multitask-Drone/install/drone_interfaces/include/drone_interfaces/drone_interfaces/msg/detail/raw_waypoint__functions.h\n'}
[0.877675] (drone_interfaces) StdoutLine: {'line': b'-- Up-to-date: /home/orangepi/Multitask-Drone/install/drone_interfaces/include/drone_interfaces/drone_interfaces/msg/detail/raw_waypoint__type_support.h\n'}
[0.878094] (drone_interfaces) StdoutLine: {'line': b'-- Up-to-date: /home/orangepi/Multitask-Drone/install/drone_interfaces/include/drone_interfaces/drone_interfaces/msg/detail/yaw__struct.h\n'}
[0.878468] (drone_interfaces) StdoutLine: {'line': b'-- Up-to-date: /home/orangepi/Multitask-Drone/install/drone_interfaces/include/drone_interfaces/drone_interfaces/msg/detail/task__functions.c\n'}
[0.878841] (drone_interfaces) StdoutLine: {'line': b'-- Up-to-date: /home/orangepi/Multitask-Drone/install/drone_interfaces/include/drone_interfaces/drone_interfaces/msg/detail/yaw__functions.h\n'}
[0.879239] (drone_interfaces) StdoutLine: {'line': b'-- Up-to-date: /home/orangepi/Multitask-Drone/install/drone_interfaces/include/drone_interfaces/drone_interfaces/msg/detail/panel_box__type_support.h\n'}
[0.879629] (drone_interfaces) StdoutLine: {'line': b'-- Up-to-date: /home/orangepi/Multitask-Drone/install/drone_interfaces/include/drone_interfaces/drone_interfaces/msg/detail/task_state__functions.c\n'}
[0.880002] (drone_interfaces) StdoutLine: {'line': b'-- Up-to-date: /home/orangepi/Multitask-Drone/install/drone_interfaces/include/drone_interfaces/drone_interfaces/msg/detail/task__type_support.h\n'}
[0.880376] (drone_interfaces) StdoutLine: {'line': b'-- Up-to-date: /home/orangepi/Multitask-Drone/install/drone_interfaces/include/drone_interfaces/drone_interfaces/msg/detail/task__functions.h\n'}
[0.880748] (drone_interfaces) StdoutLine: {'line': b'-- Up-to-date: /home/orangepi/Multitask-Drone/install/drone_interfaces/include/drone_interfaces/drone_interfaces/msg/detail/panel_box__functions.h\n'}
[0.881120] (drone_interfaces) StdoutLine: {'line': b'-- Up-to-date: /home/orangepi/Multitask-Drone/install/drone_interfaces/include/drone_interfaces/drone_interfaces/msg/detail/raw_waypoint__functions.c\n'}
[0.881563] (drone_interfaces) StdoutLine: {'line': b'-- Up-to-date: /home/orangepi/Multitask-Drone/install/drone_interfaces/include/drone_interfaces/drone_interfaces/msg/detail/raw_waypoint__struct.h\n'}
[0.881937] (drone_interfaces) StdoutLine: {'line': b'-- Up-to-date: /home/orangepi/Multitask-Drone/install/drone_interfaces/include/drone_interfaces/drone_interfaces/msg/raw_waypoint.h\n'}
[0.882314] (drone_interfaces) StdoutLine: {'line': b'-- Up-to-date: /home/orangepi/Multitask-Drone/install/drone_interfaces/include/drone_interfaces/drone_interfaces/msg/yaw.h\n'}
[0.882717] (drone_interfaces) StdoutLine: {'line': b'-- Up-to-date: /home/orangepi/Multitask-Drone/install/drone_interfaces/include/drone_interfaces/drone_interfaces/msg/task.h\n'}
[0.883101] (drone_interfaces) StdoutLine: {'line': b'-- Up-to-date: /home/orangepi/Multitask-Drone/install/drone_interfaces/include/drone_interfaces/drone_interfaces/msg/task_state.h\n'}
[0.883477] (drone_interfaces) StdoutLine: {'line': b'-- Up-to-date: /home/orangepi/Multitask-Drone/install/drone_interfaces/share/drone_interfaces/environment/library_path.sh\n'}
[0.883880] (drone_interfaces) StdoutLine: {'line': b'-- Up-to-date: /home/orangepi/Multitask-Drone/install/drone_interfaces/share/drone_interfaces/environment/library_path.dsv\n'}
[0.884256] (drone_interfaces) StdoutLine: {'line': b'-- Up-to-date: /home/orangepi/Multitask-Drone/install/drone_interfaces/lib/libdrone_interfaces__rosidl_generator_c.so\n'}
[0.884633] (drone_interfaces) StdoutLine: {'line': b'-- Up-to-date: /home/orangepi/Multitask-Drone/install/drone_interfaces/include/drone_interfaces/drone_interfaces\n'}
[0.885007] (drone_interfaces) StdoutLine: {'line': b'-- Up-to-date: /home/orangepi/Multitask-Drone/install/drone_interfaces/include/drone_interfaces/drone_interfaces/srv\n'}
[0.885380] (drone_interfaces) StdoutLine: {'line': b'-- Up-to-date: /home/orangepi/Multitask-Drone/install/drone_interfaces/include/drone_interfaces/drone_interfaces/srv/detail\n'}
[0.885753] (drone_interfaces) StdoutLine: {'line': b'-- Up-to-date: /home/orangepi/Multitask-Drone/install/drone_interfaces/include/drone_interfaces/drone_interfaces/srv/detail/task_dispatch__rosidl_typesupport_fastrtps_c.h\n'}
[0.886177] (drone_interfaces) StdoutLine: {'line': b'-- Up-to-date: /home/orangepi/Multitask-Drone/install/drone_interfaces/include/drone_interfaces/drone_interfaces/srv/detail/task_push__rosidl_typesupport_fastrtps_c.h\n'}
[0.886560] (drone_interfaces) StdoutLine: {'line': b'-- Up-to-date: /home/orangepi/Multitask-Drone/install/drone_interfaces/include/drone_interfaces/drone_interfaces/srv/detail/yolo_request__rosidl_typesupport_fastrtps_c.h\n'}
[0.886934] (drone_interfaces) StdoutLine: {'line': b'-- Up-to-date: /home/orangepi/Multitask-Drone/install/drone_interfaces/include/drone_interfaces/drone_interfaces/action\n'}
[0.887309] (drone_interfaces) StdoutLine: {'line': b'-- Up-to-date: /home/orangepi/Multitask-Drone/install/drone_interfaces/include/drone_interfaces/drone_interfaces/action/detail\n'}
[0.887683] (drone_interfaces) StdoutLine: {'line': b'-- Up-to-date: /home/orangepi/Multitask-Drone/install/drone_interfaces/include/drone_interfaces/drone_interfaces/action/detail/execute_waypoint__rosidl_typesupport_fastrtps_c.h\n'}
[0.888059] (drone_interfaces) StdoutLine: {'line': b'-- Up-to-date: /home/orangepi/Multitask-Drone/install/drone_interfaces/include/drone_interfaces/drone_interfaces/msg\n'}
[0.888434] (drone_interfaces) StdoutLine: {'line': b'-- Up-to-date: /home/orangepi/Multitask-Drone/install/drone_interfaces/include/drone_interfaces/drone_interfaces/msg/detail\n'}
[0.888851] (drone_interfaces) StdoutLine: {'line': b'-- Up-to-date: /home/orangepi/Multitask-Drone/install/drone_interfaces/include/drone_interfaces/drone_interfaces/msg/detail/raw_waypoint__rosidl_typesupport_fastrtps_c.h\n'}
[0.889304] (drone_interfaces) StdoutLine: {'line': b'-- Up-to-date: /home/orangepi/Multitask-Drone/install/drone_interfaces/include/drone_interfaces/drone_interfaces/msg/detail/task_state__rosidl_typesupport_fastrtps_c.h\n'}
[0.889703] (drone_interfaces) StdoutLine: {'line': b'-- Up-to-date: /home/orangepi/Multitask-Drone/install/drone_interfaces/include/drone_interfaces/drone_interfaces/msg/detail/task__rosidl_typesupport_fastrtps_c.h\n'}
[0.890082] (drone_interfaces) StdoutLine: {'line': b'-- Up-to-date: /home/orangepi/Multitask-Drone/install/drone_interfaces/include/drone_interfaces/drone_interfaces/msg/detail/yaw__rosidl_typesupport_fastrtps_c.h\n'}
[0.890457] (drone_interfaces) StdoutLine: {'line': b'-- Up-to-date: /home/orangepi/Multitask-Drone/install/drone_interfaces/include/drone_interfaces/drone_interfaces/msg/detail/panel_box__rosidl_typesupport_fastrtps_c.h\n'}
[0.890832] (drone_interfaces) StdoutLine: {'line': b'-- Up-to-date: /home/orangepi/Multitask-Drone/install/drone_interfaces/include/drone_interfaces/drone_interfaces/msg/rosidl_typesupport_fastrtps_c__visibility_control.h\n'}
[0.891209] (drone_interfaces) StdoutLine: {'line': b'-- Up-to-date: /home/orangepi/Multitask-Drone/install/drone_interfaces/lib/libdrone_interfaces__rosidl_typesupport_fastrtps_c.so\n'}
[0.891632] (drone_interfaces) StdoutLine: {'line': b'-- Up-to-date: /home/orangepi/Multitask-Drone/install/drone_interfaces/include/drone_interfaces/drone_interfaces\n'}
[0.892006] (drone_interfaces) StdoutLine: {'line': b'-- Up-to-date: /home/orangepi/Multitask-Drone/install/drone_interfaces/include/drone_interfaces/drone_interfaces/srv\n'}
[0.892381] (drone_interfaces) StdoutLine: {'line': b'-- Up-to-date: /home/orangepi/Multitask-Drone/install/drone_interfaces/include/drone_interfaces/drone_interfaces/srv/detail\n'}
[0.892870] (drone_interfaces) StdoutLine: {'line': b'-- Up-to-date: /home/orangepi/Multitask-Drone/install/drone_interfaces/include/drone_interfaces/drone_interfaces/srv/detail/yolo_request__rosidl_typesupport_introspection_c.h\n'}
[0.893249] (drone_interfaces) StdoutLine: {'line': b'-- Up-to-date: /home/orangepi/Multitask-Drone/install/drone_interfaces/include/drone_interfaces/drone_interfaces/srv/detail/task_push__type_support.c\n'}
[0.893626] (drone_interfaces) StdoutLine: {'line': b'-- Up-to-date: /home/orangepi/Multitask-Drone/install/drone_interfaces/include/drone_interfaces/drone_interfaces/srv/detail/yolo_request__type_support.c\n'}
[0.894002] (drone_interfaces) StdoutLine: {'line': b'-- Up-to-date: /home/orangepi/Multitask-Drone/install/drone_interfaces/include/drone_interfaces/drone_interfaces/srv/detail/task_push__rosidl_typesupport_introspection_c.h\n'}
[0.894376] (drone_interfaces) StdoutLine: {'line': b'-- Up-to-date: /home/orangepi/Multitask-Drone/install/drone_interfaces/include/drone_interfaces/drone_interfaces/srv/detail/task_dispatch__type_support.c\n'}
[0.894755] (drone_interfaces) StdoutLine: {'line': b'-- Up-to-date: /home/orangepi/Multitask-Drone/install/drone_interfaces/include/drone_interfaces/drone_interfaces/srv/detail/task_dispatch__rosidl_typesupport_introspection_c.h\n'}
[0.895132] (drone_interfaces) StdoutLine: {'line': b'-- Up-to-date: /home/orangepi/Multitask-Drone/install/drone_interfaces/include/drone_interfaces/drone_interfaces/action\n'}
[0.895506] (drone_interfaces) StdoutLine: {'line': b'-- Up-to-date: /home/orangepi/Multitask-Drone/install/drone_interfaces/include/drone_interfaces/drone_interfaces/action/detail\n'}
[0.895907] (drone_interfaces) StdoutLine: {'line': b'-- Up-to-date: /home/orangepi/Multitask-Drone/install/drone_interfaces/include/drone_interfaces/drone_interfaces/action/detail/execute_waypoint__type_support.c\n'}
[0.896303] (drone_interfaces) StdoutLine: {'line': b'-- Up-to-date: /home/orangepi/Multitask-Drone/install/drone_interfaces/include/drone_interfaces/drone_interfaces/action/detail/execute_waypoint__rosidl_typesupport_introspection_c.h\n'}
[0.896679] (drone_interfaces) StdoutLine: {'line': b'-- Up-to-date: /home/orangepi/Multitask-Drone/install/drone_interfaces/include/drone_interfaces/drone_interfaces/msg\n'}
[0.897051] (drone_interfaces) StdoutLine: {'line': b'-- Up-to-date: /home/orangepi/Multitask-Drone/install/drone_interfaces/include/drone_interfaces/drone_interfaces/msg/detail\n'}
[0.897424] (drone_interfaces) StdoutLine: {'line': b'-- Up-to-date: /home/orangepi/Multitask-Drone/install/drone_interfaces/include/drone_interfaces/drone_interfaces/msg/detail/yaw__type_support.c\n'}
[0.897799] (drone_interfaces) StdoutLine: {'line': b'-- Up-to-date: /home/orangepi/Multitask-Drone/install/drone_interfaces/include/drone_interfaces/drone_interfaces/msg/detail/raw_waypoint__type_support.c\n'}
[0.898174] (drone_interfaces) StdoutLine: {'line': b'-- Up-to-date: /home/orangepi/Multitask-Drone/install/drone_interfaces/include/drone_interfaces/drone_interfaces/msg/detail/task__rosidl_typesupport_introspection_c.h\n'}
[0.898554] (drone_interfaces) StdoutLine: {'line': b'-- Up-to-date: /home/orangepi/Multitask-Drone/install/drone_interfaces/include/drone_interfaces/drone_interfaces/msg/detail/task_state__type_support.c\n'}
[0.898987] (drone_interfaces) StdoutLine: {'line': b'-- Up-to-date: /home/orangepi/Multitask-Drone/install/drone_interfaces/include/drone_interfaces/drone_interfaces/msg/detail/raw_waypoint__rosidl_typesupport_introspection_c.h\n'}
[0.899437] (drone_interfaces) StdoutLine: {'line': b'-- Up-to-date: /home/orangepi/Multitask-Drone/install/drone_interfaces/include/drone_interfaces/drone_interfaces/msg/detail/task__type_support.c\n'}
[0.899826] (drone_interfaces) StdoutLine: {'line': b'-- Up-to-date: /home/orangepi/Multitask-Drone/install/drone_interfaces/include/drone_interfaces/drone_interfaces/msg/detail/yaw__rosidl_typesupport_introspection_c.h\n'}
[0.900204] (drone_interfaces) StdoutLine: {'line': b'-- Up-to-date: /home/orangepi/Multitask-Drone/install/drone_interfaces/include/drone_interfaces/drone_interfaces/msg/detail/task_state__rosidl_typesupport_introspection_c.h\n'}
[0.900581] (drone_interfaces) StdoutLine: {'line': b'-- Up-to-date: /home/orangepi/Multitask-Drone/install/drone_interfaces/include/drone_interfaces/drone_interfaces/msg/detail/panel_box__type_support.c\n'}
[0.900965] (drone_interfaces) StdoutLine: {'line': b'-- Up-to-date: /home/orangepi/Multitask-Drone/install/drone_interfaces/include/drone_interfaces/drone_interfaces/msg/detail/panel_box__rosidl_typesupport_introspection_c.h\n'}
[0.901344] (drone_interfaces) StdoutLine: {'line': b'-- Up-to-date: /home/orangepi/Multitask-Drone/install/drone_interfaces/include/drone_interfaces/drone_interfaces/msg/rosidl_typesupport_introspection_c__visibility_control.h\n'}
[0.901704] (-) TimerEvent: {}
[0.902230] (drone_interfaces) StdoutLine: {'line': b'-- Up-to-date: /home/orangepi/Multitask-Drone/install/drone_interfaces/lib/libdrone_interfaces__rosidl_typesupport_introspection_c.so\n'}
[0.902672] (drone_interfaces) StdoutLine: {'line': b'-- Up-to-date: /home/orangepi/Multitask-Drone/install/drone_interfaces/lib/libdrone_interfaces__rosidl_typesupport_c.so\n'}
[0.903075] (drone_interfaces) StdoutLine: {'line': b'-- Up-to-date: /home/orangepi/Multitask-Drone/install/drone_interfaces/include/drone_interfaces/drone_interfaces\n'}
[0.903459] (drone_interfaces) StdoutLine: {'line': b'-- Up-to-date: /home/orangepi/Multitask-Drone/install/drone_interfaces/include/drone_interfaces/drone_interfaces/srv\n'}
[0.903942] (drone_interfaces) StdoutLine: {'line': b'-- Up-to-date: /home/orangepi/Multitask-Drone/install/drone_interfaces/include/drone_interfaces/drone_interfaces/srv/task_dispatch.hpp\n'}
[0.904323] (drone_interfaces) StdoutLine: {'line': b'-- Up-to-date: /home/orangepi/Multitask-Drone/install/drone_interfaces/include/drone_interfaces/drone_interfaces/srv/detail\n'}
[0.904708] (drone_interfaces) StdoutLine: {'line': b'-- Up-to-date: /home/orangepi/Multitask-Drone/install/drone_interfaces/include/drone_interfaces/drone_interfaces/srv/detail/task_dispatch__builder.hpp\n'}
[0.905094] (drone_interfaces) StdoutLine: {'line': b'-- Up-to-date: /home/orangepi/Multitask-Drone/install/drone_interfaces/include/drone_interfaces/drone_interfaces/srv/detail/yolo_request__traits.hpp\n'}
[0.905477] (drone_interfaces) StdoutLine: {'line': b'-- Up-to-date: /home/orangepi/Multitask-Drone/install/drone_interfaces/include/drone_interfaces/drone_interfaces/srv/detail/task_dispatch__struct.hpp\n'}
[0.905898] (drone_interfaces) StdoutLine: {'line': b'-- Up-to-date: /home/orangepi/Multitask-Drone/install/drone_interfaces/include/drone_interfaces/drone_interfaces/srv/detail/task_dispatch__type_support.hpp\n'}
[0.906306] (drone_interfaces) StdoutLine: {'line': b'-- Up-to-date: /home/orangepi/Multitask-Drone/install/drone_interfaces/include/drone_interfaces/drone_interfaces/srv/detail/yolo_request__type_support.hpp\n'}
[0.906690] (drone_interfaces) StdoutLine: {'line': b'-- Up-to-date: /home/orangepi/Multitask-Drone/install/drone_interfaces/include/drone_interfaces/drone_interfaces/srv/detail/task_push__traits.hpp\n'}
[0.907072] (drone_interfaces) StdoutLine: {'line': b'-- Up-to-date: /home/orangepi/Multitask-Drone/install/drone_interfaces/include/drone_interfaces/drone_interfaces/srv/detail/task_dispatch__traits.hpp\n'}
[0.907464] (drone_interfaces) StdoutLine: {'line': b'-- Up-to-date: /home/orangepi/Multitask-Drone/install/drone_interfaces/include/drone_interfaces/drone_interfaces/srv/detail/yolo_request__struct.hpp\n'}
[0.907919] (drone_interfaces) StdoutLine: {'line': b'-- Up-to-date: /home/orangepi/Multitask-Drone/install/drone_interfaces/include/drone_interfaces/drone_interfaces/srv/detail/yolo_request__builder.hpp\n'}
[0.908307] (drone_interfaces) StdoutLine: {'line': b'-- Up-to-date: /home/orangepi/Multitask-Drone/install/drone_interfaces/include/drone_interfaces/drone_interfaces/srv/detail/task_push__struct.hpp\n'}
[0.908691] (drone_interfaces) StdoutLine: {'line': b'-- Up-to-date: /home/orangepi/Multitask-Drone/install/drone_interfaces/include/drone_interfaces/drone_interfaces/srv/detail/task_push__type_support.hpp\n'}
[0.909079] (drone_interfaces) StdoutLine: {'line': b'-- Up-to-date: /home/orangepi/Multitask-Drone/install/drone_interfaces/include/drone_interfaces/drone_interfaces/srv/detail/task_push__builder.hpp\n'}
[0.909435] (drone_interfaces) StdoutLine: {'line': b'-- Up-to-date: /home/orangepi/Multitask-Drone/install/drone_interfaces/include/drone_interfaces/drone_interfaces/srv/yolo_request.hpp\n'}
[0.909589] (drone_interfaces) StdoutLine: {'line': b'-- Up-to-date: /home/orangepi/Multitask-Drone/install/drone_interfaces/include/drone_interfaces/drone_interfaces/srv/task_push.hpp\n'}
[0.909683] (drone_interfaces) StdoutLine: {'line': b'-- Up-to-date: /home/orangepi/Multitask-Drone/install/drone_interfaces/include/drone_interfaces/drone_interfaces/action\n'}
[0.909769] (drone_interfaces) StdoutLine: {'line': b'-- Up-to-date: /home/orangepi/Multitask-Drone/install/drone_interfaces/include/drone_interfaces/drone_interfaces/action/detail\n'}
[0.909850] (drone_interfaces) StdoutLine: {'line': b'-- Up-to-date: /home/orangepi/Multitask-Drone/install/drone_interfaces/include/drone_interfaces/drone_interfaces/action/detail/execute_waypoint__type_support.hpp\n'}
[0.909932] (drone_interfaces) StdoutLine: {'line': b'-- Up-to-date: /home/orangepi/Multitask-Drone/install/drone_interfaces/include/drone_interfaces/drone_interfaces/action/detail/execute_waypoint__builder.hpp\n'}
[0.910012] (drone_interfaces) StdoutLine: {'line': b'-- Up-to-date: /home/orangepi/Multitask-Drone/install/drone_interfaces/include/drone_interfaces/drone_interfaces/action/detail/execute_waypoint__struct.hpp\n'}
[0.910089] (drone_interfaces) StdoutLine: {'line': b'-- Up-to-date: /home/orangepi/Multitask-Drone/install/drone_interfaces/include/drone_interfaces/drone_interfaces/action/detail/execute_waypoint__traits.hpp\n'}
[0.910166] (drone_interfaces) StdoutLine: {'line': b'-- Up-to-date: /home/orangepi/Multitask-Drone/install/drone_interfaces/include/drone_interfaces/drone_interfaces/action/execute_waypoint.hpp\n'}
[0.910245] (drone_interfaces) StdoutLine: {'line': b'-- Up-to-date: /home/orangepi/Multitask-Drone/install/drone_interfaces/include/drone_interfaces/drone_interfaces/msg\n'}
[0.910322] (drone_interfaces) StdoutLine: {'line': b'-- Up-to-date: /home/orangepi/Multitask-Drone/install/drone_interfaces/include/drone_interfaces/drone_interfaces/msg/detail\n'}
[0.910398] (drone_interfaces) StdoutLine: {'line': b'-- Up-to-date: /home/orangepi/Multitask-Drone/install/drone_interfaces/include/drone_interfaces/drone_interfaces/msg/detail/yaw__traits.hpp\n'}
[0.910477] (drone_interfaces) StdoutLine: {'line': b'-- Up-to-date: /home/orangepi/Multitask-Drone/install/drone_interfaces/include/drone_interfaces/drone_interfaces/msg/detail/task_state__type_support.hpp\n'}
[0.910556] (drone_interfaces) StdoutLine: {'line': b'-- Up-to-date: /home/orangepi/Multitask-Drone/install/drone_interfaces/include/drone_interfaces/drone_interfaces/msg/detail/task__builder.hpp\n'}
[0.910635] (drone_interfaces) StdoutLine: {'line': b'-- Up-to-date: /home/orangepi/Multitask-Drone/install/drone_interfaces/include/drone_interfaces/drone_interfaces/msg/detail/task_state__struct.hpp\n'}
[0.910749] (drone_interfaces) StdoutLine: {'line': b'-- Up-to-date: /home/orangepi/Multitask-Drone/install/drone_interfaces/include/drone_interfaces/drone_interfaces/msg/detail/yaw__builder.hpp\n'}
[0.910829] (drone_interfaces) StdoutLine: {'line': b'-- Up-to-date: /home/orangepi/Multitask-Drone/install/drone_interfaces/include/drone_interfaces/drone_interfaces/msg/detail/raw_waypoint__builder.hpp\n'}
[0.910921] (drone_interfaces) StdoutLine: {'line': b'-- Up-to-date: /home/orangepi/Multitask-Drone/install/drone_interfaces/include/drone_interfaces/drone_interfaces/msg/detail/task_state__builder.hpp\n'}
[0.911002] (drone_interfaces) StdoutLine: {'line': b'-- Up-to-date: /home/orangepi/Multitask-Drone/install/drone_interfaces/include/drone_interfaces/drone_interfaces/msg/detail/yaw__type_support.hpp\n'}
[0.911079] (drone_interfaces) StdoutLine: {'line': b'-- Up-to-date: /home/orangepi/Multitask-Drone/install/drone_interfaces/include/drone_interfaces/drone_interfaces/msg/detail/raw_waypoint__type_support.hpp\n'}
[0.911157] (drone_interfaces) StdoutLine: {'line': b'-- Up-to-date: /home/orangepi/Multitask-Drone/install/drone_interfaces/include/drone_interfaces/drone_interfaces/msg/detail/panel_box__type_support.hpp\n'}
[0.911235] (drone_interfaces) StdoutLine: {'line': b'-- Up-to-date: /home/orangepi/Multitask-Drone/install/drone_interfaces/include/drone_interfaces/drone_interfaces/msg/detail/panel_box__builder.hpp\n'}
[0.911311] (drone_interfaces) StdoutLine: {'line': b'-- Up-to-date: /home/orangepi/Multitask-Drone/install/drone_interfaces/include/drone_interfaces/drone_interfaces/msg/detail/task__type_support.hpp\n'}
[0.911387] (drone_interfaces) StdoutLine: {'line': b'-- Up-to-date: /home/orangepi/Multitask-Drone/install/drone_interfaces/include/drone_interfaces/drone_interfaces/msg/detail/raw_waypoint__traits.hpp\n'}
[0.911463] (drone_interfaces) StdoutLine: {'line': b'-- Up-to-date: /home/orangepi/Multitask-Drone/install/drone_interfaces/include/drone_interfaces/drone_interfaces/msg/detail/task__traits.hpp\n'}
[0.911538] (drone_interfaces) StdoutLine: {'line': b'-- Up-to-date: /home/orangepi/Multitask-Drone/install/drone_interfaces/include/drone_interfaces/drone_interfaces/msg/detail/task__struct.hpp\n'}
[0.911613] (drone_interfaces) StdoutLine: {'line': b'-- Up-to-date: /home/orangepi/Multitask-Drone/install/drone_interfaces/include/drone_interfaces/drone_interfaces/msg/detail/yaw__struct.hpp\n'}
[0.911689] (drone_interfaces) StdoutLine: {'line': b'-- Up-to-date: /home/orangepi/Multitask-Drone/install/drone_interfaces/include/drone_interfaces/drone_interfaces/msg/detail/panel_box__traits.hpp\n'}
[0.911784] (drone_interfaces) StdoutLine: {'line': b'-- Up-to-date: /home/orangepi/Multitask-Drone/install/drone_interfaces/include/drone_interfaces/drone_interfaces/msg/detail/raw_waypoint__struct.hpp\n'}
[0.911863] (drone_interfaces) StdoutLine: {'line': b'-- Up-to-date: /home/orangepi/Multitask-Drone/install/drone_interfaces/include/drone_interfaces/drone_interfaces/msg/detail/task_state__traits.hpp\n'}
[0.911940] (drone_interfaces) StdoutLine: {'line': b'-- Up-to-date: /home/orangepi/Multitask-Drone/install/drone_interfaces/include/drone_interfaces/drone_interfaces/msg/detail/panel_box__struct.hpp\n'}
[0.912016] (drone_interfaces) StdoutLine: {'line': b'-- Up-to-date: /home/orangepi/Multitask-Drone/install/drone_interfaces/include/drone_interfaces/drone_interfaces/msg/yaw.hpp\n'}
[0.912093] (drone_interfaces) StdoutLine: {'line': b'-- Up-to-date: /home/orangepi/Multitask-Drone/install/drone_interfaces/include/drone_interfaces/drone_interfaces/msg/task.hpp\n'}
[0.912169] (drone_interfaces) StdoutLine: {'line': b'-- Up-to-date: /home/orangepi/Multitask-Drone/install/drone_interfaces/include/drone_interfaces/drone_interfaces/msg/panel_box.hpp\n'}
[0.912245] (drone_interfaces) StdoutLine: {'line': b'-- Up-to-date: /home/orangepi/Multitask-Drone/install/drone_interfaces/include/drone_interfaces/drone_interfaces/msg/raw_waypoint.hpp\n'}
[0.912322] (drone_interfaces) StdoutLine: {'line': b'-- Up-to-date: /home/orangepi/Multitask-Drone/install/drone_interfaces/include/drone_interfaces/drone_interfaces/msg/rosidl_generator_cpp__visibility_control.hpp\n'}
[0.912403] (drone_interfaces) StdoutLine: {'line': b'-- Up-to-date: /home/orangepi/Multitask-Drone/install/drone_interfaces/include/drone_interfaces/drone_interfaces/msg/task_state.hpp\n'}
[0.912498] (drone_interfaces) StdoutLine: {'line': b'-- Up-to-date: /home/orangepi/Multitask-Drone/install/drone_interfaces/include/drone_interfaces/drone_interfaces\n'}
[0.912622] (drone_interfaces) StdoutLine: {'line': b'-- Up-to-date: /home/orangepi/Multitask-Drone/install/drone_interfaces/include/drone_interfaces/drone_interfaces/srv\n'}
[0.912705] (drone_interfaces) StdoutLine: {'line': b'-- Up-to-date: /home/orangepi/Multitask-Drone/install/drone_interfaces/include/drone_interfaces/drone_interfaces/srv/detail\n'}
[0.912783] (drone_interfaces) StdoutLine: {'line': b'-- Up-to-date: /home/orangepi/Multitask-Drone/install/drone_interfaces/include/drone_interfaces/drone_interfaces/srv/detail/task_dispatch__rosidl_typesupport_fastrtps_cpp.hpp\n'}
[0.912864] (drone_interfaces) StdoutLine: {'line': b'-- Up-to-date: /home/orangepi/Multitask-Drone/install/drone_interfaces/include/drone_interfaces/drone_interfaces/srv/detail/yolo_request__rosidl_typesupport_fastrtps_cpp.hpp\n'}
[0.912941] (drone_interfaces) StdoutLine: {'line': b'-- Up-to-date: /home/orangepi/Multitask-Drone/install/drone_interfaces/include/drone_interfaces/drone_interfaces/srv/detail/dds_fastrtps\n'}
[0.913049] (drone_interfaces) StdoutLine: {'line': b'-- Up-to-date: /home/orangepi/Multitask-Drone/install/drone_interfaces/include/drone_interfaces/drone_interfaces/srv/detail/task_push__rosidl_typesupport_fastrtps_cpp.hpp\n'}
[0.913131] (drone_interfaces) StdoutLine: {'line': b'-- Up-to-date: /home/orangepi/Multitask-Drone/install/drone_interfaces/include/drone_interfaces/drone_interfaces/action\n'}
[0.913210] (drone_interfaces) StdoutLine: {'line': b'-- Up-to-date: /home/orangepi/Multitask-Drone/install/drone_interfaces/include/drone_interfaces/drone_interfaces/action/detail\n'}
[0.913287] (drone_interfaces) StdoutLine: {'line': b'-- Up-to-date: /home/orangepi/Multitask-Drone/install/drone_interfaces/include/drone_interfaces/drone_interfaces/action/detail/dds_fastrtps\n'}
[0.913363] (drone_interfaces) StdoutLine: {'line': b'-- Up-to-date: /home/orangepi/Multitask-Drone/install/drone_interfaces/include/drone_interfaces/drone_interfaces/action/detail/execute_waypoint__rosidl_typesupport_fastrtps_cpp.hpp\n'}
[0.913442] (drone_interfaces) StdoutLine: {'line': b'-- Up-to-date: /home/orangepi/Multitask-Drone/install/drone_interfaces/include/drone_interfaces/drone_interfaces/msg\n'}
[0.913519] (drone_interfaces) StdoutLine: {'line': b'-- Up-to-date: /home/orangepi/Multitask-Drone/install/drone_interfaces/include/drone_interfaces/drone_interfaces/msg/detail\n'}
[0.913595] (drone_interfaces) StdoutLine: {'line': b'-- Up-to-date: /home/orangepi/Multitask-Drone/install/drone_interfaces/include/drone_interfaces/drone_interfaces/msg/detail/yaw__rosidl_typesupport_fastrtps_cpp.hpp\n'}
[0.913675] (drone_interfaces) StdoutLine: {'line': b'-- Up-to-date: /home/orangepi/Multitask-Drone/install/drone_interfaces/include/drone_interfaces/drone_interfaces/msg/detail/task_state__rosidl_typesupport_fastrtps_cpp.hpp\n'}
[0.913754] (drone_interfaces) StdoutLine: {'line': b'-- Up-to-date: /home/orangepi/Multitask-Drone/install/drone_interfaces/include/drone_interfaces/drone_interfaces/msg/detail/panel_box__rosidl_typesupport_fastrtps_cpp.hpp\n'}
[0.913831] (drone_interfaces) StdoutLine: {'line': b'-- Up-to-date: /home/orangepi/Multitask-Drone/install/drone_interfaces/include/drone_interfaces/drone_interfaces/msg/detail/dds_fastrtps\n'}
[0.913907] (drone_interfaces) StdoutLine: {'line': b'-- Up-to-date: /home/orangepi/Multitask-Drone/install/drone_interfaces/include/drone_interfaces/drone_interfaces/msg/detail/raw_waypoint__rosidl_typesupport_fastrtps_cpp.hpp\n'}
[0.913997] (drone_interfaces) StdoutLine: {'line': b'-- Up-to-date: /home/orangepi/Multitask-Drone/install/drone_interfaces/include/drone_interfaces/drone_interfaces/msg/detail/task__rosidl_typesupport_fastrtps_cpp.hpp\n'}
[0.914077] (drone_interfaces) StdoutLine: {'line': b'-- Up-to-date: /home/orangepi/Multitask-Drone/install/drone_interfaces/include/drone_interfaces/drone_interfaces/msg/rosidl_typesupport_fastrtps_cpp__visibility_control.h\n'}
[0.914170] (drone_interfaces) StdoutLine: {'line': b'-- Up-to-date: /home/orangepi/Multitask-Drone/install/drone_interfaces/lib/libdrone_interfaces__rosidl_typesupport_fastrtps_cpp.so\n'}
[0.914247] (drone_interfaces) StdoutLine: {'line': b'-- Up-to-date: /home/orangepi/Multitask-Drone/install/drone_interfaces/include/drone_interfaces/drone_interfaces\n'}
[0.914324] (drone_interfaces) StdoutLine: {'line': b'-- Up-to-date: /home/orangepi/Multitask-Drone/install/drone_interfaces/include/drone_interfaces/drone_interfaces/srv\n'}
[0.914399] (drone_interfaces) StdoutLine: {'line': b'-- Up-to-date: /home/orangepi/Multitask-Drone/install/drone_interfaces/include/drone_interfaces/drone_interfaces/srv/detail\n'}
[0.914476] (drone_interfaces) StdoutLine: {'line': b'-- Up-to-date: /home/orangepi/Multitask-Drone/install/drone_interfaces/include/drone_interfaces/drone_interfaces/srv/detail/task_push__rosidl_typesupport_introspection_cpp.hpp\n'}
[0.914556] (drone_interfaces) StdoutLine: {'line': b'-- Up-to-date: /home/orangepi/Multitask-Drone/install/drone_interfaces/include/drone_interfaces/drone_interfaces/srv/detail/yolo_request__type_support.cpp\n'}
[0.914633] (drone_interfaces) StdoutLine: {'line': b'-- Up-to-date: /home/orangepi/Multitask-Drone/install/drone_interfaces/include/drone_interfaces/drone_interfaces/srv/detail/yolo_request__rosidl_typesupport_introspection_cpp.hpp\n'}
[0.914710] (drone_interfaces) StdoutLine: {'line': b'-- Up-to-date: /home/orangepi/Multitask-Drone/install/drone_interfaces/include/drone_interfaces/drone_interfaces/srv/detail/task_dispatch__rosidl_typesupport_introspection_cpp.hpp\n'}
[0.914786] (drone_interfaces) StdoutLine: {'line': b'-- Up-to-date: /home/orangepi/Multitask-Drone/install/drone_interfaces/include/drone_interfaces/drone_interfaces/srv/detail/task_push__type_support.cpp\n'}
[0.914863] (drone_interfaces) StdoutLine: {'line': b'-- Up-to-date: /home/orangepi/Multitask-Drone/install/drone_interfaces/include/drone_interfaces/drone_interfaces/srv/detail/task_dispatch__type_support.cpp\n'}
[0.914939] (drone_interfaces) StdoutLine: {'line': b'-- Up-to-date: /home/orangepi/Multitask-Drone/install/drone_interfaces/include/drone_interfaces/drone_interfaces/action\n'}
[0.915014] (drone_interfaces) StdoutLine: {'line': b'-- Up-to-date: /home/orangepi/Multitask-Drone/install/drone_interfaces/include/drone_interfaces/drone_interfaces/action/detail\n'}
[0.915090] (drone_interfaces) StdoutLine: {'line': b'-- Up-to-date: /home/orangepi/Multitask-Drone/install/drone_interfaces/include/drone_interfaces/drone_interfaces/action/detail/execute_waypoint__rosidl_typesupport_introspection_cpp.hpp\n'}
[0.915167] (drone_interfaces) StdoutLine: {'line': b'-- Up-to-date: /home/orangepi/Multitask-Drone/install/drone_interfaces/include/drone_interfaces/drone_interfaces/action/detail/execute_waypoint__type_support.cpp\n'}
[0.915267] (drone_interfaces) StdoutLine: {'line': b'-- Up-to-date: /home/orangepi/Multitask-Drone/install/drone_interfaces/include/drone_interfaces/drone_interfaces/msg\n'}
[0.915347] (drone_interfaces) StdoutLine: {'line': b'-- Up-to-date: /home/orangepi/Multitask-Drone/install/drone_interfaces/include/drone_interfaces/drone_interfaces/msg/detail\n'}
[0.915422] (drone_interfaces) StdoutLine: {'line': b'-- Up-to-date: /home/orangepi/Multitask-Drone/install/drone_interfaces/include/drone_interfaces/drone_interfaces/msg/detail/task_state__rosidl_typesupport_introspection_cpp.hpp\n'}
[0.915500] (drone_interfaces) StdoutLine: {'line': b'-- Up-to-date: /home/orangepi/Multitask-Drone/install/drone_interfaces/include/drone_interfaces/drone_interfaces/msg/detail/task__rosidl_typesupport_introspection_cpp.hpp\n'}
[0.915576] (drone_interfaces) StdoutLine: {'line': b'-- Up-to-date: /home/orangepi/Multitask-Drone/install/drone_interfaces/include/drone_interfaces/drone_interfaces/msg/detail/task__type_support.cpp\n'}
[0.915653] (drone_interfaces) StdoutLine: {'line': b'-- Up-to-date: /home/orangepi/Multitask-Drone/install/drone_interfaces/include/drone_interfaces/drone_interfaces/msg/detail/panel_box__rosidl_typesupport_introspection_cpp.hpp\n'}
[0.915743] (drone_interfaces) StdoutLine: {'line': b'-- Up-to-date: /home/orangepi/Multitask-Drone/install/drone_interfaces/include/drone_interfaces/drone_interfaces/msg/detail/task_state__type_support.cpp\n'}
[0.915819] (drone_interfaces) StdoutLine: {'line': b'-- Up-to-date: /home/orangepi/Multitask-Drone/install/drone_interfaces/include/drone_interfaces/drone_interfaces/msg/detail/raw_waypoint__rosidl_typesupport_introspection_cpp.hpp\n'}
[0.915924] (drone_interfaces) StdoutLine: {'line': b'-- Up-to-date: /home/orangepi/Multitask-Drone/install/drone_interfaces/include/drone_interfaces/drone_interfaces/msg/detail/panel_box__type_support.cpp\n'}
[0.916013] (drone_interfaces) StdoutLine: {'line': b'-- Up-to-date: /home/orangepi/Multitask-Drone/install/drone_interfaces/include/drone_interfaces/drone_interfaces/msg/detail/raw_waypoint__type_support.cpp\n'}
[0.916094] (drone_interfaces) StdoutLine: {'line': b'-- Up-to-date: /home/orangepi/Multitask-Drone/install/drone_interfaces/include/drone_interfaces/drone_interfaces/msg/detail/yaw__type_support.cpp\n'}
[0.916172] (drone_interfaces) StdoutLine: {'line': b'-- Up-to-date: /home/orangepi/Multitask-Drone/install/drone_interfaces/include/drone_interfaces/drone_interfaces/msg/detail/yaw__rosidl_typesupport_introspection_cpp.hpp\n'}
[0.916249] (drone_interfaces) StdoutLine: {'line': b'-- Up-to-date: /home/orangepi/Multitask-Drone/install/drone_interfaces/lib/libdrone_interfaces__rosidl_typesupport_introspection_cpp.so\n'}
[0.916326] (drone_interfaces) StdoutLine: {'line': b'-- Up-to-date: /home/orangepi/Multitask-Drone/install/drone_interfaces/lib/libdrone_interfaces__rosidl_typesupport_cpp.so\n'}
[0.916402] (drone_interfaces) StdoutLine: {'line': b'-- Up-to-date: /home/orangepi/Multitask-Drone/install/drone_interfaces/share/drone_interfaces/environment/pythonpath.sh\n'}
[0.916477] (drone_interfaces) StdoutLine: {'line': b'-- Up-to-date: /home/orangepi/Multitask-Drone/install/drone_interfaces/share/drone_interfaces/environment/pythonpath.dsv\n'}
[0.916551] (drone_interfaces) StdoutLine: {'line': b'-- Up-to-date: /home/orangepi/Multitask-Drone/install/drone_interfaces/local/lib/python3.10/dist-packages/drone_interfaces-0.0.0-py3.10.egg-info\n'}
[0.916628] (drone_interfaces) StdoutLine: {'line': b'-- Installing: /home/orangepi/Multitask-Drone/install/drone_interfaces/local/lib/python3.10/dist-packages/drone_interfaces-0.0.0-py3.10.egg-info/top_level.txt\n'}
[0.916703] (drone_interfaces) StdoutLine: {'line': b'-- Installing: /home/orangepi/Multitask-Drone/install/drone_interfaces/local/lib/python3.10/dist-packages/drone_interfaces-0.0.0-py3.10.egg-info/dependency_links.txt\n'}
[0.916778] (drone_interfaces) StdoutLine: {'line': b'-- Installing: /home/orangepi/Multitask-Drone/install/drone_interfaces/local/lib/python3.10/dist-packages/drone_interfaces-0.0.0-py3.10.egg-info/SOURCES.txt\n'}
[0.916853] (drone_interfaces) StdoutLine: {'line': b'-- Installing: /home/orangepi/Multitask-Drone/install/drone_interfaces/local/lib/python3.10/dist-packages/drone_interfaces-0.0.0-py3.10.egg-info/PKG-INFO\n'}
[0.916930] (drone_interfaces) StdoutLine: {'line': b'-- Up-to-date: /home/orangepi/Multitask-Drone/install/drone_interfaces/local/lib/python3.10/dist-packages/drone_interfaces\n'}
[0.917006] (drone_interfaces) StdoutLine: {'line': b'-- Up-to-date: /home/orangepi/Multitask-Drone/install/drone_interfaces/local/lib/python3.10/dist-packages/drone_interfaces/__init__.py\n'}
[0.917081] (drone_interfaces) StdoutLine: {'line': b'-- Up-to-date: /home/orangepi/Multitask-Drone/install/drone_interfaces/local/lib/python3.10/dist-packages/drone_interfaces/srv\n'}
[0.917156] (drone_interfaces) StdoutLine: {'line': b'-- Up-to-date: /home/orangepi/Multitask-Drone/install/drone_interfaces/local/lib/python3.10/dist-packages/drone_interfaces/srv/_task_dispatch.py\n'}
[0.917231] (drone_interfaces) StdoutLine: {'line': b'-- Up-to-date: /home/orangepi/Multitask-Drone/install/drone_interfaces/local/lib/python3.10/dist-packages/drone_interfaces/srv/_task_dispatch_s.c\n'}
[0.917319] (drone_interfaces) StdoutLine: {'line': b'-- Up-to-date: /home/orangepi/Multitask-Drone/install/drone_interfaces/local/lib/python3.10/dist-packages/drone_interfaces/srv/__init__.py\n'}
[0.917396] (drone_interfaces) StdoutLine: {'line': b'-- Up-to-date: /home/orangepi/Multitask-Drone/install/drone_interfaces/local/lib/python3.10/dist-packages/drone_interfaces/srv/_task_push_s.c\n'}
[0.917492] (drone_interfaces) StdoutLine: {'line': b'-- Up-to-date: /home/orangepi/Multitask-Drone/install/drone_interfaces/local/lib/python3.10/dist-packages/drone_interfaces/srv/_task_push.py\n'}
[0.917570] (drone_interfaces) StdoutLine: {'line': b'-- Up-to-date: /home/orangepi/Multitask-Drone/install/drone_interfaces/local/lib/python3.10/dist-packages/drone_interfaces/srv/_yolo_request.py\n'}
[0.917646] (drone_interfaces) StdoutLine: {'line': b'-- Up-to-date: /home/orangepi/Multitask-Drone/install/drone_interfaces/local/lib/python3.10/dist-packages/drone_interfaces/srv/_yolo_request_s.c\n'}
[0.917723] (drone_interfaces) StdoutLine: {'line': b'-- Up-to-date: /home/orangepi/Multitask-Drone/install/drone_interfaces/local/lib/python3.10/dist-packages/drone_interfaces/action\n'}
[0.917799] (drone_interfaces) StdoutLine: {'line': b'-- Up-to-date: /home/orangepi/Multitask-Drone/install/drone_interfaces/local/lib/python3.10/dist-packages/drone_interfaces/action/_execute_waypoint_s.c\n'}
[0.917877] (drone_interfaces) StdoutLine: {'line': b'-- Up-to-date: /home/orangepi/Multitask-Drone/install/drone_interfaces/local/lib/python3.10/dist-packages/drone_interfaces/action/__init__.py\n'}
[0.917953] (drone_interfaces) StdoutLine: {'line': b'-- Up-to-date: /home/orangepi/Multitask-Drone/install/drone_interfaces/local/lib/python3.10/dist-packages/drone_interfaces/action/_execute_waypoint.py\n'}
[0.918029] (drone_interfaces) StdoutLine: {'line': b'-- Up-to-date: /home/orangepi/Multitask-Drone/install/drone_interfaces/local/lib/python3.10/dist-packages/drone_interfaces/libdrone_interfaces__rosidl_generator_py.so\n'}
[0.918117] (drone_interfaces) StdoutLine: {'line': b'-- Up-to-date: /home/orangepi/Multitask-Drone/install/drone_interfaces/local/lib/python3.10/dist-packages/drone_interfaces/_drone_interfaces_s.ep.rosidl_typesupport_fastrtps_c.c\n'}
[0.918199] (drone_interfaces) StdoutLine: {'line': b'-- Up-to-date: /home/orangepi/Multitask-Drone/install/drone_interfaces/local/lib/python3.10/dist-packages/drone_interfaces/drone_interfaces_s__rosidl_typesupport_c.cpython-310-aarch64-linux-gnu.so\n'}
[0.918280] (drone_interfaces) StdoutLine: {'line': b'-- Up-to-date: /home/orangepi/Multitask-Drone/install/drone_interfaces/local/lib/python3.10/dist-packages/drone_interfaces/_drone_interfaces_s.ep.rosidl_typesupport_c.c\n'}
[0.918357] (drone_interfaces) StdoutLine: {'line': b'-- Up-to-date: /home/orangepi/Multitask-Drone/install/drone_interfaces/local/lib/python3.10/dist-packages/drone_interfaces/msg\n'}
[0.918433] (drone_interfaces) StdoutLine: {'line': b'-- Up-to-date: /home/orangepi/Multitask-Drone/install/drone_interfaces/local/lib/python3.10/dist-packages/drone_interfaces/msg/_yaw.py\n'}
[0.918509] (drone_interfaces) StdoutLine: {'line': b'-- Up-to-date: /home/orangepi/Multitask-Drone/install/drone_interfaces/local/lib/python3.10/dist-packages/drone_interfaces/msg/_panel_box_s.c\n'}
[0.918586] (drone_interfaces) StdoutLine: {'line': b'-- Up-to-date: /home/orangepi/Multitask-Drone/install/drone_interfaces/local/lib/python3.10/dist-packages/drone_interfaces/msg/__init__.py\n'}
[0.918661] (drone_interfaces) StdoutLine: {'line': b'-- Up-to-date: /home/orangepi/Multitask-Drone/install/drone_interfaces/local/lib/python3.10/dist-packages/drone_interfaces/msg/_yaw_s.c\n'}
[0.918735] (drone_interfaces) StdoutLine: {'line': b'-- Up-to-date: /home/orangepi/Multitask-Drone/install/drone_interfaces/local/lib/python3.10/dist-packages/drone_interfaces/msg/_task_state.py\n'}
[0.918810] (drone_interfaces) StdoutLine: {'line': b'-- Up-to-date: /home/orangepi/Multitask-Drone/install/drone_interfaces/local/lib/python3.10/dist-packages/drone_interfaces/msg/_raw_waypoint.py\n'}
[0.918898] (drone_interfaces) StdoutLine: {'line': b'-- Up-to-date: /home/orangepi/Multitask-Drone/install/drone_interfaces/local/lib/python3.10/dist-packages/drone_interfaces/msg/_raw_waypoint_s.c\n'}
[0.918975] (drone_interfaces) StdoutLine: {'line': b'-- Up-to-date: /home/orangepi/Multitask-Drone/install/drone_interfaces/local/lib/python3.10/dist-packages/drone_interfaces/msg/_task.py\n'}
[0.919052] (drone_interfaces) StdoutLine: {'line': b'-- Up-to-date: /home/orangepi/Multitask-Drone/install/drone_interfaces/local/lib/python3.10/dist-packages/drone_interfaces/msg/_task_s.c\n'}
[0.919128] (drone_interfaces) StdoutLine: {'line': b'-- Up-to-date: /home/orangepi/Multitask-Drone/install/drone_interfaces/local/lib/python3.10/dist-packages/drone_interfaces/msg/_task_state_s.c\n'}
[0.919248] (drone_interfaces) StdoutLine: {'line': b'-- Up-to-date: /home/orangepi/Multitask-Drone/install/drone_interfaces/local/lib/python3.10/dist-packages/drone_interfaces/msg/_panel_box.py\n'}
[0.919335] (drone_interfaces) StdoutLine: {'line': b'-- Up-to-date: /home/orangepi/Multitask-Drone/install/drone_interfaces/local/lib/python3.10/dist-packages/drone_interfaces/drone_interfaces_s__rosidl_typesupport_introspection_c.cpython-310-aarch64-linux-gnu.so\n'}
[0.919415] (drone_interfaces) StdoutLine: {'line': b'-- Up-to-date: /home/orangepi/Multitask-Drone/install/drone_interfaces/local/lib/python3.10/dist-packages/drone_interfaces/drone_interfaces_s__rosidl_typesupport_fastrtps_c.cpython-310-aarch64-linux-gnu.so\n'}
[0.919494] (drone_interfaces) StdoutLine: {'line': b'-- Up-to-date: /home/orangepi/Multitask-Drone/install/drone_interfaces/local/lib/python3.10/dist-packages/drone_interfaces/_drone_interfaces_s.ep.rosidl_typesupport_introspection_c.c\n'}
[0.937030] (drone_interfaces) StdoutLine: {'line': b"Listing '/home/orangepi/Multitask-Drone/install/drone_interfaces/local/lib/python3.10/dist-packages/drone_interfaces'...\n"}
[0.937319] (drone_interfaces) StdoutLine: {'line': b"Listing '/home/orangepi/Multitask-Drone/install/drone_interfaces/local/lib/python3.10/dist-packages/drone_interfaces/action'...\n"}
[0.937439] (drone_interfaces) StdoutLine: {'line': b"Listing '/home/orangepi/Multitask-Drone/install/drone_interfaces/local/lib/python3.10/dist-packages/drone_interfaces/msg'...\n"}
[0.937532] (drone_interfaces) StdoutLine: {'line': b"Listing '/home/orangepi/Multitask-Drone/install/drone_interfaces/local/lib/python3.10/dist-packages/drone_interfaces/srv'...\n"}
[0.953705] (drone_interfaces) StdoutLine: {'line': b'-- Up-to-date: /home/orangepi/Multitask-Drone/install/drone_interfaces/local/lib/python3.10/dist-packages/drone_interfaces/drone_interfaces_s__rosidl_typesupport_fastrtps_c.cpython-310-aarch64-linux-gnu.so\n'}
[0.954272] (drone_interfaces) StdoutLine: {'line': b'-- Up-to-date: /home/orangepi/Multitask-Drone/install/drone_interfaces/local/lib/python3.10/dist-packages/drone_interfaces/drone_interfaces_s__rosidl_typesupport_introspection_c.cpython-310-aarch64-linux-gnu.so\n'}
[0.954475] (drone_interfaces) StdoutLine: {'line': b'-- Up-to-date: /home/orangepi/Multitask-Drone/install/drone_interfaces/local/lib/python3.10/dist-packages/drone_interfaces/drone_interfaces_s__rosidl_typesupport_c.cpython-310-aarch64-linux-gnu.so\n'}
[0.954861] (drone_interfaces) StdoutLine: {'line': b'-- Up-to-date: /home/orangepi/Multitask-Drone/install/drone_interfaces/lib/libdrone_interfaces__rosidl_generator_py.so\n'}
[0.955159] (drone_interfaces) StdoutLine: {'line': b'-- Up-to-date: /home/orangepi/Multitask-Drone/install/drone_interfaces/share/drone_interfaces/msg/Yaw.idl\n'}
[0.955261] (drone_interfaces) StdoutLine: {'line': b'-- Up-to-date: /home/orangepi/Multitask-Drone/install/drone_interfaces/share/drone_interfaces/msg/PanelBox.idl\n'}
[0.955426] (drone_interfaces) StdoutLine: {'line': b'-- Up-to-date: /home/orangepi/Multitask-Drone/install/drone_interfaces/share/drone_interfaces/msg/Task.idl\n'}
[0.957281] (drone_interfaces) StdoutLine: {'line': b'-- Up-to-date: /home/orangepi/Multitask-Drone/install/drone_interfaces/share/drone_interfaces/msg/TaskState.idl\n'}
[0.957584] (drone_interfaces) StdoutLine: {'line': b'-- Up-to-date: /home/orangepi/Multitask-Drone/install/drone_interfaces/share/drone_interfaces/msg/RawWaypoint.idl\n'}
[0.958488] (drone_interfaces) StdoutLine: {'line': b'-- Up-to-date: /home/orangepi/Multitask-Drone/install/drone_interfaces/share/drone_interfaces/srv/TaskDispatch.idl\n'}
[0.958613] (drone_interfaces) StdoutLine: {'line': b'-- Up-to-date: /home/orangepi/Multitask-Drone/install/drone_interfaces/share/drone_interfaces/srv/YoloRequest.idl\n'}
[0.958704] (drone_interfaces) StdoutLine: {'line': b'-- Up-to-date: /home/orangepi/Multitask-Drone/install/drone_interfaces/share/drone_interfaces/srv/TaskPush.idl\n'}
[0.958792] (drone_interfaces) StdoutLine: {'line': b'-- Up-to-date: /home/orangepi/Multitask-Drone/install/drone_interfaces/share/drone_interfaces/action/ExecuteWaypoint.idl\n'}
[0.958880] (drone_interfaces) StdoutLine: {'line': b'-- Up-to-date: /home/orangepi/Multitask-Drone/install/drone_interfaces/share/drone_interfaces/msg/Yaw.msg\n'}
[0.958968] (drone_interfaces) StdoutLine: {'line': b'-- Up-to-date: /home/orangepi/Multitask-Drone/install/drone_interfaces/share/drone_interfaces/msg/PanelBox.msg\n'}
[0.959055] (drone_interfaces) StdoutLine: {'line': b'-- Up-to-date: /home/orangepi/Multitask-Drone/install/drone_interfaces/share/drone_interfaces/msg/Task.msg\n'}
[0.959142] (drone_interfaces) StdoutLine: {'line': b'-- Up-to-date: /home/orangepi/Multitask-Drone/install/drone_interfaces/share/drone_interfaces/msg/TaskState.msg\n'}
[0.959280] (drone_interfaces) StdoutLine: {'line': b'-- Up-to-date: /home/orangepi/Multitask-Drone/install/drone_interfaces/share/drone_interfaces/msg/RawWaypoint.msg\n'}
[0.959373] (drone_interfaces) StdoutLine: {'line': b'-- Up-to-date: /home/orangepi/Multitask-Drone/install/drone_interfaces/share/drone_interfaces/srv/TaskDispatch.srv\n'}
[0.959461] (drone_interfaces) StdoutLine: {'line': b'-- Up-to-date: /home/orangepi/Multitask-Drone/install/drone_interfaces/share/drone_interfaces/srv/TaskDispatch_Request.msg\n'}
[0.959547] (drone_interfaces) StdoutLine: {'line': b'-- Up-to-date: /home/orangepi/Multitask-Drone/install/drone_interfaces/share/drone_interfaces/srv/TaskDispatch_Response.msg\n'}
[0.959634] (drone_interfaces) StdoutLine: {'line': b'-- Up-to-date: /home/orangepi/Multitask-Drone/install/drone_interfaces/share/drone_interfaces/srv/YoloRequest.srv\n'}
[0.959724] (drone_interfaces) StdoutLine: {'line': b'-- Up-to-date: /home/orangepi/Multitask-Drone/install/drone_interfaces/share/drone_interfaces/srv/YoloRequest_Request.msg\n'}
[0.959810] (drone_interfaces) StdoutLine: {'line': b'-- Up-to-date: /home/orangepi/Multitask-Drone/install/drone_interfaces/share/drone_interfaces/srv/YoloRequest_Response.msg\n'}
[0.959897] (drone_interfaces) StdoutLine: {'line': b'-- Up-to-date: /home/orangepi/Multitask-Drone/install/drone_interfaces/share/drone_interfaces/srv/TaskPush.srv\n'}
[0.959983] (drone_interfaces) StdoutLine: {'line': b'-- Up-to-date: /home/orangepi/Multitask-Drone/install/drone_interfaces/share/drone_interfaces/srv/TaskPush_Request.msg\n'}
[0.960068] (drone_interfaces) StdoutLine: {'line': b'-- Up-to-date: /home/orangepi/Multitask-Drone/install/drone_interfaces/share/drone_interfaces/srv/TaskPush_Response.msg\n'}
[0.960151] (drone_interfaces) StdoutLine: {'line': b'-- Up-to-date: /home/orangepi/Multitask-Drone/install/drone_interfaces/share/drone_interfaces/action/ExecuteWaypoint.action\n'}
[0.960240] (drone_interfaces) StdoutLine: {'line': b'-- Up-to-date: /home/orangepi/Multitask-Drone/install/drone_interfaces/share/ament_index/resource_index/package_run_dependencies/drone_interfaces\n'}
[0.960827] (drone_interfaces) StdoutLine: {'line': b'-- Up-to-date: /home/orangepi/Multitask-Drone/install/drone_interfaces/share/ament_index/resource_index/parent_prefix_path/drone_interfaces\n'}
[0.960921] (drone_interfaces) StdoutLine: {'line': b'-- Up-to-date: /home/orangepi/Multitask-Drone/install/drone_interfaces/share/drone_interfaces/environment/ament_prefix_path.sh\n'}
[0.961016] (drone_interfaces) StdoutLine: {'line': b'-- Up-to-date: /home/orangepi/Multitask-Drone/install/drone_interfaces/share/drone_interfaces/environment/ament_prefix_path.dsv\n'}
[0.961095] (drone_interfaces) StdoutLine: {'line': b'-- Up-to-date: /home/orangepi/Multitask-Drone/install/drone_interfaces/share/drone_interfaces/environment/path.sh\n'}
[0.961173] (drone_interfaces) StdoutLine: {'line': b'-- Up-to-date: /home/orangepi/Multitask-Drone/install/drone_interfaces/share/drone_interfaces/environment/path.dsv\n'}
[0.961250] (drone_interfaces) StdoutLine: {'line': b'-- Up-to-date: /home/orangepi/Multitask-Drone/install/drone_interfaces/share/drone_interfaces/local_setup.bash\n'}
[0.961337] (drone_interfaces) StdoutLine: {'line': b'-- Up-to-date: /home/orangepi/Multitask-Drone/install/drone_interfaces/share/drone_interfaces/local_setup.sh\n'}
[0.961420] (drone_interfaces) StdoutLine: {'line': b'-- Up-to-date: /home/orangepi/Multitask-Drone/install/drone_interfaces/share/drone_interfaces/local_setup.zsh\n'}
[0.961496] (drone_interfaces) StdoutLine: {'line': b'-- Up-to-date: /home/orangepi/Multitask-Drone/install/drone_interfaces/share/drone_interfaces/local_setup.dsv\n'}
[0.961572] (drone_interfaces) StdoutLine: {'line': b'-- Installing: /home/orangepi/Multitask-Drone/install/drone_interfaces/share/drone_interfaces/package.dsv\n'}
[0.961649] (drone_interfaces) StdoutLine: {'line': b'-- Up-to-date: /home/orangepi/Multitask-Drone/install/drone_interfaces/share/ament_index/resource_index/packages/drone_interfaces\n'}
[0.961727] (drone_interfaces) StdoutLine: {'line': b'-- Up-to-date: /home/orangepi/Multitask-Drone/install/drone_interfaces/share/drone_interfaces/cmake/export_drone_interfaces__rosidl_generator_cExport.cmake\n'}
[0.961806] (drone_interfaces) StdoutLine: {'line': b'-- Up-to-date: /home/orangepi/Multitask-Drone/install/drone_interfaces/share/drone_interfaces/cmake/export_drone_interfaces__rosidl_generator_cExport-noconfig.cmake\n'}
[0.961886] (drone_interfaces) StdoutLine: {'line': b'-- Up-to-date: /home/orangepi/Multitask-Drone/install/drone_interfaces/share/drone_interfaces/cmake/export_drone_interfaces__rosidl_typesupport_fastrtps_cExport.cmake\n'}
[0.961963] (drone_interfaces) StdoutLine: {'line': b'-- Up-to-date: /home/orangepi/Multitask-Drone/install/drone_interfaces/share/drone_interfaces/cmake/export_drone_interfaces__rosidl_typesupport_fastrtps_cExport-noconfig.cmake\n'}
[0.962043] (drone_interfaces) StdoutLine: {'line': b'-- Up-to-date: /home/orangepi/Multitask-Drone/install/drone_interfaces/share/drone_interfaces/cmake/drone_interfaces__rosidl_typesupport_introspection_cExport.cmake\n'}
[0.962122] (drone_interfaces) StdoutLine: {'line': b'-- Up-to-date: /home/orangepi/Multitask-Drone/install/drone_interfaces/share/drone_interfaces/cmake/drone_interfaces__rosidl_typesupport_introspection_cExport-noconfig.cmake\n'}
[0.962200] (drone_interfaces) StdoutLine: {'line': b'-- Up-to-date: /home/orangepi/Multitask-Drone/install/drone_interfaces/share/drone_interfaces/cmake/drone_interfaces__rosidl_typesupport_cExport.cmake\n'}
[0.962279] (drone_interfaces) StdoutLine: {'line': b'-- Up-to-date: /home/orangepi/Multitask-Drone/install/drone_interfaces/share/drone_interfaces/cmake/drone_interfaces__rosidl_typesupport_cExport-noconfig.cmake\n'}
[0.962356] (drone_interfaces) StdoutLine: {'line': b'-- Up-to-date: /home/orangepi/Multitask-Drone/install/drone_interfaces/share/drone_interfaces/cmake/export_drone_interfaces__rosidl_generator_cppExport.cmake\n'}
[0.962432] (drone_interfaces) StdoutLine: {'line': b'-- Up-to-date: /home/orangepi/Multitask-Drone/install/drone_interfaces/share/drone_interfaces/cmake/export_drone_interfaces__rosidl_typesupport_fastrtps_cppExport.cmake\n'}
[0.962509] (drone_interfaces) StdoutLine: {'line': b'-- Up-to-date: /home/orangepi/Multitask-Drone/install/drone_interfaces/share/drone_interfaces/cmake/export_drone_interfaces__rosidl_typesupport_fastrtps_cppExport-noconfig.cmake\n'}
[0.962659] (drone_interfaces) StdoutLine: {'line': b'-- Up-to-date: /home/orangepi/Multitask-Drone/install/drone_interfaces/share/drone_interfaces/cmake/drone_interfaces__rosidl_typesupport_introspection_cppExport.cmake\n'}
[0.962769] (drone_interfaces) StdoutLine: {'line': b'-- Up-to-date: /home/orangepi/Multitask-Drone/install/drone_interfaces/share/drone_interfaces/cmake/drone_interfaces__rosidl_typesupport_introspection_cppExport-noconfig.cmake\n'}
[0.962849] (drone_interfaces) StdoutLine: {'line': b'-- Up-to-date: /home/orangepi/Multitask-Drone/install/drone_interfaces/share/drone_interfaces/cmake/drone_interfaces__rosidl_typesupport_cppExport.cmake\n'}
[0.962928] (drone_interfaces) StdoutLine: {'line': b'-- Up-to-date: /home/orangepi/Multitask-Drone/install/drone_interfaces/share/drone_interfaces/cmake/drone_interfaces__rosidl_typesupport_cppExport-noconfig.cmake\n'}
[0.963007] (drone_interfaces) StdoutLine: {'line': b'-- Up-to-date: /home/orangepi/Multitask-Drone/install/drone_interfaces/share/drone_interfaces/cmake/export_drone_interfaces__rosidl_generator_pyExport.cmake\n'}
[0.963086] (drone_interfaces) StdoutLine: {'line': b'-- Up-to-date: /home/orangepi/Multitask-Drone/install/drone_interfaces/share/drone_interfaces/cmake/export_drone_interfaces__rosidl_generator_pyExport-noconfig.cmake\n'}
[0.963186] (drone_interfaces) StdoutLine: {'line': b'-- Up-to-date: /home/orangepi/Multitask-Drone/install/drone_interfaces/share/drone_interfaces/cmake/rosidl_cmake-extras.cmake\n'}
[0.963268] (drone_interfaces) StdoutLine: {'line': b'-- Up-to-date: /home/orangepi/Multitask-Drone/install/drone_interfaces/share/drone_interfaces/cmake/ament_cmake_export_dependencies-extras.cmake\n'}
[0.963348] (drone_interfaces) StdoutLine: {'line': b'-- Up-to-date: /home/orangepi/Multitask-Drone/install/drone_interfaces/share/drone_interfaces/cmake/ament_cmake_export_include_directories-extras.cmake\n'}
[0.963432] (drone_interfaces) StdoutLine: {'line': b'-- Up-to-date: /home/orangepi/Multitask-Drone/install/drone_interfaces/share/drone_interfaces/cmake/ament_cmake_export_libraries-extras.cmake\n'}
[0.963521] (drone_interfaces) StdoutLine: {'line': b'-- Up-to-date: /home/orangepi/Multitask-Drone/install/drone_interfaces/share/drone_interfaces/cmake/ament_cmake_export_targets-extras.cmake\n'}
[0.963602] (drone_interfaces) StdoutLine: {'line': b'-- Up-to-date: /home/orangepi/Multitask-Drone/install/drone_interfaces/share/drone_interfaces/cmake/rosidl_cmake_export_typesupport_targets-extras.cmake\n'}
[0.963680] (drone_interfaces) StdoutLine: {'line': b'-- Up-to-date: /home/orangepi/Multitask-Drone/install/drone_interfaces/share/drone_interfaces/cmake/rosidl_cmake_export_typesupport_libraries-extras.cmake\n'}
[0.963757] (drone_interfaces) StdoutLine: {'line': b'-- Up-to-date: /home/orangepi/Multitask-Drone/install/drone_interfaces/share/drone_interfaces/cmake/drone_interfacesConfig.cmake\n'}
[0.963837] (drone_interfaces) StdoutLine: {'line': b'-- Up-to-date: /home/orangepi/Multitask-Drone/install/drone_interfaces/share/drone_interfaces/cmake/drone_interfacesConfig-version.cmake\n'}
[0.963914] (drone_interfaces) StdoutLine: {'line': b'-- Up-to-date: /home/orangepi/Multitask-Drone/install/drone_interfaces/share/drone_interfaces/package.xml\n'}
[0.966466] (drone_interfaces) CommandEnded: {'returncode': 0}
[1.003223] (-) TimerEvent: {}
[1.072314] (drone_interfaces) JobEnded: {'identifier': 'drone_interfaces', 'rc': 0}
[1.075337] (drone_controller) JobStarted: {'identifier': 'drone_controller'}
[1.081235] (drone_vision) JobStarted: {'identifier': 'drone_vision'}
[1.103429] (-) TimerEvent: {}
[1.204345] (-) TimerEvent: {}
[1.305480] (-) TimerEvent: {}
[1.406892] (-) TimerEvent: {}
[1.509035] (drone_monitor) Command: {'cmd': ['/usr/bin/python3', '-W', 'ignore:setup.py install is deprecated', '-W', 'ignore:easy_install command is deprecated', 'setup.py', 'egg_info', '--egg-base', '../../build/drone_monitor', 'build', '--build-base', '/home/orangepi/Multitask-Drone/build/drone_monitor/build', 'install', '--record', '/home/orangepi/Multitask-Drone/build/drone_monitor/install.log', '--single-version-externally-managed', 'install_data'], 'cwd': '/home/orangepi/Multitask-Drone/src/drone_monitor', 'env': {'LESSOPEN': '| /usr/bin/lesspipe %s', 'UMS_MOUNTPOINT': '/mnt/ums', 'GST_V4L2_PREFERRED_FOURCC': 'NV12:YU12:NV16:YUY2', 'LANGUAGE': 'en_US.UTF-8', 'USER': 'orangepi', 'SSH_CLIENT': '192.168.137.1 35290 22', 'XDG_SESSION_TYPE': 'tty', 'GIT_ASKPASS': '/home/orangepi/.vscode-server/cli/servers/Stable-fabdb6a30b49f79a7aba0f2ad9df9b399473380f/server/extensions/git/dist/askpass.sh', 'SHLVL': '2', 'USB_FUNCS': 'adb', 'LD_LIBRARY_PATH': '/opt/ros/humble/opt/rviz_ogre_vendor/lib:/opt/ros/humble/lib/aarch64-linux-gnu:/opt/ros/humble/lib', 'BROWSER': '/home/orangepi/.vscode-server/cli/servers/Stable-fabdb6a30b49f79a7aba0f2ad9df9b399473380f/server/bin/helpers/browser.sh', 'MOTD_SHOWN': 'pam', 'HOME': '/home/orangepi', 'OLDPWD': '/home/orangepi', 'TERM_PROGRAM_VERSION': '1.96.2', 'VSCODE_IPC_HOOK_CLI': '/run/user/1000/vscode-ipc-b25b9547-7129-4734-a10c-64fa837cceca.sock', 'GST_INSPECT_NO_COLORS': '1', 'GST_MPP_NO_RGA': '1', 'ROS_PYTHON_VERSION': '3', 'COGL_DRIVER': 'gles2', 'VSCODE_GIT_ASKPASS_MAIN': '/home/orangepi/.vscode-server/cli/servers/Stable-fabdb6a30b49f79a7aba0f2ad9df9b399473380f/server/extensions/git/dist/askpass-main.js', 'VSCODE_GIT_ASKPASS_NODE': '/home/orangepi/.vscode-server/cli/servers/Stable-fabdb6a30b49f79a7aba0f2ad9df9b399473380f/server/node', 'SSL_CERT_FILE': '/usr/lib/ssl/certs/ca-certificates.crt', 'DBUS_SESSION_BUS_ADDRESS': 'unix:path=/run/user/1000/bus', 'COLORTERM': 'truecolor', 'GST_V4L2SRC_MAX_RESOLUTION': '3840x2160', 'ROS_DISTRO': 'humble', 'LOGNAME': 'orangepi', '_': '/usr/bin/colcon', 'ROS_VERSION': '2', 'XDG_SESSION_CLASS': 'user', 'TERM': 'xterm-256color', 'GST_GL_API': 'gles2', 'XDG_SESSION_ID': '5', 'GST_VIDEO_CONVERT_PREFERRED_FORMAT': 'NV12:NV16:I420:YUY2', 'GST_V4L2SRC_RK_DEVICES': '_mainpath:_selfpath:_bypass:_scale', 'ROS_LOCALHOST_ONLY': '0', 'PATH': '/home/orangepi/.vscode-server/cli/servers/Stable-fabdb6a30b49f79a7aba0f2ad9df9b399473380f/server/bin/remote-cli:/home/orangepi/.local/bin:/opt/ros/humble/bin:/usr/local/sbin:/usr/local/bin:/usr/sbin:/usr/bin:/sbin:/bin:/usr/games:/usr/local/games:/snap/bin', 'XDG_RUNTIME_DIR': '/run/user/1000', 'GST_GL_PLATFORM': 'egl', 'GST_DEBUG_NO_COLOR': '1', 'SSL_CERT_DIR': '/usr/lib/ssl/certs', 'GST_V4L2SRC_DEFAULT_DEVICE': '/dev/video-camera0', 'DISPLAY': ':0', 'LANG': 'en_US.UTF-8', 'LS_COLORS': 'rs=0:di=01;34:ln=01;36:mh=00:pi=40;33:so=01;35:do=01;35:bd=40;33;01:cd=40;33;01:or=40;31;01:mi=00:su=37;41:sg=30;43:ca=30;41:tw=30;42:ow=34;42:st=37;44:ex=01;32:*.tar=01;31:*.tgz=01;31:*.arc=01;31:*.arj=01;31:*.taz=01;31:*.lha=01;31:*.lz4=01;31:*.lzh=01;31:*.lzma=01;31:*.tlz=01;31:*.txz=01;31:*.tzo=01;31:*.t7z=01;31:*.zip=01;31:*.z=01;31:*.dz=01;31:*.gz=01;31:*.lrz=01;31:*.lz=01;31:*.lzo=01;31:*.xz=01;31:*.zst=01;31:*.tzst=01;31:*.bz2=01;31:*.bz=01;31:*.tbz=01;31:*.tbz2=01;31:*.tz=01;31:*.deb=01;31:*.rpm=01;31:*.jar=01;31:*.war=01;31:*.ear=01;31:*.sar=01;31:*.rar=01;31:*.alz=01;31:*.ace=01;31:*.zoo=01;31:*.cpio=01;31:*.7z=01;31:*.rz=01;31:*.cab=01;31:*.wim=01;31:*.swm=01;31:*.dwm=01;31:*.esd=01;31:*.jpg=01;35:*.jpeg=01;35:*.mjpg=01;35:*.mjpeg=01;35:*.gif=01;35:*.bmp=01;35:*.pbm=01;35:*.pgm=01;35:*.ppm=01;35:*.tga=01;35:*.xbm=01;35:*.xpm=01;35:*.tif=01;35:*.tiff=01;35:*.png=01;35:*.svg=01;35:*.svgz=01;35:*.mng=01;35:*.pcx=01;35:*.mov=01;35:*.mpg=01;35:*.mpeg=01;35:*.m2v=01;35:*.mkv=01;35:*.webm=01;35:*.webp=01;35:*.ogm=01;35:*.mp4=01;35:*.m4v=01;35:*.mp4v=01;35:*.vob=01;35:*.qt=01;35:*.nuv=01;35:*.wmv=01;35:*.asf=01;35:*.rm=01;35:*.rmvb=01;35:*.flc=01;35:*.avi=01;35:*.fli=01;35:*.flv=01;35:*.gl=01;35:*.dl=01;35:*.xcf=01;35:*.xwd=01;35:*.yuv=01;35:*.cgm=01;35:*.emf=01;35:*.ogv=01;35:*.ogx=01;35:*.aac=00;36:*.au=00;36:*.flac=00;36:*.m4a=00;36:*.mid=00;36:*.midi=00;36:*.mka=00;36:*.mp3=00;36:*.mpc=00;36:*.ogg=00;36:*.ra=00;36:*.wav=00;36:*.oga=00;36:*.opus=00;36:*.spx=00;36:*.xspf=00;36:', 'VSCODE_GIT_IPC_HANDLE': '/run/user/1000/vscode-git-d88bdced48.sock', 'TERM_PROGRAM': 'vscode', 'GST_V4L2_USE_LIBV4L2': '1', 'UMS_SIZE': '256M', 'AMENT_PREFIX_PATH': '/opt/ros/humble', 'LC_MESSAGES': 'en_US.UTF-8', 'SHELL': '/bin/bash', 'UMS_RO': '0', 'LESSCLOSE': '/usr/bin/lesspipe %s %s', 'UMS_FSTYPE': 'vfat', 'VSCODE_GIT_ASKPASS_EXTRA_ARGS': '', 'PWD': '/home/orangepi/Multitask-Drone/build/drone_monitor', 'LC_ALL': 'en_US.UTF-8', 'SSH_CONNECTION': '192.168.137.1 35290 192.168.137.2 22', 'PYTHONPATH': '/home/orangepi/Multitask-Drone/build/drone_monitor/prefix_override:/usr/lib/python3/dist-packages/colcon_core/task/python/colcon_distutils_commands:/home/orangepi/Multitask-Drone/install/drone_monitor/lib/python3.10/site-packages:/opt/ros/humble/lib/python3.10/site-packages:/opt/ros/humble/local/lib/python3.10/dist-packages', 'UMS_MOUNT': '0', 'COLCON': '1', 'UMS_FILE': '/userdata/ums_shared.img'}, 'shell': False}
[1.514388] (-) TimerEvent: {}
[1.615387] (-) TimerEvent: {}
[1.716695] (-) TimerEvent: {}
[1.817916] (-) TimerEvent: {}
[1.919176] (-) TimerEvent: {}
[1.983905] (drone_monitor) StdoutLine: {'line': b'running egg_info\n'}
[1.990532] (drone_monitor) StdoutLine: {'line': b'writing ../../build/drone_monitor/drone_monitor.egg-info/PKG-INFO\n'}
[1.994199] (drone_monitor) StdoutLine: {'line': b'writing dependency_links to ../../build/drone_monitor/drone_monitor.egg-info/dependency_links.txt\n'}
[1.997884] (drone_monitor) StdoutLine: {'line': b'writing entry points to ../../build/drone_monitor/drone_monitor.egg-info/entry_points.txt\n'}
[2.001790] (drone_monitor) StdoutLine: {'line': b'writing requirements to ../../build/drone_monitor/drone_monitor.egg-info/requires.txt\n'}
[2.003423] (drone_monitor) StdoutLine: {'line': b'writing top-level names to ../../build/drone_monitor/drone_monitor.egg-info/top_level.txt\n'}
[2.004702] (drone_monitor) StdoutLine: {'line': b"reading manifest file '../../build/drone_monitor/drone_monitor.egg-info/SOURCES.txt'\n"}
[2.009638] (drone_monitor) StdoutLine: {'line': b"adding license file 'LICENSE'\n"}
[2.010827] (drone_monitor) StdoutLine: {'line': b"writing manifest file '../../build/drone_monitor/drone_monitor.egg-info/SOURCES.txt'\n"}
[2.012439] (drone_monitor) StdoutLine: {'line': b'running build\n'}
[2.014135] (drone_monitor) StdoutLine: {'line': b'running build_py\n'}
[2.014806] (drone_monitor) StdoutLine: {'line': b'running install\n'}
[2.015376] (drone_monitor) StdoutLine: {'line': b'running install_lib\n'}
[2.017160] (drone_monitor) StdoutLine: {'line': b'running install_data\n'}
[2.019912] (-) TimerEvent: {}
[2.021077] (drone_monitor) StdoutLine: {'line': b'running install_egg_info\n'}
[2.021709] (drone_monitor) StdoutLine: {'line': b"removing '/home/orangepi/Multitask-Drone/install/drone_monitor/lib/python3.10/site-packages/drone_monitor-0.0.0-py3.10.egg-info' (and everything under it)\n"}
[2.023164] (drone_monitor) StdoutLine: {'line': b'Copying ../../build/drone_monitor/drone_monitor.egg-info to /home/orangepi/Multitask-Drone/install/drone_monitor/lib/python3.10/site-packages/drone_monitor-0.0.0-py3.10.egg-info\n'}
[2.025251] (drone_monitor) StdoutLine: {'line': b'running install_scripts\n'}
[2.025762] (drone_monitor) StdoutLine: {'line': b"writing list of installed files to '/home/orangepi/Multitask-Drone/build/drone_monitor/install.log'\n"}
[2.063880] (drone_monitor) CommandEnded: {'returncode': 0}
[2.102325] (drone_monitor) JobEnded: {'identifier': 'drone_monitor', 'rc': 0}
[2.120159] (-) TimerEvent: {}
[2.221277] (-) TimerEvent: {}
[2.322508] (-) TimerEvent: {}
[2.423736] (-) TimerEvent: {}
[2.525329] (-) TimerEvent: {}
[2.605843] (drone_controller) Command: {'cmd': ['/usr/bin/python3', '-W', 'ignore:setup.py install is deprecated', '-W', 'ignore:easy_install command is deprecated', 'setup.py', 'egg_info', '--egg-base', '../../build/drone_controller', 'build', '--build-base', '/home/orangepi/Multitask-Drone/build/drone_controller/build', 'install', '--record', '/home/orangepi/Multitask-Drone/build/drone_controller/install.log', '--single-version-externally-managed', 'install_data'], 'cwd': '/home/orangepi/Multitask-Drone/src/drone_controller', 'env': {'LESSOPEN': '| /usr/bin/lesspipe %s', 'UMS_MOUNTPOINT': '/mnt/ums', 'GST_V4L2_PREFERRED_FOURCC': 'NV12:YU12:NV16:YUY2', 'LANGUAGE': 'en_US.UTF-8', 'USER': 'orangepi', 'SSH_CLIENT': '192.168.137.1 35290 22', 'XDG_SESSION_TYPE': 'tty', 'GIT_ASKPASS': '/home/orangepi/.vscode-server/cli/servers/Stable-fabdb6a30b49f79a7aba0f2ad9df9b399473380f/server/extensions/git/dist/askpass.sh', 'SHLVL': '2', 'USB_FUNCS': 'adb', 'LD_LIBRARY_PATH': '/home/orangepi/Multitask-Drone/install/drone_interfaces/lib:/opt/ros/humble/opt/rviz_ogre_vendor/lib:/opt/ros/humble/lib/aarch64-linux-gnu:/opt/ros/humble/lib', 'BROWSER': '/home/orangepi/.vscode-server/cli/servers/Stable-fabdb6a30b49f79a7aba0f2ad9df9b399473380f/server/bin/helpers/browser.sh', 'MOTD_SHOWN': 'pam', 'HOME': '/home/orangepi', 'OLDPWD': '/home/orangepi', 'TERM_PROGRAM_VERSION': '1.96.2', 'VSCODE_IPC_HOOK_CLI': '/run/user/1000/vscode-ipc-b25b9547-7129-4734-a10c-64fa837cceca.sock', 'GST_INSPECT_NO_COLORS': '1', 'GST_MPP_NO_RGA': '1', 'ROS_PYTHON_VERSION': '3', 'COGL_DRIVER': 'gles2', 'VSCODE_GIT_ASKPASS_MAIN': '/home/orangepi/.vscode-server/cli/servers/Stable-fabdb6a30b49f79a7aba0f2ad9df9b399473380f/server/extensions/git/dist/askpass-main.js', 'VSCODE_GIT_ASKPASS_NODE': '/home/orangepi/.vscode-server/cli/servers/Stable-fabdb6a30b49f79a7aba0f2ad9df9b399473380f/server/node', 'SSL_CERT_FILE': '/usr/lib/ssl/certs/ca-certificates.crt', 'DBUS_SESSION_BUS_ADDRESS': 'unix:path=/run/user/1000/bus', 'COLORTERM': 'truecolor', 'GST_V4L2SRC_MAX_RESOLUTION': '3840x2160', 'ROS_DISTRO': 'humble', 'LOGNAME': 'orangepi', '_': '/usr/bin/colcon', 'ROS_VERSION': '2', 'XDG_SESSION_CLASS': 'user', 'TERM': 'xterm-256color', 'GST_GL_API': 'gles2', 'XDG_SESSION_ID': '5', 'GST_VIDEO_CONVERT_PREFERRED_FORMAT': 'NV12:NV16:I420:YUY2', 'GST_V4L2SRC_RK_DEVICES': '_mainpath:_selfpath:_bypass:_scale', 'ROS_LOCALHOST_ONLY': '0', 'PATH': '/home/orangepi/.vscode-server/cli/servers/Stable-fabdb6a30b49f79a7aba0f2ad9df9b399473380f/server/bin/remote-cli:/home/orangepi/.local/bin:/opt/ros/humble/bin:/usr/local/sbin:/usr/local/bin:/usr/sbin:/usr/bin:/sbin:/bin:/usr/games:/usr/local/games:/snap/bin', 'XDG_RUNTIME_DIR': '/run/user/1000', 'GST_GL_PLATFORM': 'egl', 'GST_DEBUG_NO_COLOR': '1', 'SSL_CERT_DIR': '/usr/lib/ssl/certs', 'GST_V4L2SRC_DEFAULT_DEVICE': '/dev/video-camera0', 'DISPLAY': ':0', 'LANG': 'en_US.UTF-8', 'LS_COLORS': 'rs=0:di=01;34:ln=01;36:mh=00:pi=40;33:so=01;35:do=01;35:bd=40;33;01:cd=40;33;01:or=40;31;01:mi=00:su=37;41:sg=30;43:ca=30;41:tw=30;42:ow=34;42:st=37;44:ex=01;32:*.tar=01;31:*.tgz=01;31:*.arc=01;31:*.arj=01;31:*.taz=01;31:*.lha=01;31:*.lz4=01;31:*.lzh=01;31:*.lzma=01;31:*.tlz=01;31:*.txz=01;31:*.tzo=01;31:*.t7z=01;31:*.zip=01;31:*.z=01;31:*.dz=01;31:*.gz=01;31:*.lrz=01;31:*.lz=01;31:*.lzo=01;31:*.xz=01;31:*.zst=01;31:*.tzst=01;31:*.bz2=01;31:*.bz=01;31:*.tbz=01;31:*.tbz2=01;31:*.tz=01;31:*.deb=01;31:*.rpm=01;31:*.jar=01;31:*.war=01;31:*.ear=01;31:*.sar=01;31:*.rar=01;31:*.alz=01;31:*.ace=01;31:*.zoo=01;31:*.cpio=01;31:*.7z=01;31:*.rz=01;31:*.cab=01;31:*.wim=01;31:*.swm=01;31:*.dwm=01;31:*.esd=01;31:*.jpg=01;35:*.jpeg=01;35:*.mjpg=01;35:*.mjpeg=01;35:*.gif=01;35:*.bmp=01;35:*.pbm=01;35:*.pgm=01;35:*.ppm=01;35:*.tga=01;35:*.xbm=01;35:*.xpm=01;35:*.tif=01;35:*.tiff=01;35:*.png=01;35:*.svg=01;35:*.svgz=01;35:*.mng=01;35:*.pcx=01;35:*.mov=01;35:*.mpg=01;35:*.mpeg=01;35:*.m2v=01;35:*.mkv=01;35:*.webm=01;35:*.webp=01;35:*.ogm=01;35:*.mp4=01;35:*.m4v=01;35:*.mp4v=01;35:*.vob=01;35:*.qt=01;35:*.nuv=01;35:*.wmv=01;35:*.asf=01;35:*.rm=01;35:*.rmvb=01;35:*.flc=01;35:*.avi=01;35:*.fli=01;35:*.flv=01;35:*.gl=01;35:*.dl=01;35:*.xcf=01;35:*.xwd=01;35:*.yuv=01;35:*.cgm=01;35:*.emf=01;35:*.ogv=01;35:*.ogx=01;35:*.aac=00;36:*.au=00;36:*.flac=00;36:*.m4a=00;36:*.mid=00;36:*.midi=00;36:*.mka=00;36:*.mp3=00;36:*.mpc=00;36:*.ogg=00;36:*.ra=00;36:*.wav=00;36:*.oga=00;36:*.opus=00;36:*.spx=00;36:*.xspf=00;36:', 'VSCODE_GIT_IPC_HANDLE': '/run/user/1000/vscode-git-d88bdced48.sock', 'TERM_PROGRAM': 'vscode', 'GST_V4L2_USE_LIBV4L2': '1', 'UMS_SIZE': '256M', 'AMENT_PREFIX_PATH': '/home/orangepi/Multitask-Drone/install/drone_interfaces:/opt/ros/humble', 'LC_MESSAGES': 'en_US.UTF-8', 'SHELL': '/bin/bash', 'UMS_RO': '0', 'LESSCLOSE': '/usr/bin/lesspipe %s %s', 'UMS_FSTYPE': 'vfat', 'VSCODE_GIT_ASKPASS_EXTRA_ARGS': '', 'PWD': '/home/orangepi/Multitask-Drone/build/drone_controller', 'LC_ALL': 'en_US.UTF-8', 'SSH_CONNECTION': '192.168.137.1 35290 192.168.137.2 22', 'PYTHONPATH': '/home/orangepi/Multitask-Drone/build/drone_controller/prefix_override:/usr/lib/python3/dist-packages/colcon_core/task/python/colcon_distutils_commands:/home/orangepi/Multitask-Drone/install/drone_controller/lib/python3.10/site-packages:/home/orangepi/Multitask-Drone/install/drone_interfaces/local/lib/python3.10/dist-packages:/opt/ros/humble/lib/python3.10/site-packages:/opt/ros/humble/local/lib/python3.10/dist-packages', 'UMS_MOUNT': '0', 'COLCON': '1', 'UMS_FILE': '/userdata/ums_shared.img', 'CMAKE_PREFIX_PATH': '/home/orangepi/Multitask-Drone/install/drone_interfaces'}, 'shell': False}
[2.614146] (drone_vision) Command: {'cmd': ['/usr/bin/python3', '-W', 'ignore:setup.py install is deprecated', '-W', 'ignore:easy_install command is deprecated', 'setup.py', 'egg_info', '--egg-base', '../../build/drone_vision', 'build', '--build-base', '/home/orangepi/Multitask-Drone/build/drone_vision/build', 'install', '--record', '/home/orangepi/Multitask-Drone/build/drone_vision/install.log', '--single-version-externally-managed', 'install_data'], 'cwd': '/home/orangepi/Multitask-Drone/src/drone_vision', 'env': {'LESSOPEN': '| /usr/bin/lesspipe %s', 'UMS_MOUNTPOINT': '/mnt/ums', 'GST_V4L2_PREFERRED_FOURCC': 'NV12:YU12:NV16:YUY2', 'LANGUAGE': 'en_US.UTF-8', 'USER': 'orangepi', 'SSH_CLIENT': '192.168.137.1 35290 22', 'XDG_SESSION_TYPE': 'tty', 'GIT_ASKPASS': '/home/orangepi/.vscode-server/cli/servers/Stable-fabdb6a30b49f79a7aba0f2ad9df9b399473380f/server/extensions/git/dist/askpass.sh', 'SHLVL': '2', 'USB_FUNCS': 'adb', 'LD_LIBRARY_PATH': '/home/orangepi/Multitask-Drone/install/drone_interfaces/lib:/opt/ros/humble/opt/rviz_ogre_vendor/lib:/opt/ros/humble/lib/aarch64-linux-gnu:/opt/ros/humble/lib', 'BROWSER': '/home/orangepi/.vscode-server/cli/servers/Stable-fabdb6a30b49f79a7aba0f2ad9df9b399473380f/server/bin/helpers/browser.sh', 'MOTD_SHOWN': 'pam', 'HOME': '/home/orangepi', 'OLDPWD': '/home/orangepi', 'TERM_PROGRAM_VERSION': '1.96.2', 'VSCODE_IPC_HOOK_CLI': '/run/user/1000/vscode-ipc-b25b9547-7129-4734-a10c-64fa837cceca.sock', 'GST_INSPECT_NO_COLORS': '1', 'GST_MPP_NO_RGA': '1', 'ROS_PYTHON_VERSION': '3', 'COGL_DRIVER': 'gles2', 'VSCODE_GIT_ASKPASS_MAIN': '/home/orangepi/.vscode-server/cli/servers/Stable-fabdb6a30b49f79a7aba0f2ad9df9b399473380f/server/extensions/git/dist/askpass-main.js', 'VSCODE_GIT_ASKPASS_NODE': '/home/orangepi/.vscode-server/cli/servers/Stable-fabdb6a30b49f79a7aba0f2ad9df9b399473380f/server/node', 'SSL_CERT_FILE': '/usr/lib/ssl/certs/ca-certificates.crt', 'DBUS_SESSION_BUS_ADDRESS': 'unix:path=/run/user/1000/bus', 'COLORTERM': 'truecolor', 'GST_V4L2SRC_MAX_RESOLUTION': '3840x2160', 'ROS_DISTRO': 'humble', 'LOGNAME': 'orangepi', '_': '/usr/bin/colcon', 'ROS_VERSION': '2', 'XDG_SESSION_CLASS': 'user', 'TERM': 'xterm-256color', 'GST_GL_API': 'gles2', 'XDG_SESSION_ID': '5', 'GST_VIDEO_CONVERT_PREFERRED_FORMAT': 'NV12:NV16:I420:YUY2', 'GST_V4L2SRC_RK_DEVICES': '_mainpath:_selfpath:_bypass:_scale', 'ROS_LOCALHOST_ONLY': '0', 'PATH': '/home/orangepi/.vscode-server/cli/servers/Stable-fabdb6a30b49f79a7aba0f2ad9df9b399473380f/server/bin/remote-cli:/home/orangepi/.local/bin:/opt/ros/humble/bin:/usr/local/sbin:/usr/local/bin:/usr/sbin:/usr/bin:/sbin:/bin:/usr/games:/usr/local/games:/snap/bin', 'XDG_RUNTIME_DIR': '/run/user/1000', 'GST_GL_PLATFORM': 'egl', 'GST_DEBUG_NO_COLOR': '1', 'SSL_CERT_DIR': '/usr/lib/ssl/certs', 'GST_V4L2SRC_DEFAULT_DEVICE': '/dev/video-camera0', 'DISPLAY': ':0', 'LANG': 'en_US.UTF-8', 'LS_COLORS': 'rs=0:di=01;34:ln=01;36:mh=00:pi=40;33:so=01;35:do=01;35:bd=40;33;01:cd=40;33;01:or=40;31;01:mi=00:su=37;41:sg=30;43:ca=30;41:tw=30;42:ow=34;42:st=37;44:ex=01;32:*.tar=01;31:*.tgz=01;31:*.arc=01;31:*.arj=01;31:*.taz=01;31:*.lha=01;31:*.lz4=01;31:*.lzh=01;31:*.lzma=01;31:*.tlz=01;31:*.txz=01;31:*.tzo=01;31:*.t7z=01;31:*.zip=01;31:*.z=01;31:*.dz=01;31:*.gz=01;31:*.lrz=01;31:*.lz=01;31:*.lzo=01;31:*.xz=01;31:*.zst=01;31:*.tzst=01;31:*.bz2=01;31:*.bz=01;31:*.tbz=01;31:*.tbz2=01;31:*.tz=01;31:*.deb=01;31:*.rpm=01;31:*.jar=01;31:*.war=01;31:*.ear=01;31:*.sar=01;31:*.rar=01;31:*.alz=01;31:*.ace=01;31:*.zoo=01;31:*.cpio=01;31:*.7z=01;31:*.rz=01;31:*.cab=01;31:*.wim=01;31:*.swm=01;31:*.dwm=01;31:*.esd=01;31:*.jpg=01;35:*.jpeg=01;35:*.mjpg=01;35:*.mjpeg=01;35:*.gif=01;35:*.bmp=01;35:*.pbm=01;35:*.pgm=01;35:*.ppm=01;35:*.tga=01;35:*.xbm=01;35:*.xpm=01;35:*.tif=01;35:*.tiff=01;35:*.png=01;35:*.svg=01;35:*.svgz=01;35:*.mng=01;35:*.pcx=01;35:*.mov=01;35:*.mpg=01;35:*.mpeg=01;35:*.m2v=01;35:*.mkv=01;35:*.webm=01;35:*.webp=01;35:*.ogm=01;35:*.mp4=01;35:*.m4v=01;35:*.mp4v=01;35:*.vob=01;35:*.qt=01;35:*.nuv=01;35:*.wmv=01;35:*.asf=01;35:*.rm=01;35:*.rmvb=01;35:*.flc=01;35:*.avi=01;35:*.fli=01;35:*.flv=01;35:*.gl=01;35:*.dl=01;35:*.xcf=01;35:*.xwd=01;35:*.yuv=01;35:*.cgm=01;35:*.emf=01;35:*.ogv=01;35:*.ogx=01;35:*.aac=00;36:*.au=00;36:*.flac=00;36:*.m4a=00;36:*.mid=00;36:*.midi=00;36:*.mka=00;36:*.mp3=00;36:*.mpc=00;36:*.ogg=00;36:*.ra=00;36:*.wav=00;36:*.oga=00;36:*.opus=00;36:*.spx=00;36:*.xspf=00;36:', 'VSCODE_GIT_IPC_HANDLE': '/run/user/1000/vscode-git-d88bdced48.sock', 'TERM_PROGRAM': 'vscode', 'GST_V4L2_USE_LIBV4L2': '1', 'UMS_SIZE': '256M', 'AMENT_PREFIX_PATH': '/home/orangepi/Multitask-Drone/install/drone_interfaces:/opt/ros/humble', 'LC_MESSAGES': 'en_US.UTF-8', 'SHELL': '/bin/bash', 'UMS_RO': '0', 'LESSCLOSE': '/usr/bin/lesspipe %s %s', 'UMS_FSTYPE': 'vfat', 'VSCODE_GIT_ASKPASS_EXTRA_ARGS': '', 'PWD': '/home/orangepi/Multitask-Drone/build/drone_vision', 'LC_ALL': 'en_US.UTF-8', 'SSH_CONNECTION': '192.168.137.1 35290 192.168.137.2 22', 'PYTHONPATH': '/home/orangepi/Multitask-Drone/build/drone_vision/prefix_override:/usr/lib/python3/dist-packages/colcon_core/task/python/colcon_distutils_commands:/home/orangepi/Multitask-Drone/install/drone_vision/lib/python3.10/site-packages:/home/orangepi/Multitask-Drone/install/drone_interfaces/local/lib/python3.10/dist-packages:/opt/ros/humble/lib/python3.10/site-packages:/opt/ros/humble/local/lib/python3.10/dist-packages', 'UMS_MOUNT': '0', 'COLCON': '1', 'UMS_FILE': '/userdata/ums_shared.img', 'CMAKE_PREFIX_PATH': '/home/orangepi/Multitask-Drone/install/drone_interfaces'}, 'shell': False}
[2.625344] (-) TimerEvent: {}
[2.725967] (-) TimerEvent: {}
[2.826840] (-) TimerEvent: {}
[2.927711] (-) TimerEvent: {}
[2.954581] (drone_controller) StdoutLine: {'line': b'running egg_info\n'}
[2.955961] (drone_controller) StdoutLine: {'line': b'writing ../../build/drone_controller/drone_controller.egg-info/PKG-INFO\n'}
[2.956781] (drone_controller) StdoutLine: {'line': b'writing dependency_links to ../../build/drone_controller/drone_controller.egg-info/dependency_links.txt\n'}
[2.957502] (drone_controller) StdoutLine: {'line': b'writing entry points to ../../build/drone_controller/drone_controller.egg-info/entry_points.txt\n'}
[2.958191] (drone_controller) StdoutLine: {'line': b'writing requirements to ../../build/drone_controller/drone_controller.egg-info/requires.txt\n'}
[2.958671] (drone_controller) StdoutLine: {'line': b'writing top-level names to ../../build/drone_controller/drone_controller.egg-info/top_level.txt\n'}
[2.961492] (drone_controller) StdoutLine: {'line': b"reading manifest file '../../build/drone_controller/drone_controller.egg-info/SOURCES.txt'\n"}
[2.962233] (drone_controller) StdoutLine: {'line': b"adding license file 'LICENSE'\n"}
[2.962736] (drone_vision) StdoutLine: {'line': b'running egg_info\n'}
[2.963514] (drone_controller) StdoutLine: {'line': b"writing manifest file '../../build/drone_controller/drone_controller.egg-info/SOURCES.txt'\n"}
[2.964105] (drone_controller) StdoutLine: {'line': b'running build\n'}
[2.964528] (drone_controller) StdoutLine: {'line': b'running build_py\n'}
[2.964902] (drone_vision) StdoutLine: {'line': b'writing ../../build/drone_vision/drone_vision.egg-info/PKG-INFO\n'}
[2.965292] (drone_vision) StdoutLine: {'line': b'writing dependency_links to ../../build/drone_vision/drone_vision.egg-info/dependency_links.txt\n'}
[2.965692] (drone_vision) StdoutLine: {'line': b'writing entry points to ../../build/drone_vision/drone_vision.egg-info/entry_points.txt\n'}
[2.966107] (drone_vision) StdoutLine: {'line': b'writing requirements to ../../build/drone_vision/drone_vision.egg-info/requires.txt\n'}
[2.966488] (drone_vision) StdoutLine: {'line': b'writing top-level names to ../../build/drone_vision/drone_vision.egg-info/top_level.txt\n'}
[2.966861] (drone_controller) StdoutLine: {'line': b'running install\n'}
[2.967254] (drone_controller) StdoutLine: {'line': b'running install_lib\n'}
[2.967828] (drone_controller) StdoutLine: {'line': b'running install_data\n'}
[2.968264] (drone_controller) StdoutLine: {'line': b'copying launch/drone_controller.launch.py -> /home/orangepi/Multitask-Drone/install/drone_controller/share/drone_controller\n'}
[2.968755] (drone_controller) StdoutLine: {'line': b'running install_egg_info\n'}
[2.969123] (drone_vision) StdoutLine: {'line': b"reading manifest file '../../build/drone_vision/drone_vision.egg-info/SOURCES.txt'\n"}
[2.969531] (drone_vision) StdoutLine: {'line': b"adding license file 'LICENSE'\n"}
[2.969972] (drone_vision) StdoutLine: {'line': b"writing manifest file '../../build/drone_vision/drone_vision.egg-info/SOURCES.txt'\n"}
[2.970343] (drone_vision) StdoutLine: {'line': b'running build\n'}
[2.970712] (drone_vision) StdoutLine: {'line': b'running build_py\n'}
[2.971255] (drone_vision) StdoutLine: {'line': b'running install\n'}
[2.971833] (drone_vision) StdoutLine: {'line': b'running install_lib\n'}
[2.972270] (drone_controller) StdoutLine: {'line': b"removing '/home/orangepi/Multitask-Drone/install/drone_controller/lib/python3.10/site-packages/drone_controller-0.0.0-py3.10.egg-info' (and everything under it)\n"}
[2.972705] (drone_controller) StdoutLine: {'line': b'Copying ../../build/drone_controller/drone_controller.egg-info to /home/orangepi/Multitask-Drone/install/drone_controller/lib/python3.10/site-packages/drone_controller-0.0.0-py3.10.egg-info\n'}
[2.973230] (drone_controller) StdoutLine: {'line': b'running install_scripts\n'}
[2.973885] (drone_vision) StdoutLine: {'line': b'running install_data\n'}
[2.974334] (drone_vision) StdoutLine: {'line': b'running install_egg_info\n'}
[2.977433] (drone_vision) StdoutLine: {'line': b"removing '/home/orangepi/Multitask-Drone/install/drone_vision/lib/python3.10/site-packages/drone_vision-0.0.0-py3.10.egg-info' (and everything under it)\n"}
[2.978028] (drone_vision) StdoutLine: {'line': b'Copying ../../build/drone_vision/drone_vision.egg-info to /home/orangepi/Multitask-Drone/install/drone_vision/lib/python3.10/site-packages/drone_vision-0.0.0-py3.10.egg-info\n'}
[2.978972] (drone_vision) StdoutLine: {'line': b'running install_scripts\n'}
[3.010315] (drone_controller) StdoutLine: {'line': b'Installing drone_controller script to /home/orangepi/Multitask-Drone/install/drone_controller/lib/drone_controller\n'}
[3.010742] (drone_controller) StdoutLine: {'line': b'Installing task_executor script to /home/orangepi/Multitask-Drone/install/drone_controller/lib/drone_controller\n'}
[3.010938] (drone_controller) StdoutLine: {'line': b'Installing waypoint_handler script to /home/orangepi/Multitask-Drone/install/drone_controller/lib/drone_controller\n'}
[3.011125] (drone_controller) StdoutLine: {'line': b'Installing yiku_test script to /home/orangepi/Multitask-Drone/install/drone_controller/lib/drone_controller\n'}
[3.012077] (drone_controller) StdoutLine: {'line': b"writing list of installed files to '/home/orangepi/Multitask-Drone/build/drone_controller/install.log'\n"}
[3.014815] (drone_vision) StdoutLine: {'line': b'Installing object_detector script to /home/orangepi/Multitask-Drone/install/drone_vision/lib/drone_vision\n'}
[3.015686] (drone_vision) StdoutLine: {'line': b"writing list of installed files to '/home/orangepi/Multitask-Drone/build/drone_vision/install.log'\n"}
[3.027851] (-) TimerEvent: {}
[3.103077] (drone_controller) CommandEnded: {'returncode': 0}
[3.127915] (-) TimerEvent: {}
[3.133686] (drone_controller) JobEnded: {'identifier': 'drone_controller', 'rc': 0}
[3.138881] (drone_vision) CommandEnded: {'returncode': 0}
[3.167570] (drone_vision) JobEnded: {'identifier': 'drone_vision', 'rc': 0}
[3.169560] (-) EventReactorShutdown: {}
