[0.000000] (-) TimerEvent: {}
[0.000845] (drone_interfaces) JobQueued: {'identifier': 'drone_interfaces', 'dependencies': OrderedDict()}
[0.001053] (drone_monitor) JobQueued: {'identifier': 'drone_monitor', 'dependencies': OrderedDict()}
[0.001278] (drone_controller) JobQueued: {'identifier': 'drone_controller', 'dependencies': OrderedDict([('drone_interfaces', '/home/orangepi/Multitask-Drone/install/drone_interfaces')])}
[0.001359] (drone_vision) JobQueued: {'identifier': 'drone_vision', 'dependencies': OrderedDict([('drone_interfaces', '/home/orangepi/Multitask-Drone/install/drone_interfaces')])}
[0.001417] (drone_interfaces) JobStarted: {'identifier': 'drone_interfaces'}
[0.010998] (drone_monitor) JobStarted: {'identifier': 'drone_monitor'}
[0.022948] (drone_interfaces) JobProgress: {'identifier': 'drone_interfaces', 'progress': 'cmake'}
[0.024323] (drone_interfaces) JobProgress: {'identifier': 'drone_interfaces', 'progress': 'build'}
[0.025602] (drone_interfaces) Command: {'cmd': ['/usr/bin/cmake', '--build', '/home/orangepi/Multitask-Drone/build/drone_interfaces', '--', '-j8', '-l8'], 'cwd': '/home/orangepi/Multitask-Drone/build/drone_interfaces', 'env': OrderedDict([('LESSOPEN', '| /usr/bin/lesspipe %s'), ('UMS_MOUNTPOINT', '/mnt/ums'), ('GST_V4L2_PREFERRED_FOURCC', 'NV12:YU12:NV16:YUY2'), ('LANGUAGE', 'en_US.UTF-8'), ('USER', 'orangepi'), ('SSH_CLIENT', '192.168.137.1 27009 22'), ('XDG_SESSION_TYPE', 'tty'), ('GIT_ASKPASS', '/home/orangepi/.vscode-server/cli/servers/Stable-fabdb6a30b49f79a7aba0f2ad9df9b399473380f/server/extensions/git/dist/askpass.sh'), ('SHLVL', '1'), ('USB_FUNCS', 'adb'), ('LD_LIBRARY_PATH', '/opt/ros/humble/opt/rviz_ogre_vendor/lib:/opt/ros/humble/lib/aarch64-linux-gnu:/opt/ros/humble/lib'), ('BROWSER', '/home/orangepi/.vscode-server/cli/servers/Stable-fabdb6a30b49f79a7aba0f2ad9df9b399473380f/server/bin/helpers/browser.sh'), ('MOTD_SHOWN', 'pam'), ('HOME', '/home/orangepi'), ('OLDPWD', '/home/orangepi'), ('TERM_PROGRAM_VERSION', '1.96.2'), ('VSCODE_IPC_HOOK_CLI', '/run/user/1000/vscode-ipc-3ad536e0-12ba-46d1-8bbf-c7b85e32e074.sock'), ('GST_INSPECT_NO_COLORS', '1'), ('GST_MPP_NO_RGA', '1'), ('ROS_PYTHON_VERSION', '3'), ('COGL_DRIVER', 'gles2'), ('VSCODE_GIT_ASKPASS_MAIN', '/home/orangepi/.vscode-server/cli/servers/Stable-fabdb6a30b49f79a7aba0f2ad9df9b399473380f/server/extensions/git/dist/askpass-main.js'), ('VSCODE_GIT_ASKPASS_NODE', '/home/orangepi/.vscode-server/cli/servers/Stable-fabdb6a30b49f79a7aba0f2ad9df9b399473380f/server/node'), ('SSL_CERT_FILE', '/usr/lib/ssl/certs/ca-certificates.crt'), ('DBUS_SESSION_BUS_ADDRESS', 'unix:path=/run/user/1000/bus'), ('COLORTERM', 'truecolor'), ('GST_V4L2SRC_MAX_RESOLUTION', '3840x2160'), ('ROS_DISTRO', 'humble'), ('LOGNAME', 'orangepi'), ('_', '/usr/bin/colcon'), ('ROS_VERSION', '2'), ('XDG_SESSION_CLASS', 'user'), ('TERM', 'xterm-256color'), ('GST_GL_API', 'gles2'), ('XDG_SESSION_ID', '5'), ('GST_VIDEO_CONVERT_PREFERRED_FORMAT', 'NV12:NV16:I420:YUY2'), ('GST_V4L2SRC_RK_DEVICES', '_mainpath:_selfpath:_bypass:_scale'), ('ROS_LOCALHOST_ONLY', '0'), ('PATH', '/home/orangepi/.vscode-server/cli/servers/Stable-fabdb6a30b49f79a7aba0f2ad9df9b399473380f/server/bin/remote-cli:/home/orangepi/.local/bin:/opt/ros/humble/bin:/usr/local/sbin:/usr/local/bin:/usr/sbin:/usr/bin:/sbin:/bin:/usr/games:/usr/local/games:/snap/bin'), ('XDG_RUNTIME_DIR', '/run/user/1000'), ('GST_GL_PLATFORM', 'egl'), ('GST_DEBUG_NO_COLOR', '1'), ('SSL_CERT_DIR', '/usr/lib/ssl/certs'), ('GST_V4L2SRC_DEFAULT_DEVICE', '/dev/video-camera0'), ('DISPLAY', ':0'), ('LANG', 'en_US.UTF-8'), ('LS_COLORS', 'rs=0:di=01;34:ln=01;36:mh=00:pi=40;33:so=01;35:do=01;35:bd=40;33;01:cd=40;33;01:or=40;31;01:mi=00:su=37;41:sg=30;43:ca=30;41:tw=30;42:ow=34;42:st=37;44:ex=01;32:*.tar=01;31:*.tgz=01;31:*.arc=01;31:*.arj=01;31:*.taz=01;31:*.lha=01;31:*.lz4=01;31:*.lzh=01;31:*.lzma=01;31:*.tlz=01;31:*.txz=01;31:*.tzo=01;31:*.t7z=01;31:*.zip=01;31:*.z=01;31:*.dz=01;31:*.gz=01;31:*.lrz=01;31:*.lz=01;31:*.lzo=01;31:*.xz=01;31:*.zst=01;31:*.tzst=01;31:*.bz2=01;31:*.bz=01;31:*.tbz=01;31:*.tbz2=01;31:*.tz=01;31:*.deb=01;31:*.rpm=01;31:*.jar=01;31:*.war=01;31:*.ear=01;31:*.sar=01;31:*.rar=01;31:*.alz=01;31:*.ace=01;31:*.zoo=01;31:*.cpio=01;31:*.7z=01;31:*.rz=01;31:*.cab=01;31:*.wim=01;31:*.swm=01;31:*.dwm=01;31:*.esd=01;31:*.jpg=01;35:*.jpeg=01;35:*.mjpg=01;35:*.mjpeg=01;35:*.gif=01;35:*.bmp=01;35:*.pbm=01;35:*.pgm=01;35:*.ppm=01;35:*.tga=01;35:*.xbm=01;35:*.xpm=01;35:*.tif=01;35:*.tiff=01;35:*.png=01;35:*.svg=01;35:*.svgz=01;35:*.mng=01;35:*.pcx=01;35:*.mov=01;35:*.mpg=01;35:*.mpeg=01;35:*.m2v=01;35:*.mkv=01;35:*.webm=01;35:*.webp=01;35:*.ogm=01;35:*.mp4=01;35:*.m4v=01;35:*.mp4v=01;35:*.vob=01;35:*.qt=01;35:*.nuv=01;35:*.wmv=01;35:*.asf=01;35:*.rm=01;35:*.rmvb=01;35:*.flc=01;35:*.avi=01;35:*.fli=01;35:*.flv=01;35:*.gl=01;35:*.dl=01;35:*.xcf=01;35:*.xwd=01;35:*.yuv=01;35:*.cgm=01;35:*.emf=01;35:*.ogv=01;35:*.ogx=01;35:*.aac=00;36:*.au=00;36:*.flac=00;36:*.m4a=00;36:*.mid=00;36:*.midi=00;36:*.mka=00;36:*.mp3=00;36:*.mpc=00;36:*.ogg=00;36:*.ra=00;36:*.wav=00;36:*.oga=00;36:*.opus=00;36:*.spx=00;36:*.xspf=00;36:'), ('VSCODE_GIT_IPC_HANDLE', '/run/user/1000/vscode-git-d88bdced48.sock'), ('TERM_PROGRAM', 'vscode'), ('GST_V4L2_USE_LIBV4L2', '1'), ('UMS_SIZE', '256M'), ('AMENT_PREFIX_PATH', '/opt/ros/humble'), ('LC_MESSAGES', 'en_US.UTF-8'), ('SHELL', '/bin/bash'), ('UMS_RO', '0'), ('LESSCLOSE', '/usr/bin/lesspipe %s %s'), ('UMS_FSTYPE', 'vfat'), ('VSCODE_GIT_ASKPASS_EXTRA_ARGS', ''), ('PWD', '/home/orangepi/Multitask-Drone/build/drone_interfaces'), ('LC_ALL', 'en_US.UTF-8'), ('SSH_CONNECTION', '192.168.137.1 27009 192.168.137.2 22'), ('PYTHONPATH', '/opt/ros/humble/lib/python3.10/site-packages:/opt/ros/humble/local/lib/python3.10/dist-packages'), ('UMS_MOUNT', '0'), ('COLCON', '1'), ('UMS_FILE', '/userdata/ums_shared.img'), ('CMAKE_PREFIX_PATH', '/opt/ros/humble')]), 'shell': False}
[0.099038] (-) TimerEvent: {}
[0.185217] (drone_interfaces) StdoutLine: {'line': b'\x1b[35m\x1b[1mConsolidate compiler generated dependencies of target drone_interfaces__rosidl_generator_c\x1b[0m\n'}
[0.199320] (-) TimerEvent: {}
[0.213034] (drone_interfaces) StdoutLine: {'line': b'[  1%] Built target drone_interfaces__cpp\n'}
[0.235891] (drone_interfaces) StdoutLine: {'line': b'[  1%] Built target ament_cmake_python_copy_drone_interfaces\n'}
[0.237137] (drone_interfaces) StdoutLine: {'line': b'\x1b[35m\x1b[1mConsolidate compiler generated dependencies of target drone_interfaces__rosidl_typesupport_cpp\x1b[0m\n'}
[0.237959] (drone_interfaces) StdoutLine: {'line': b'[ 12%] Built target drone_interfaces__rosidl_generator_c\n'}
[0.245621] (drone_interfaces) StdoutLine: {'line': b'\x1b[35m\x1b[1mConsolidate compiler generated dependencies of target drone_interfaces__rosidl_typesupport_introspection_cpp\x1b[0m\n'}
[0.272700] (drone_interfaces) StdoutLine: {'line': b'\x1b[35m\x1b[1mConsolidate compiler generated dependencies of target drone_interfaces__rosidl_typesupport_fastrtps_cpp\x1b[0m\n'}
[0.274266] (drone_interfaces) StdoutLine: {'line': b'\x1b[35m\x1b[1mConsolidate compiler generated dependencies of target drone_interfaces__rosidl_typesupport_fastrtps_c\x1b[0m\n'}
[0.282862] (drone_interfaces) StdoutLine: {'line': b'[ 24%] Built target drone_interfaces__rosidl_typesupport_introspection_cpp\n'}
[0.298034] (drone_interfaces) StdoutLine: {'line': b'\x1b[35m\x1b[1mConsolidate compiler generated dependencies of target drone_interfaces__rosidl_typesupport_introspection_c\x1b[0m\n'}
[0.299080] (drone_interfaces) StdoutLine: {'line': b'\x1b[35m\x1b[1mConsolidate compiler generated dependencies of target drone_interfaces__rosidl_typesupport_c\x1b[0m\n'}
[0.299432] (-) TimerEvent: {}
[0.325575] (drone_interfaces) StdoutLine: {'line': b'[ 35%] Built target drone_interfaces__rosidl_typesupport_cpp\n'}
[0.329903] (drone_interfaces) StdoutLine: {'line': b'[ 47%] Built target drone_interfaces__rosidl_typesupport_c\n'}
[0.335455] (drone_interfaces) StdoutLine: {'line': b'[ 58%] Built target drone_interfaces__rosidl_typesupport_fastrtps_cpp\n'}
[0.357581] (drone_interfaces) StdoutLine: {'line': b'[ 77%] Built target drone_interfaces__rosidl_typesupport_fastrtps_c\n'}
[0.358358] (drone_interfaces) StdoutLine: {'line': b'[ 82%] Built target drone_interfaces__rosidl_typesupport_introspection_c\n'}
[0.399696] (-) TimerEvent: {}
[0.426097] (drone_interfaces) StdoutLine: {'line': b'[ 82%] Built target drone_interfaces\n'}
[0.499977] (-) TimerEvent: {}
[0.506357] (drone_interfaces) StdoutLine: {'line': b'[ 83%] Built target drone_interfaces__py\n'}
[0.548608] (drone_interfaces) StdoutLine: {'line': b'\x1b[35m\x1b[1mConsolidate compiler generated dependencies of target drone_interfaces__rosidl_generator_py\x1b[0m\n'}
[0.600151] (-) TimerEvent: {}
[0.611058] (drone_interfaces) StdoutLine: {'line': b'[ 93%] Built target drone_interfaces__rosidl_generator_py\n'}
[0.634845] (drone_interfaces) StdoutLine: {'line': b'running egg_info\n'}
[0.637259] (drone_interfaces) StdoutLine: {'line': b'writing drone_interfaces.egg-info/PKG-INFO\n'}
[0.637925] (drone_interfaces) StdoutLine: {'line': b'writing dependency_links to drone_interfaces.egg-info/dependency_links.txt\n'}
[0.638212] (drone_interfaces) StdoutLine: {'line': b'writing top-level names to drone_interfaces.egg-info/top_level.txt\n'}
[0.643660] (drone_interfaces) StdoutLine: {'line': b"reading manifest file 'drone_interfaces.egg-info/SOURCES.txt'\n"}
[0.644851] (drone_interfaces) StdoutLine: {'line': b"writing manifest file 'drone_interfaces.egg-info/SOURCES.txt'\n"}
[0.652024] (drone_interfaces) StdoutLine: {'line': b'\x1b[35m\x1b[1mConsolidate compiler generated dependencies of target drone_interfaces__rosidl_typesupport_introspection_c__pyext\x1b[0m\n'}
[0.652378] (drone_interfaces) StdoutLine: {'line': b'\x1b[35m\x1b[1mConsolidate compiler generated dependencies of target drone_interfaces__rosidl_typesupport_fastrtps_c__pyext\x1b[0m\n'}
[0.652523] (drone_interfaces) StdoutLine: {'line': b'\x1b[35m\x1b[1mConsolidate compiler generated dependencies of target drone_interfaces__rosidl_typesupport_c__pyext\x1b[0m\n'}
[0.700335] (-) TimerEvent: {}
[0.713553] (drone_interfaces) StdoutLine: {'line': b'[ 97%] Built target drone_interfaces__rosidl_typesupport_introspection_c__pyext\n'}
[0.714098] (drone_interfaces) StdoutLine: {'line': b'[ 97%] Built target drone_interfaces__rosidl_typesupport_fastrtps_c__pyext\n'}
[0.722649] (drone_interfaces) StdoutLine: {'line': b'[100%] Built target drone_interfaces__rosidl_typesupport_c__pyext\n'}
[0.747385] (drone_interfaces) StdoutLine: {'line': b'[100%] Built target ament_cmake_python_build_drone_interfaces_egg\n'}
[0.790617] (drone_interfaces) CommandEnded: {'returncode': 0}
[0.794465] (drone_interfaces) JobProgress: {'identifier': 'drone_interfaces', 'progress': 'install'}
[0.800555] (-) TimerEvent: {}
[0.829458] (drone_interfaces) Command: {'cmd': ['/usr/bin/cmake', '--install', '/home/orangepi/Multitask-Drone/build/drone_interfaces'], 'cwd': '/home/orangepi/Multitask-Drone/build/drone_interfaces', 'env': OrderedDict([('LESSOPEN', '| /usr/bin/lesspipe %s'), ('UMS_MOUNTPOINT', '/mnt/ums'), ('GST_V4L2_PREFERRED_FOURCC', 'NV12:YU12:NV16:YUY2'), ('LANGUAGE', 'en_US.UTF-8'), ('USER', 'orangepi'), ('SSH_CLIENT', '192.168.137.1 27009 22'), ('XDG_SESSION_TYPE', 'tty'), ('GIT_ASKPASS', '/home/orangepi/.vscode-server/cli/servers/Stable-fabdb6a30b49f79a7aba0f2ad9df9b399473380f/server/extensions/git/dist/askpass.sh'), ('SHLVL', '1'), ('USB_FUNCS', 'adb'), ('LD_LIBRARY_PATH', '/opt/ros/humble/opt/rviz_ogre_vendor/lib:/opt/ros/humble/lib/aarch64-linux-gnu:/opt/ros/humble/lib'), ('BROWSER', '/home/orangepi/.vscode-server/cli/servers/Stable-fabdb6a30b49f79a7aba0f2ad9df9b399473380f/server/bin/helpers/browser.sh'), ('MOTD_SHOWN', 'pam'), ('HOME', '/home/orangepi'), ('OLDPWD', '/home/orangepi'), ('TERM_PROGRAM_VERSION', '1.96.2'), ('VSCODE_IPC_HOOK_CLI', '/run/user/1000/vscode-ipc-3ad536e0-12ba-46d1-8bbf-c7b85e32e074.sock'), ('GST_INSPECT_NO_COLORS', '1'), ('GST_MPP_NO_RGA', '1'), ('ROS_PYTHON_VERSION', '3'), ('COGL_DRIVER', 'gles2'), ('VSCODE_GIT_ASKPASS_MAIN', '/home/orangepi/.vscode-server/cli/servers/Stable-fabdb6a30b49f79a7aba0f2ad9df9b399473380f/server/extensions/git/dist/askpass-main.js'), ('VSCODE_GIT_ASKPASS_NODE', '/home/orangepi/.vscode-server/cli/servers/Stable-fabdb6a30b49f79a7aba0f2ad9df9b399473380f/server/node'), ('SSL_CERT_FILE', '/usr/lib/ssl/certs/ca-certificates.crt'), ('DBUS_SESSION_BUS_ADDRESS', 'unix:path=/run/user/1000/bus'), ('COLORTERM', 'truecolor'), ('GST_V4L2SRC_MAX_RESOLUTION', '3840x2160'), ('ROS_DISTRO', 'humble'), ('LOGNAME', 'orangepi'), ('_', '/usr/bin/colcon'), ('ROS_VERSION', '2'), ('XDG_SESSION_CLASS', 'user'), ('TERM', 'xterm-256color'), ('GST_GL_API', 'gles2'), ('XDG_SESSION_ID', '5'), ('GST_VIDEO_CONVERT_PREFERRED_FORMAT', 'NV12:NV16:I420:YUY2'), ('GST_V4L2SRC_RK_DEVICES', '_mainpath:_selfpath:_bypass:_scale'), ('ROS_LOCALHOST_ONLY', '0'), ('PATH', '/home/orangepi/.vscode-server/cli/servers/Stable-fabdb6a30b49f79a7aba0f2ad9df9b399473380f/server/bin/remote-cli:/home/orangepi/.local/bin:/opt/ros/humble/bin:/usr/local/sbin:/usr/local/bin:/usr/sbin:/usr/bin:/sbin:/bin:/usr/games:/usr/local/games:/snap/bin'), ('XDG_RUNTIME_DIR', '/run/user/1000'), ('GST_GL_PLATFORM', 'egl'), ('GST_DEBUG_NO_COLOR', '1'), ('SSL_CERT_DIR', '/usr/lib/ssl/certs'), ('GST_V4L2SRC_DEFAULT_DEVICE', '/dev/video-camera0'), ('DISPLAY', ':0'), ('LANG', 'en_US.UTF-8'), ('LS_COLORS', 'rs=0:di=01;34:ln=01;36:mh=00:pi=40;33:so=01;35:do=01;35:bd=40;33;01:cd=40;33;01:or=40;31;01:mi=00:su=37;41:sg=30;43:ca=30;41:tw=30;42:ow=34;42:st=37;44:ex=01;32:*.tar=01;31:*.tgz=01;31:*.arc=01;31:*.arj=01;31:*.taz=01;31:*.lha=01;31:*.lz4=01;31:*.lzh=01;31:*.lzma=01;31:*.tlz=01;31:*.txz=01;31:*.tzo=01;31:*.t7z=01;31:*.zip=01;31:*.z=01;31:*.dz=01;31:*.gz=01;31:*.lrz=01;31:*.lz=01;31:*.lzo=01;31:*.xz=01;31:*.zst=01;31:*.tzst=01;31:*.bz2=01;31:*.bz=01;31:*.tbz=01;31:*.tbz2=01;31:*.tz=01;31:*.deb=01;31:*.rpm=01;31:*.jar=01;31:*.war=01;31:*.ear=01;31:*.sar=01;31:*.rar=01;31:*.alz=01;31:*.ace=01;31:*.zoo=01;31:*.cpio=01;31:*.7z=01;31:*.rz=01;31:*.cab=01;31:*.wim=01;31:*.swm=01;31:*.dwm=01;31:*.esd=01;31:*.jpg=01;35:*.jpeg=01;35:*.mjpg=01;35:*.mjpeg=01;35:*.gif=01;35:*.bmp=01;35:*.pbm=01;35:*.pgm=01;35:*.ppm=01;35:*.tga=01;35:*.xbm=01;35:*.xpm=01;35:*.tif=01;35:*.tiff=01;35:*.png=01;35:*.svg=01;35:*.svgz=01;35:*.mng=01;35:*.pcx=01;35:*.mov=01;35:*.mpg=01;35:*.mpeg=01;35:*.m2v=01;35:*.mkv=01;35:*.webm=01;35:*.webp=01;35:*.ogm=01;35:*.mp4=01;35:*.m4v=01;35:*.mp4v=01;35:*.vob=01;35:*.qt=01;35:*.nuv=01;35:*.wmv=01;35:*.asf=01;35:*.rm=01;35:*.rmvb=01;35:*.flc=01;35:*.avi=01;35:*.fli=01;35:*.flv=01;35:*.gl=01;35:*.dl=01;35:*.xcf=01;35:*.xwd=01;35:*.yuv=01;35:*.cgm=01;35:*.emf=01;35:*.ogv=01;35:*.ogx=01;35:*.aac=00;36:*.au=00;36:*.flac=00;36:*.m4a=00;36:*.mid=00;36:*.midi=00;36:*.mka=00;36:*.mp3=00;36:*.mpc=00;36:*.ogg=00;36:*.ra=00;36:*.wav=00;36:*.oga=00;36:*.opus=00;36:*.spx=00;36:*.xspf=00;36:'), ('VSCODE_GIT_IPC_HANDLE', '/run/user/1000/vscode-git-d88bdced48.sock'), ('TERM_PROGRAM', 'vscode'), ('GST_V4L2_USE_LIBV4L2', '1'), ('UMS_SIZE', '256M'), ('AMENT_PREFIX_PATH', '/opt/ros/humble'), ('LC_MESSAGES', 'en_US.UTF-8'), ('SHELL', '/bin/bash'), ('UMS_RO', '0'), ('LESSCLOSE', '/usr/bin/lesspipe %s %s'), ('UMS_FSTYPE', 'vfat'), ('VSCODE_GIT_ASKPASS_EXTRA_ARGS', ''), ('PWD', '/home/orangepi/Multitask-Drone/build/drone_interfaces'), ('LC_ALL', 'en_US.UTF-8'), ('SSH_CONNECTION', '192.168.137.1 27009 192.168.137.2 22'), ('PYTHONPATH', '/opt/ros/humble/lib/python3.10/site-packages:/opt/ros/humble/local/lib/python3.10/dist-packages'), ('UMS_MOUNT', '0'), ('COLCON', '1'), ('UMS_FILE', '/userdata/ums_shared.img'), ('CMAKE_PREFIX_PATH', '/opt/ros/humble')]), 'shell': False}
[0.860020] (drone_interfaces) StdoutLine: {'line': b'-- Install configuration: ""\n'}
[0.862134] (drone_interfaces) StdoutLine: {'line': b'-- Up-to-date: /home/orangepi/Multitask-Drone/install/drone_interfaces/share/ament_index/resource_index/rosidl_interfaces/drone_interfaces\n'}
[0.863144] (drone_interfaces) StdoutLine: {'line': b'-- Up-to-date: /home/orangepi/Multitask-Drone/install/drone_interfaces/include/drone_interfaces/drone_interfaces\n'}
[0.864387] (drone_interfaces) StdoutLine: {'line': b'-- Up-to-date: /home/orangepi/Multitask-Drone/install/drone_interfaces/include/drone_interfaces/drone_interfaces/srv\n'}
[0.865109] (drone_interfaces) StdoutLine: {'line': b'-- Up-to-date: /home/orangepi/Multitask-Drone/install/drone_interfaces/include/drone_interfaces/drone_interfaces/srv/yolo_request.h\n'}
[0.866248] (drone_interfaces) StdoutLine: {'line': b'-- Up-to-date: /home/orangepi/Multitask-Drone/install/drone_interfaces/include/drone_interfaces/drone_interfaces/srv/detail\n'}
[0.867307] (drone_interfaces) StdoutLine: {'line': b'-- Up-to-date: /home/orangepi/Multitask-Drone/install/drone_interfaces/include/drone_interfaces/drone_interfaces/srv/detail/task_dispatch__functions.c\n'}
[0.868240] (drone_interfaces) StdoutLine: {'line': b'-- Up-to-date: /home/orangepi/Multitask-Drone/install/drone_interfaces/include/drone_interfaces/drone_interfaces/srv/detail/yolo_request__functions.c\n'}
[0.869004] (drone_interfaces) StdoutLine: {'line': b'-- Up-to-date: /home/orangepi/Multitask-Drone/install/drone_interfaces/include/drone_interfaces/drone_interfaces/srv/detail/yolo_request__type_support.h\n'}
[0.871196] (drone_interfaces) StdoutLine: {'line': b'-- Up-to-date: /home/orangepi/Multitask-Drone/install/drone_interfaces/include/drone_interfaces/drone_interfaces/srv/detail/task_push__functions.c\n'}
[0.871923] (drone_interfaces) StdoutLine: {'line': b'-- Up-to-date: /home/orangepi/Multitask-Drone/install/drone_interfaces/include/drone_interfaces/drone_interfaces/srv/detail/task_push__struct.h\n'}
[0.872493] (drone_interfaces) StdoutLine: {'line': b'-- Up-to-date: /home/orangepi/Multitask-Drone/install/drone_interfaces/include/drone_interfaces/drone_interfaces/srv/detail/task_dispatch__struct.h\n'}
[0.872993] (drone_interfaces) StdoutLine: {'line': b'-- Up-to-date: /home/orangepi/Multitask-Drone/install/drone_interfaces/include/drone_interfaces/drone_interfaces/srv/detail/task_push__functions.h\n'}
[0.873408] (drone_interfaces) StdoutLine: {'line': b'-- Up-to-date: /home/orangepi/Multitask-Drone/install/drone_interfaces/include/drone_interfaces/drone_interfaces/srv/detail/yolo_request__functions.h\n'}
[0.873808] (drone_interfaces) StdoutLine: {'line': b'-- Up-to-date: /home/orangepi/Multitask-Drone/install/drone_interfaces/include/drone_interfaces/drone_interfaces/srv/detail/task_dispatch__type_support.h\n'}
[0.874236] (drone_interfaces) StdoutLine: {'line': b'-- Up-to-date: /home/orangepi/Multitask-Drone/install/drone_interfaces/include/drone_interfaces/drone_interfaces/srv/detail/task_dispatch__functions.h\n'}
[0.874629] (drone_interfaces) StdoutLine: {'line': b'-- Up-to-date: /home/orangepi/Multitask-Drone/install/drone_interfaces/include/drone_interfaces/drone_interfaces/srv/detail/yolo_request__struct.h\n'}
[0.875011] (drone_interfaces) StdoutLine: {'line': b'-- Up-to-date: /home/orangepi/Multitask-Drone/install/drone_interfaces/include/drone_interfaces/drone_interfaces/srv/detail/task_push__type_support.h\n'}
[0.875396] (drone_interfaces) StdoutLine: {'line': b'-- Up-to-date: /home/orangepi/Multitask-Drone/install/drone_interfaces/include/drone_interfaces/drone_interfaces/srv/task_push.h\n'}
[0.875780] (drone_interfaces) StdoutLine: {'line': b'-- Up-to-date: /home/orangepi/Multitask-Drone/install/drone_interfaces/include/drone_interfaces/drone_interfaces/srv/task_dispatch.h\n'}
[0.876161] (drone_interfaces) StdoutLine: {'line': b'-- Up-to-date: /home/orangepi/Multitask-Drone/install/drone_interfaces/include/drone_interfaces/drone_interfaces/action\n'}
[0.876541] (drone_interfaces) StdoutLine: {'line': b'-- Up-to-date: /home/orangepi/Multitask-Drone/install/drone_interfaces/include/drone_interfaces/drone_interfaces/action/detail\n'}
[0.876918] (drone_interfaces) StdoutLine: {'line': b'-- Up-to-date: /home/orangepi/Multitask-Drone/install/drone_interfaces/include/drone_interfaces/drone_interfaces/action/detail/execute_waypoint__type_support.h\n'}
[0.877298] (drone_interfaces) StdoutLine: {'line': b'-- Up-to-date: /home/orangepi/Multitask-Drone/install/drone_interfaces/include/drone_interfaces/drone_interfaces/action/detail/execute_waypoint__struct.h\n'}
[0.877711] (drone_interfaces) StdoutLine: {'line': b'-- Up-to-date: /home/orangepi/Multitask-Drone/install/drone_interfaces/include/drone_interfaces/drone_interfaces/action/detail/execute_waypoint__functions.h\n'}
[0.878137] (drone_interfaces) StdoutLine: {'line': b'-- Up-to-date: /home/orangepi/Multitask-Drone/install/drone_interfaces/include/drone_interfaces/drone_interfaces/action/detail/execute_waypoint__functions.c\n'}
[0.878513] (drone_interfaces) StdoutLine: {'line': b'-- Up-to-date: /home/orangepi/Multitask-Drone/install/drone_interfaces/include/drone_interfaces/drone_interfaces/action/execute_waypoint.h\n'}
[0.878888] (drone_interfaces) StdoutLine: {'line': b'-- Up-to-date: /home/orangepi/Multitask-Drone/install/drone_interfaces/include/drone_interfaces/drone_interfaces/msg\n'}
[0.879263] (drone_interfaces) StdoutLine: {'line': b'-- Up-to-date: /home/orangepi/Multitask-Drone/install/drone_interfaces/include/drone_interfaces/drone_interfaces/msg/rosidl_generator_c__visibility_control.h\n'}
[0.879642] (drone_interfaces) StdoutLine: {'line': b'-- Up-to-date: /home/orangepi/Multitask-Drone/install/drone_interfaces/include/drone_interfaces/drone_interfaces/msg/panel_box.h\n'}
[0.880020] (drone_interfaces) StdoutLine: {'line': b'-- Up-to-date: /home/orangepi/Multitask-Drone/install/drone_interfaces/include/drone_interfaces/drone_interfaces/msg/detail\n'}
[0.880396] (drone_interfaces) StdoutLine: {'line': b'-- Up-to-date: /home/orangepi/Multitask-Drone/install/drone_interfaces/include/drone_interfaces/drone_interfaces/msg/detail/panel_box__functions.c\n'}
[0.880802] (drone_interfaces) StdoutLine: {'line': b'-- Up-to-date: /home/orangepi/Multitask-Drone/install/drone_interfaces/include/drone_interfaces/drone_interfaces/msg/detail/task_state__type_support.h\n'}
[0.881254] (drone_interfaces) StdoutLine: {'line': b'-- Up-to-date: /home/orangepi/Multitask-Drone/install/drone_interfaces/include/drone_interfaces/drone_interfaces/msg/detail/yaw__functions.c\n'}
[0.881633] (drone_interfaces) StdoutLine: {'line': b'-- Up-to-date: /home/orangepi/Multitask-Drone/install/drone_interfaces/include/drone_interfaces/drone_interfaces/msg/detail/task__struct.h\n'}
[0.882009] (drone_interfaces) StdoutLine: {'line': b'-- Up-to-date: /home/orangepi/Multitask-Drone/install/drone_interfaces/include/drone_interfaces/drone_interfaces/msg/detail/task_state__struct.h\n'}
[0.882386] (drone_interfaces) StdoutLine: {'line': b'-- Up-to-date: /home/orangepi/Multitask-Drone/install/drone_interfaces/include/drone_interfaces/drone_interfaces/msg/detail/yaw__type_support.h\n'}
[0.882768] (drone_interfaces) StdoutLine: {'line': b'-- Up-to-date: /home/orangepi/Multitask-Drone/install/drone_interfaces/include/drone_interfaces/drone_interfaces/msg/detail/task_state__functions.h\n'}
[0.883146] (drone_interfaces) StdoutLine: {'line': b'-- Up-to-date: /home/orangepi/Multitask-Drone/install/drone_interfaces/include/drone_interfaces/drone_interfaces/msg/detail/panel_box__struct.h\n'}
[0.883524] (drone_interfaces) StdoutLine: {'line': b'-- Up-to-date: /home/orangepi/Multitask-Drone/install/drone_interfaces/include/drone_interfaces/drone_interfaces/msg/detail/raw_waypoint__functions.h\n'}
[0.883906] (drone_interfaces) StdoutLine: {'line': b'-- Up-to-date: /home/orangepi/Multitask-Drone/install/drone_interfaces/include/drone_interfaces/drone_interfaces/msg/detail/raw_waypoint__type_support.h\n'}
[0.884417] (drone_interfaces) StdoutLine: {'line': b'-- Up-to-date: /home/orangepi/Multitask-Drone/install/drone_interfaces/include/drone_interfaces/drone_interfaces/msg/detail/yaw__struct.h\n'}
[0.884808] (drone_interfaces) StdoutLine: {'line': b'-- Up-to-date: /home/orangepi/Multitask-Drone/install/drone_interfaces/include/drone_interfaces/drone_interfaces/msg/detail/task__functions.c\n'}
[0.885189] (drone_interfaces) StdoutLine: {'line': b'-- Up-to-date: /home/orangepi/Multitask-Drone/install/drone_interfaces/include/drone_interfaces/drone_interfaces/msg/detail/yaw__functions.h\n'}
[0.885564] (drone_interfaces) StdoutLine: {'line': b'-- Up-to-date: /home/orangepi/Multitask-Drone/install/drone_interfaces/include/drone_interfaces/drone_interfaces/msg/detail/panel_box__type_support.h\n'}
[0.885973] (drone_interfaces) StdoutLine: {'line': b'-- Up-to-date: /home/orangepi/Multitask-Drone/install/drone_interfaces/include/drone_interfaces/drone_interfaces/msg/detail/task_state__functions.c\n'}
[0.886352] (drone_interfaces) StdoutLine: {'line': b'-- Up-to-date: /home/orangepi/Multitask-Drone/install/drone_interfaces/include/drone_interfaces/drone_interfaces/msg/detail/task__type_support.h\n'}
[0.886729] (drone_interfaces) StdoutLine: {'line': b'-- Up-to-date: /home/orangepi/Multitask-Drone/install/drone_interfaces/include/drone_interfaces/drone_interfaces/msg/detail/task__functions.h\n'}
[0.887110] (drone_interfaces) StdoutLine: {'line': b'-- Up-to-date: /home/orangepi/Multitask-Drone/install/drone_interfaces/include/drone_interfaces/drone_interfaces/msg/detail/panel_box__functions.h\n'}
[0.887517] (drone_interfaces) StdoutLine: {'line': b'-- Up-to-date: /home/orangepi/Multitask-Drone/install/drone_interfaces/include/drone_interfaces/drone_interfaces/msg/detail/raw_waypoint__functions.c\n'}
[0.887914] (drone_interfaces) StdoutLine: {'line': b'-- Up-to-date: /home/orangepi/Multitask-Drone/install/drone_interfaces/include/drone_interfaces/drone_interfaces/msg/detail/raw_waypoint__struct.h\n'}
[0.888290] (drone_interfaces) StdoutLine: {'line': b'-- Up-to-date: /home/orangepi/Multitask-Drone/install/drone_interfaces/include/drone_interfaces/drone_interfaces/msg/raw_waypoint.h\n'}
[0.888669] (drone_interfaces) StdoutLine: {'line': b'-- Up-to-date: /home/orangepi/Multitask-Drone/install/drone_interfaces/include/drone_interfaces/drone_interfaces/msg/yaw.h\n'}
[0.889048] (drone_interfaces) StdoutLine: {'line': b'-- Up-to-date: /home/orangepi/Multitask-Drone/install/drone_interfaces/include/drone_interfaces/drone_interfaces/msg/task.h\n'}
[0.889424] (drone_interfaces) StdoutLine: {'line': b'-- Up-to-date: /home/orangepi/Multitask-Drone/install/drone_interfaces/include/drone_interfaces/drone_interfaces/msg/task_state.h\n'}
[0.889802] (drone_interfaces) StdoutLine: {'line': b'-- Up-to-date: /home/orangepi/Multitask-Drone/install/drone_interfaces/share/drone_interfaces/environment/library_path.sh\n'}
[0.890177] (drone_interfaces) StdoutLine: {'line': b'-- Up-to-date: /home/orangepi/Multitask-Drone/install/drone_interfaces/share/drone_interfaces/environment/library_path.dsv\n'}
[0.890554] (drone_interfaces) StdoutLine: {'line': b'-- Up-to-date: /home/orangepi/Multitask-Drone/install/drone_interfaces/lib/libdrone_interfaces__rosidl_generator_c.so\n'}
[0.891012] (drone_interfaces) StdoutLine: {'line': b'-- Up-to-date: /home/orangepi/Multitask-Drone/install/drone_interfaces/include/drone_interfaces/drone_interfaces\n'}
[0.891394] (drone_interfaces) StdoutLine: {'line': b'-- Up-to-date: /home/orangepi/Multitask-Drone/install/drone_interfaces/include/drone_interfaces/drone_interfaces/srv\n'}
[0.891809] (drone_interfaces) StdoutLine: {'line': b'-- Up-to-date: /home/orangepi/Multitask-Drone/install/drone_interfaces/include/drone_interfaces/drone_interfaces/srv/detail\n'}
[0.892190] (drone_interfaces) StdoutLine: {'line': b'-- Up-to-date: /home/orangepi/Multitask-Drone/install/drone_interfaces/include/drone_interfaces/drone_interfaces/srv/detail/task_dispatch__rosidl_typesupport_fastrtps_c.h\n'}
[0.892570] (drone_interfaces) StdoutLine: {'line': b'-- Up-to-date: /home/orangepi/Multitask-Drone/install/drone_interfaces/include/drone_interfaces/drone_interfaces/srv/detail/task_push__rosidl_typesupport_fastrtps_c.h\n'}
[0.892953] (drone_interfaces) StdoutLine: {'line': b'-- Up-to-date: /home/orangepi/Multitask-Drone/install/drone_interfaces/include/drone_interfaces/drone_interfaces/srv/detail/yolo_request__rosidl_typesupport_fastrtps_c.h\n'}
[0.893332] (drone_interfaces) StdoutLine: {'line': b'-- Up-to-date: /home/orangepi/Multitask-Drone/install/drone_interfaces/include/drone_interfaces/drone_interfaces/action\n'}
[0.893709] (drone_interfaces) StdoutLine: {'line': b'-- Up-to-date: /home/orangepi/Multitask-Drone/install/drone_interfaces/include/drone_interfaces/drone_interfaces/action/detail\n'}
[0.894124] (drone_interfaces) StdoutLine: {'line': b'-- Up-to-date: /home/orangepi/Multitask-Drone/install/drone_interfaces/include/drone_interfaces/drone_interfaces/action/detail/execute_waypoint__rosidl_typesupport_fastrtps_c.h\n'}
[0.894562] (drone_interfaces) StdoutLine: {'line': b'-- Up-to-date: /home/orangepi/Multitask-Drone/install/drone_interfaces/include/drone_interfaces/drone_interfaces/msg\n'}
[0.894940] (drone_interfaces) StdoutLine: {'line': b'-- Up-to-date: /home/orangepi/Multitask-Drone/install/drone_interfaces/include/drone_interfaces/drone_interfaces/msg/detail\n'}
[0.895320] (drone_interfaces) StdoutLine: {'line': b'-- Up-to-date: /home/orangepi/Multitask-Drone/install/drone_interfaces/include/drone_interfaces/drone_interfaces/msg/detail/raw_waypoint__rosidl_typesupport_fastrtps_c.h\n'}
[0.895759] (drone_interfaces) StdoutLine: {'line': b'-- Up-to-date: /home/orangepi/Multitask-Drone/install/drone_interfaces/include/drone_interfaces/drone_interfaces/msg/detail/task_state__rosidl_typesupport_fastrtps_c.h\n'}
[0.896141] (drone_interfaces) StdoutLine: {'line': b'-- Up-to-date: /home/orangepi/Multitask-Drone/install/drone_interfaces/include/drone_interfaces/drone_interfaces/msg/detail/task__rosidl_typesupport_fastrtps_c.h\n'}
[0.896517] (drone_interfaces) StdoutLine: {'line': b'-- Up-to-date: /home/orangepi/Multitask-Drone/install/drone_interfaces/include/drone_interfaces/drone_interfaces/msg/detail/yaw__rosidl_typesupport_fastrtps_c.h\n'}
[0.896897] (drone_interfaces) StdoutLine: {'line': b'-- Up-to-date: /home/orangepi/Multitask-Drone/install/drone_interfaces/include/drone_interfaces/drone_interfaces/msg/detail/panel_box__rosidl_typesupport_fastrtps_c.h\n'}
[0.897274] (drone_interfaces) StdoutLine: {'line': b'-- Up-to-date: /home/orangepi/Multitask-Drone/install/drone_interfaces/include/drone_interfaces/drone_interfaces/msg/rosidl_typesupport_fastrtps_c__visibility_control.h\n'}
[0.897688] (drone_interfaces) StdoutLine: {'line': b'-- Up-to-date: /home/orangepi/Multitask-Drone/install/drone_interfaces/lib/libdrone_interfaces__rosidl_typesupport_fastrtps_c.so\n'}
[0.898073] (drone_interfaces) StdoutLine: {'line': b'-- Up-to-date: /home/orangepi/Multitask-Drone/install/drone_interfaces/include/drone_interfaces/drone_interfaces\n'}
[0.898455] (drone_interfaces) StdoutLine: {'line': b'-- Up-to-date: /home/orangepi/Multitask-Drone/install/drone_interfaces/include/drone_interfaces/drone_interfaces/srv\n'}
[0.898832] (drone_interfaces) StdoutLine: {'line': b'-- Up-to-date: /home/orangepi/Multitask-Drone/install/drone_interfaces/include/drone_interfaces/drone_interfaces/srv/detail\n'}
[0.899210] (drone_interfaces) StdoutLine: {'line': b'-- Up-to-date: /home/orangepi/Multitask-Drone/install/drone_interfaces/include/drone_interfaces/drone_interfaces/srv/detail/yolo_request__rosidl_typesupport_introspection_c.h\n'}
[0.899590] (drone_interfaces) StdoutLine: {'line': b'-- Up-to-date: /home/orangepi/Multitask-Drone/install/drone_interfaces/include/drone_interfaces/drone_interfaces/srv/detail/task_push__type_support.c\n'}
[0.899968] (drone_interfaces) StdoutLine: {'line': b'-- Up-to-date: /home/orangepi/Multitask-Drone/install/drone_interfaces/include/drone_interfaces/drone_interfaces/srv/detail/yolo_request__type_support.c\n'}
[0.900344] (drone_interfaces) StdoutLine: {'line': b'-- Up-to-date: /home/orangepi/Multitask-Drone/install/drone_interfaces/include/drone_interfaces/drone_interfaces/srv/detail/task_push__rosidl_typesupport_introspection_c.h\n'}
[0.900730] (-) TimerEvent: {}
[0.901214] (drone_interfaces) StdoutLine: {'line': b'-- Up-to-date: /home/orangepi/Multitask-Drone/install/drone_interfaces/include/drone_interfaces/drone_interfaces/srv/detail/task_dispatch__type_support.c\n'}
[0.901631] (drone_interfaces) StdoutLine: {'line': b'-- Up-to-date: /home/orangepi/Multitask-Drone/install/drone_interfaces/include/drone_interfaces/drone_interfaces/srv/detail/task_dispatch__rosidl_typesupport_introspection_c.h\n'}
[0.902028] (drone_interfaces) StdoutLine: {'line': b'-- Up-to-date: /home/orangepi/Multitask-Drone/install/drone_interfaces/include/drone_interfaces/drone_interfaces/action\n'}
[0.902500] (drone_interfaces) StdoutLine: {'line': b'-- Up-to-date: /home/orangepi/Multitask-Drone/install/drone_interfaces/include/drone_interfaces/drone_interfaces/action/detail\n'}
[0.902882] (drone_interfaces) StdoutLine: {'line': b'-- Up-to-date: /home/orangepi/Multitask-Drone/install/drone_interfaces/include/drone_interfaces/drone_interfaces/action/detail/execute_waypoint__type_support.c\n'}
[0.903269] (drone_interfaces) StdoutLine: {'line': b'-- Up-to-date: /home/orangepi/Multitask-Drone/install/drone_interfaces/include/drone_interfaces/drone_interfaces/action/detail/execute_waypoint__rosidl_typesupport_introspection_c.h\n'}
[0.903654] (drone_interfaces) StdoutLine: {'line': b'-- Up-to-date: /home/orangepi/Multitask-Drone/install/drone_interfaces/include/drone_interfaces/drone_interfaces/msg\n'}
[0.904061] (drone_interfaces) StdoutLine: {'line': b'-- Up-to-date: /home/orangepi/Multitask-Drone/install/drone_interfaces/include/drone_interfaces/drone_interfaces/msg/detail\n'}
[0.904458] (drone_interfaces) StdoutLine: {'line': b'-- Up-to-date: /home/orangepi/Multitask-Drone/install/drone_interfaces/include/drone_interfaces/drone_interfaces/msg/detail/yaw__type_support.c\n'}
[0.904844] (drone_interfaces) StdoutLine: {'line': b'-- Up-to-date: /home/orangepi/Multitask-Drone/install/drone_interfaces/include/drone_interfaces/drone_interfaces/msg/detail/raw_waypoint__type_support.c\n'}
[0.905226] (drone_interfaces) StdoutLine: {'line': b'-- Up-to-date: /home/orangepi/Multitask-Drone/install/drone_interfaces/include/drone_interfaces/drone_interfaces/msg/detail/task__rosidl_typesupport_introspection_c.h\n'}
[0.905606] (drone_interfaces) StdoutLine: {'line': b'-- Up-to-date: /home/orangepi/Multitask-Drone/install/drone_interfaces/include/drone_interfaces/drone_interfaces/msg/detail/task_state__type_support.c\n'}
[0.905984] (drone_interfaces) StdoutLine: {'line': b'-- Up-to-date: /home/orangepi/Multitask-Drone/install/drone_interfaces/include/drone_interfaces/drone_interfaces/msg/detail/raw_waypoint__rosidl_typesupport_introspection_c.h\n'}
[0.906367] (drone_interfaces) StdoutLine: {'line': b'-- Up-to-date: /home/orangepi/Multitask-Drone/install/drone_interfaces/include/drone_interfaces/drone_interfaces/msg/detail/task__type_support.c\n'}
[0.906753] (drone_interfaces) StdoutLine: {'line': b'-- Up-to-date: /home/orangepi/Multitask-Drone/install/drone_interfaces/include/drone_interfaces/drone_interfaces/msg/detail/yaw__rosidl_typesupport_introspection_c.h\n'}
[0.907223] (drone_interfaces) StdoutLine: {'line': b'-- Up-to-date: /home/orangepi/Multitask-Drone/install/drone_interfaces/include/drone_interfaces/drone_interfaces/msg/detail/task_state__rosidl_typesupport_introspection_c.h\n'}
[0.907580] (drone_interfaces) StdoutLine: {'line': b'-- Up-to-date: /home/orangepi/Multitask-Drone/install/drone_interfaces/include/drone_interfaces/drone_interfaces/msg/detail/panel_box__type_support.c\n'}
[0.907695] (drone_interfaces) StdoutLine: {'line': b'-- Up-to-date: /home/orangepi/Multitask-Drone/install/drone_interfaces/include/drone_interfaces/drone_interfaces/msg/detail/panel_box__rosidl_typesupport_introspection_c.h\n'}
[0.907784] (drone_interfaces) StdoutLine: {'line': b'-- Up-to-date: /home/orangepi/Multitask-Drone/install/drone_interfaces/include/drone_interfaces/drone_interfaces/msg/rosidl_typesupport_introspection_c__visibility_control.h\n'}
[0.907867] (drone_interfaces) StdoutLine: {'line': b'-- Up-to-date: /home/orangepi/Multitask-Drone/install/drone_interfaces/lib/libdrone_interfaces__rosidl_typesupport_introspection_c.so\n'}
[0.907947] (drone_interfaces) StdoutLine: {'line': b'-- Up-to-date: /home/orangepi/Multitask-Drone/install/drone_interfaces/lib/libdrone_interfaces__rosidl_typesupport_c.so\n'}
[0.908027] (drone_interfaces) StdoutLine: {'line': b'-- Up-to-date: /home/orangepi/Multitask-Drone/install/drone_interfaces/include/drone_interfaces/drone_interfaces\n'}
[0.908105] (drone_interfaces) StdoutLine: {'line': b'-- Up-to-date: /home/orangepi/Multitask-Drone/install/drone_interfaces/include/drone_interfaces/drone_interfaces/srv\n'}
[0.908215] (drone_interfaces) StdoutLine: {'line': b'-- Up-to-date: /home/orangepi/Multitask-Drone/install/drone_interfaces/include/drone_interfaces/drone_interfaces/srv/task_dispatch.hpp\n'}
[0.908295] (drone_interfaces) StdoutLine: {'line': b'-- Up-to-date: /home/orangepi/Multitask-Drone/install/drone_interfaces/include/drone_interfaces/drone_interfaces/srv/detail\n'}
[0.908372] (drone_interfaces) StdoutLine: {'line': b'-- Up-to-date: /home/orangepi/Multitask-Drone/install/drone_interfaces/include/drone_interfaces/drone_interfaces/srv/detail/task_dispatch__builder.hpp\n'}
[0.908451] (drone_interfaces) StdoutLine: {'line': b'-- Up-to-date: /home/orangepi/Multitask-Drone/install/drone_interfaces/include/drone_interfaces/drone_interfaces/srv/detail/yolo_request__traits.hpp\n'}
[0.908530] (drone_interfaces) StdoutLine: {'line': b'-- Up-to-date: /home/orangepi/Multitask-Drone/install/drone_interfaces/include/drone_interfaces/drone_interfaces/srv/detail/task_dispatch__struct.hpp\n'}
[0.908607] (drone_interfaces) StdoutLine: {'line': b'-- Up-to-date: /home/orangepi/Multitask-Drone/install/drone_interfaces/include/drone_interfaces/drone_interfaces/srv/detail/task_dispatch__type_support.hpp\n'}
[0.908684] (drone_interfaces) StdoutLine: {'line': b'-- Up-to-date: /home/orangepi/Multitask-Drone/install/drone_interfaces/include/drone_interfaces/drone_interfaces/srv/detail/yolo_request__type_support.hpp\n'}
[0.908774] (drone_interfaces) StdoutLine: {'line': b'-- Up-to-date: /home/orangepi/Multitask-Drone/install/drone_interfaces/include/drone_interfaces/drone_interfaces/srv/detail/task_push__traits.hpp\n'}
[0.908855] (drone_interfaces) StdoutLine: {'line': b'-- Up-to-date: /home/orangepi/Multitask-Drone/install/drone_interfaces/include/drone_interfaces/drone_interfaces/srv/detail/task_dispatch__traits.hpp\n'}
[0.908935] (drone_interfaces) StdoutLine: {'line': b'-- Up-to-date: /home/orangepi/Multitask-Drone/install/drone_interfaces/include/drone_interfaces/drone_interfaces/srv/detail/yolo_request__struct.hpp\n'}
[0.909011] (drone_interfaces) StdoutLine: {'line': b'-- Up-to-date: /home/orangepi/Multitask-Drone/install/drone_interfaces/include/drone_interfaces/drone_interfaces/srv/detail/yolo_request__builder.hpp\n'}
[0.909088] (drone_interfaces) StdoutLine: {'line': b'-- Up-to-date: /home/orangepi/Multitask-Drone/install/drone_interfaces/include/drone_interfaces/drone_interfaces/srv/detail/task_push__struct.hpp\n'}
[0.909165] (drone_interfaces) StdoutLine: {'line': b'-- Up-to-date: /home/orangepi/Multitask-Drone/install/drone_interfaces/include/drone_interfaces/drone_interfaces/srv/detail/task_push__type_support.hpp\n'}
[0.909245] (drone_interfaces) StdoutLine: {'line': b'-- Up-to-date: /home/orangepi/Multitask-Drone/install/drone_interfaces/include/drone_interfaces/drone_interfaces/srv/detail/task_push__builder.hpp\n'}
[0.909322] (drone_interfaces) StdoutLine: {'line': b'-- Up-to-date: /home/orangepi/Multitask-Drone/install/drone_interfaces/include/drone_interfaces/drone_interfaces/srv/yolo_request.hpp\n'}
[0.909398] (drone_interfaces) StdoutLine: {'line': b'-- Up-to-date: /home/orangepi/Multitask-Drone/install/drone_interfaces/include/drone_interfaces/drone_interfaces/srv/task_push.hpp\n'}
[0.909475] (drone_interfaces) StdoutLine: {'line': b'-- Up-to-date: /home/orangepi/Multitask-Drone/install/drone_interfaces/include/drone_interfaces/drone_interfaces/action\n'}
[0.909554] (drone_interfaces) StdoutLine: {'line': b'-- Up-to-date: /home/orangepi/Multitask-Drone/install/drone_interfaces/include/drone_interfaces/drone_interfaces/action/detail\n'}
[0.909631] (drone_interfaces) StdoutLine: {'line': b'-- Up-to-date: /home/orangepi/Multitask-Drone/install/drone_interfaces/include/drone_interfaces/drone_interfaces/action/detail/execute_waypoint__type_support.hpp\n'}
[0.909710] (drone_interfaces) StdoutLine: {'line': b'-- Up-to-date: /home/orangepi/Multitask-Drone/install/drone_interfaces/include/drone_interfaces/drone_interfaces/action/detail/execute_waypoint__builder.hpp\n'}
[0.909812] (drone_interfaces) StdoutLine: {'line': b'-- Up-to-date: /home/orangepi/Multitask-Drone/install/drone_interfaces/include/drone_interfaces/drone_interfaces/action/detail/execute_waypoint__struct.hpp\n'}
[0.909902] (drone_interfaces) StdoutLine: {'line': b'-- Up-to-date: /home/orangepi/Multitask-Drone/install/drone_interfaces/include/drone_interfaces/drone_interfaces/action/detail/execute_waypoint__traits.hpp\n'}
[0.909980] (drone_interfaces) StdoutLine: {'line': b'-- Up-to-date: /home/orangepi/Multitask-Drone/install/drone_interfaces/include/drone_interfaces/drone_interfaces/action/execute_waypoint.hpp\n'}
[0.910058] (drone_interfaces) StdoutLine: {'line': b'-- Up-to-date: /home/orangepi/Multitask-Drone/install/drone_interfaces/include/drone_interfaces/drone_interfaces/msg\n'}
[0.910134] (drone_interfaces) StdoutLine: {'line': b'-- Up-to-date: /home/orangepi/Multitask-Drone/install/drone_interfaces/include/drone_interfaces/drone_interfaces/msg/detail\n'}
[0.910210] (drone_interfaces) StdoutLine: {'line': b'-- Up-to-date: /home/orangepi/Multitask-Drone/install/drone_interfaces/include/drone_interfaces/drone_interfaces/msg/detail/yaw__traits.hpp\n'}
[0.910286] (drone_interfaces) StdoutLine: {'line': b'-- Up-to-date: /home/orangepi/Multitask-Drone/install/drone_interfaces/include/drone_interfaces/drone_interfaces/msg/detail/task_state__type_support.hpp\n'}
[0.910365] (drone_interfaces) StdoutLine: {'line': b'-- Up-to-date: /home/orangepi/Multitask-Drone/install/drone_interfaces/include/drone_interfaces/drone_interfaces/msg/detail/task__builder.hpp\n'}
[0.910443] (drone_interfaces) StdoutLine: {'line': b'-- Up-to-date: /home/orangepi/Multitask-Drone/install/drone_interfaces/include/drone_interfaces/drone_interfaces/msg/detail/task_state__struct.hpp\n'}
[0.910519] (drone_interfaces) StdoutLine: {'line': b'-- Up-to-date: /home/orangepi/Multitask-Drone/install/drone_interfaces/include/drone_interfaces/drone_interfaces/msg/detail/yaw__builder.hpp\n'}
[0.910595] (drone_interfaces) StdoutLine: {'line': b'-- Up-to-date: /home/orangepi/Multitask-Drone/install/drone_interfaces/include/drone_interfaces/drone_interfaces/msg/detail/raw_waypoint__builder.hpp\n'}
[0.910735] (drone_interfaces) StdoutLine: {'line': b'-- Up-to-date: /home/orangepi/Multitask-Drone/install/drone_interfaces/include/drone_interfaces/drone_interfaces/msg/detail/task_state__builder.hpp\n'}
[0.910840] (drone_interfaces) StdoutLine: {'line': b'-- Up-to-date: /home/orangepi/Multitask-Drone/install/drone_interfaces/include/drone_interfaces/drone_interfaces/msg/detail/yaw__type_support.hpp\n'}
[0.910939] (drone_interfaces) StdoutLine: {'line': b'-- Up-to-date: /home/orangepi/Multitask-Drone/install/drone_interfaces/include/drone_interfaces/drone_interfaces/msg/detail/raw_waypoint__type_support.hpp\n'}
[0.911022] (drone_interfaces) StdoutLine: {'line': b'-- Up-to-date: /home/orangepi/Multitask-Drone/install/drone_interfaces/include/drone_interfaces/drone_interfaces/msg/detail/panel_box__type_support.hpp\n'}
[0.911100] (drone_interfaces) StdoutLine: {'line': b'-- Up-to-date: /home/orangepi/Multitask-Drone/install/drone_interfaces/include/drone_interfaces/drone_interfaces/msg/detail/panel_box__builder.hpp\n'}
[0.911180] (drone_interfaces) StdoutLine: {'line': b'-- Up-to-date: /home/orangepi/Multitask-Drone/install/drone_interfaces/include/drone_interfaces/drone_interfaces/msg/detail/task__type_support.hpp\n'}
[0.911256] (drone_interfaces) StdoutLine: {'line': b'-- Up-to-date: /home/orangepi/Multitask-Drone/install/drone_interfaces/include/drone_interfaces/drone_interfaces/msg/detail/raw_waypoint__traits.hpp\n'}
[0.911332] (drone_interfaces) StdoutLine: {'line': b'-- Up-to-date: /home/orangepi/Multitask-Drone/install/drone_interfaces/include/drone_interfaces/drone_interfaces/msg/detail/task__traits.hpp\n'}
[0.911408] (drone_interfaces) StdoutLine: {'line': b'-- Up-to-date: /home/orangepi/Multitask-Drone/install/drone_interfaces/include/drone_interfaces/drone_interfaces/msg/detail/task__struct.hpp\n'}
[0.911485] (drone_interfaces) StdoutLine: {'line': b'-- Up-to-date: /home/orangepi/Multitask-Drone/install/drone_interfaces/include/drone_interfaces/drone_interfaces/msg/detail/yaw__struct.hpp\n'}
[0.911576] (drone_interfaces) StdoutLine: {'line': b'-- Up-to-date: /home/orangepi/Multitask-Drone/install/drone_interfaces/include/drone_interfaces/drone_interfaces/msg/detail/panel_box__traits.hpp\n'}
[0.911656] (drone_interfaces) StdoutLine: {'line': b'-- Up-to-date: /home/orangepi/Multitask-Drone/install/drone_interfaces/include/drone_interfaces/drone_interfaces/msg/detail/raw_waypoint__struct.hpp\n'}
[0.911732] (drone_interfaces) StdoutLine: {'line': b'-- Up-to-date: /home/orangepi/Multitask-Drone/install/drone_interfaces/include/drone_interfaces/drone_interfaces/msg/detail/task_state__traits.hpp\n'}
[0.911810] (drone_interfaces) StdoutLine: {'line': b'-- Up-to-date: /home/orangepi/Multitask-Drone/install/drone_interfaces/include/drone_interfaces/drone_interfaces/msg/detail/panel_box__struct.hpp\n'}
[0.911885] (drone_interfaces) StdoutLine: {'line': b'-- Up-to-date: /home/orangepi/Multitask-Drone/install/drone_interfaces/include/drone_interfaces/drone_interfaces/msg/yaw.hpp\n'}
[0.911962] (drone_interfaces) StdoutLine: {'line': b'-- Up-to-date: /home/orangepi/Multitask-Drone/install/drone_interfaces/include/drone_interfaces/drone_interfaces/msg/task.hpp\n'}
[0.912038] (drone_interfaces) StdoutLine: {'line': b'-- Up-to-date: /home/orangepi/Multitask-Drone/install/drone_interfaces/include/drone_interfaces/drone_interfaces/msg/panel_box.hpp\n'}
[0.912117] (drone_interfaces) StdoutLine: {'line': b'-- Up-to-date: /home/orangepi/Multitask-Drone/install/drone_interfaces/include/drone_interfaces/drone_interfaces/msg/raw_waypoint.hpp\n'}
[0.912212] (drone_interfaces) StdoutLine: {'line': b'-- Up-to-date: /home/orangepi/Multitask-Drone/install/drone_interfaces/include/drone_interfaces/drone_interfaces/msg/rosidl_generator_cpp__visibility_control.hpp\n'}
[0.912292] (drone_interfaces) StdoutLine: {'line': b'-- Up-to-date: /home/orangepi/Multitask-Drone/install/drone_interfaces/include/drone_interfaces/drone_interfaces/msg/task_state.hpp\n'}
[0.912369] (drone_interfaces) StdoutLine: {'line': b'-- Up-to-date: /home/orangepi/Multitask-Drone/install/drone_interfaces/include/drone_interfaces/drone_interfaces\n'}
[0.912446] (drone_interfaces) StdoutLine: {'line': b'-- Up-to-date: /home/orangepi/Multitask-Drone/install/drone_interfaces/include/drone_interfaces/drone_interfaces/srv\n'}
[0.912521] (drone_interfaces) StdoutLine: {'line': b'-- Up-to-date: /home/orangepi/Multitask-Drone/install/drone_interfaces/include/drone_interfaces/drone_interfaces/srv/detail\n'}
[0.912597] (drone_interfaces) StdoutLine: {'line': b'-- Up-to-date: /home/orangepi/Multitask-Drone/install/drone_interfaces/include/drone_interfaces/drone_interfaces/srv/detail/task_dispatch__rosidl_typesupport_fastrtps_cpp.hpp\n'}
[0.912675] (drone_interfaces) StdoutLine: {'line': b'-- Up-to-date: /home/orangepi/Multitask-Drone/install/drone_interfaces/include/drone_interfaces/drone_interfaces/srv/detail/yolo_request__rosidl_typesupport_fastrtps_cpp.hpp\n'}
[0.912751] (drone_interfaces) StdoutLine: {'line': b'-- Up-to-date: /home/orangepi/Multitask-Drone/install/drone_interfaces/include/drone_interfaces/drone_interfaces/srv/detail/dds_fastrtps\n'}
[0.912828] (drone_interfaces) StdoutLine: {'line': b'-- Up-to-date: /home/orangepi/Multitask-Drone/install/drone_interfaces/include/drone_interfaces/drone_interfaces/srv/detail/task_push__rosidl_typesupport_fastrtps_cpp.hpp\n'}
[0.912904] (drone_interfaces) StdoutLine: {'line': b'-- Up-to-date: /home/orangepi/Multitask-Drone/install/drone_interfaces/include/drone_interfaces/drone_interfaces/action\n'}
[0.912979] (drone_interfaces) StdoutLine: {'line': b'-- Up-to-date: /home/orangepi/Multitask-Drone/install/drone_interfaces/include/drone_interfaces/drone_interfaces/action/detail\n'}
[0.913063] (drone_interfaces) StdoutLine: {'line': b'-- Up-to-date: /home/orangepi/Multitask-Drone/install/drone_interfaces/include/drone_interfaces/drone_interfaces/action/detail/dds_fastrtps\n'}
[0.913141] (drone_interfaces) StdoutLine: {'line': b'-- Up-to-date: /home/orangepi/Multitask-Drone/install/drone_interfaces/include/drone_interfaces/drone_interfaces/action/detail/execute_waypoint__rosidl_typesupport_fastrtps_cpp.hpp\n'}
[0.913231] (drone_interfaces) StdoutLine: {'line': b'-- Up-to-date: /home/orangepi/Multitask-Drone/install/drone_interfaces/include/drone_interfaces/drone_interfaces/msg\n'}
[0.913308] (drone_interfaces) StdoutLine: {'line': b'-- Up-to-date: /home/orangepi/Multitask-Drone/install/drone_interfaces/include/drone_interfaces/drone_interfaces/msg/detail\n'}
[0.913383] (drone_interfaces) StdoutLine: {'line': b'-- Up-to-date: /home/orangepi/Multitask-Drone/install/drone_interfaces/include/drone_interfaces/drone_interfaces/msg/detail/yaw__rosidl_typesupport_fastrtps_cpp.hpp\n'}
[0.913460] (drone_interfaces) StdoutLine: {'line': b'-- Up-to-date: /home/orangepi/Multitask-Drone/install/drone_interfaces/include/drone_interfaces/drone_interfaces/msg/detail/task_state__rosidl_typesupport_fastrtps_cpp.hpp\n'}
[0.913536] (drone_interfaces) StdoutLine: {'line': b'-- Up-to-date: /home/orangepi/Multitask-Drone/install/drone_interfaces/include/drone_interfaces/drone_interfaces/msg/detail/panel_box__rosidl_typesupport_fastrtps_cpp.hpp\n'}
[0.913612] (drone_interfaces) StdoutLine: {'line': b'-- Up-to-date: /home/orangepi/Multitask-Drone/install/drone_interfaces/include/drone_interfaces/drone_interfaces/msg/detail/dds_fastrtps\n'}
[0.913689] (drone_interfaces) StdoutLine: {'line': b'-- Up-to-date: /home/orangepi/Multitask-Drone/install/drone_interfaces/include/drone_interfaces/drone_interfaces/msg/detail/raw_waypoint__rosidl_typesupport_fastrtps_cpp.hpp\n'}
[0.913764] (drone_interfaces) StdoutLine: {'line': b'-- Up-to-date: /home/orangepi/Multitask-Drone/install/drone_interfaces/include/drone_interfaces/drone_interfaces/msg/detail/task__rosidl_typesupport_fastrtps_cpp.hpp\n'}
[0.913841] (drone_interfaces) StdoutLine: {'line': b'-- Up-to-date: /home/orangepi/Multitask-Drone/install/drone_interfaces/include/drone_interfaces/drone_interfaces/msg/rosidl_typesupport_fastrtps_cpp__visibility_control.h\n'}
[0.913917] (drone_interfaces) StdoutLine: {'line': b'-- Up-to-date: /home/orangepi/Multitask-Drone/install/drone_interfaces/lib/libdrone_interfaces__rosidl_typesupport_fastrtps_cpp.so\n'}
[0.914016] (drone_interfaces) StdoutLine: {'line': b'-- Up-to-date: /home/orangepi/Multitask-Drone/install/drone_interfaces/include/drone_interfaces/drone_interfaces\n'}
[0.914106] (drone_interfaces) StdoutLine: {'line': b'-- Up-to-date: /home/orangepi/Multitask-Drone/install/drone_interfaces/include/drone_interfaces/drone_interfaces/srv\n'}
[0.914184] (drone_interfaces) StdoutLine: {'line': b'-- Up-to-date: /home/orangepi/Multitask-Drone/install/drone_interfaces/include/drone_interfaces/drone_interfaces/srv/detail\n'}
[0.914267] (drone_interfaces) StdoutLine: {'line': b'-- Up-to-date: /home/orangepi/Multitask-Drone/install/drone_interfaces/include/drone_interfaces/drone_interfaces/srv/detail/task_push__rosidl_typesupport_introspection_cpp.hpp\n'}
[0.914344] (drone_interfaces) StdoutLine: {'line': b'-- Up-to-date: /home/orangepi/Multitask-Drone/install/drone_interfaces/include/drone_interfaces/drone_interfaces/srv/detail/yolo_request__type_support.cpp\n'}
[0.914448] (drone_interfaces) StdoutLine: {'line': b'-- Up-to-date: /home/orangepi/Multitask-Drone/install/drone_interfaces/include/drone_interfaces/drone_interfaces/srv/detail/yolo_request__rosidl_typesupport_introspection_cpp.hpp\n'}
[0.914527] (drone_interfaces) StdoutLine: {'line': b'-- Up-to-date: /home/orangepi/Multitask-Drone/install/drone_interfaces/include/drone_interfaces/drone_interfaces/srv/detail/task_dispatch__rosidl_typesupport_introspection_cpp.hpp\n'}
[0.914603] (drone_interfaces) StdoutLine: {'line': b'-- Up-to-date: /home/orangepi/Multitask-Drone/install/drone_interfaces/include/drone_interfaces/drone_interfaces/srv/detail/task_push__type_support.cpp\n'}
[0.914680] (drone_interfaces) StdoutLine: {'line': b'-- Up-to-date: /home/orangepi/Multitask-Drone/install/drone_interfaces/include/drone_interfaces/drone_interfaces/srv/detail/task_dispatch__type_support.cpp\n'}
[0.914767] (drone_interfaces) StdoutLine: {'line': b'-- Up-to-date: /home/orangepi/Multitask-Drone/install/drone_interfaces/include/drone_interfaces/drone_interfaces/action\n'}
[0.914844] (drone_interfaces) StdoutLine: {'line': b'-- Up-to-date: /home/orangepi/Multitask-Drone/install/drone_interfaces/include/drone_interfaces/drone_interfaces/action/detail\n'}
[0.914922] (drone_interfaces) StdoutLine: {'line': b'-- Up-to-date: /home/orangepi/Multitask-Drone/install/drone_interfaces/include/drone_interfaces/drone_interfaces/action/detail/execute_waypoint__rosidl_typesupport_introspection_cpp.hpp\n'}
[0.915000] (drone_interfaces) StdoutLine: {'line': b'-- Up-to-date: /home/orangepi/Multitask-Drone/install/drone_interfaces/include/drone_interfaces/drone_interfaces/action/detail/execute_waypoint__type_support.cpp\n'}
[0.915078] (drone_interfaces) StdoutLine: {'line': b'-- Up-to-date: /home/orangepi/Multitask-Drone/install/drone_interfaces/include/drone_interfaces/drone_interfaces/msg\n'}
[0.915163] (drone_interfaces) StdoutLine: {'line': b'-- Up-to-date: /home/orangepi/Multitask-Drone/install/drone_interfaces/include/drone_interfaces/drone_interfaces/msg/detail\n'}
[0.915242] (drone_interfaces) StdoutLine: {'line': b'-- Up-to-date: /home/orangepi/Multitask-Drone/install/drone_interfaces/include/drone_interfaces/drone_interfaces/msg/detail/task_state__rosidl_typesupport_introspection_cpp.hpp\n'}
[0.915320] (drone_interfaces) StdoutLine: {'line': b'-- Up-to-date: /home/orangepi/Multitask-Drone/install/drone_interfaces/include/drone_interfaces/drone_interfaces/msg/detail/task__rosidl_typesupport_introspection_cpp.hpp\n'}
[0.915396] (drone_interfaces) StdoutLine: {'line': b'-- Up-to-date: /home/orangepi/Multitask-Drone/install/drone_interfaces/include/drone_interfaces/drone_interfaces/msg/detail/task__type_support.cpp\n'}
[0.915473] (drone_interfaces) StdoutLine: {'line': b'-- Up-to-date: /home/orangepi/Multitask-Drone/install/drone_interfaces/include/drone_interfaces/drone_interfaces/msg/detail/panel_box__rosidl_typesupport_introspection_cpp.hpp\n'}
[0.915553] (drone_interfaces) StdoutLine: {'line': b'-- Up-to-date: /home/orangepi/Multitask-Drone/install/drone_interfaces/include/drone_interfaces/drone_interfaces/msg/detail/task_state__type_support.cpp\n'}
[0.915630] (drone_interfaces) StdoutLine: {'line': b'-- Up-to-date: /home/orangepi/Multitask-Drone/install/drone_interfaces/include/drone_interfaces/drone_interfaces/msg/detail/raw_waypoint__rosidl_typesupport_introspection_cpp.hpp\n'}
[0.915706] (drone_interfaces) StdoutLine: {'line': b'-- Up-to-date: /home/orangepi/Multitask-Drone/install/drone_interfaces/include/drone_interfaces/drone_interfaces/msg/detail/panel_box__type_support.cpp\n'}
[0.915781] (drone_interfaces) StdoutLine: {'line': b'-- Up-to-date: /home/orangepi/Multitask-Drone/install/drone_interfaces/include/drone_interfaces/drone_interfaces/msg/detail/raw_waypoint__type_support.cpp\n'}
[0.915857] (drone_interfaces) StdoutLine: {'line': b'-- Up-to-date: /home/orangepi/Multitask-Drone/install/drone_interfaces/include/drone_interfaces/drone_interfaces/msg/detail/yaw__type_support.cpp\n'}
[0.915933] (drone_interfaces) StdoutLine: {'line': b'-- Up-to-date: /home/orangepi/Multitask-Drone/install/drone_interfaces/include/drone_interfaces/drone_interfaces/msg/detail/yaw__rosidl_typesupport_introspection_cpp.hpp\n'}
[0.916009] (drone_interfaces) StdoutLine: {'line': b'-- Up-to-date: /home/orangepi/Multitask-Drone/install/drone_interfaces/lib/libdrone_interfaces__rosidl_typesupport_introspection_cpp.so\n'}
[0.916084] (drone_interfaces) StdoutLine: {'line': b'-- Up-to-date: /home/orangepi/Multitask-Drone/install/drone_interfaces/lib/libdrone_interfaces__rosidl_typesupport_cpp.so\n'}
[0.916163] (drone_interfaces) StdoutLine: {'line': b'-- Up-to-date: /home/orangepi/Multitask-Drone/install/drone_interfaces/share/drone_interfaces/environment/pythonpath.sh\n'}
[0.916239] (drone_interfaces) StdoutLine: {'line': b'-- Up-to-date: /home/orangepi/Multitask-Drone/install/drone_interfaces/share/drone_interfaces/environment/pythonpath.dsv\n'}
[0.916327] (drone_interfaces) StdoutLine: {'line': b'-- Up-to-date: /home/orangepi/Multitask-Drone/install/drone_interfaces/local/lib/python3.10/dist-packages/drone_interfaces-0.0.0-py3.10.egg-info\n'}
[0.916405] (drone_interfaces) StdoutLine: {'line': b'-- Installing: /home/orangepi/Multitask-Drone/install/drone_interfaces/local/lib/python3.10/dist-packages/drone_interfaces-0.0.0-py3.10.egg-info/top_level.txt\n'}
[0.916483] (drone_interfaces) StdoutLine: {'line': b'-- Installing: /home/orangepi/Multitask-Drone/install/drone_interfaces/local/lib/python3.10/dist-packages/drone_interfaces-0.0.0-py3.10.egg-info/dependency_links.txt\n'}
[0.916577] (drone_interfaces) StdoutLine: {'line': b'-- Installing: /home/orangepi/Multitask-Drone/install/drone_interfaces/local/lib/python3.10/dist-packages/drone_interfaces-0.0.0-py3.10.egg-info/SOURCES.txt\n'}
[0.916656] (drone_interfaces) StdoutLine: {'line': b'-- Installing: /home/orangepi/Multitask-Drone/install/drone_interfaces/local/lib/python3.10/dist-packages/drone_interfaces-0.0.0-py3.10.egg-info/PKG-INFO\n'}
[0.916733] (drone_interfaces) StdoutLine: {'line': b'-- Up-to-date: /home/orangepi/Multitask-Drone/install/drone_interfaces/local/lib/python3.10/dist-packages/drone_interfaces\n'}
[0.916813] (drone_interfaces) StdoutLine: {'line': b'-- Up-to-date: /home/orangepi/Multitask-Drone/install/drone_interfaces/local/lib/python3.10/dist-packages/drone_interfaces/__init__.py\n'}
[0.916890] (drone_interfaces) StdoutLine: {'line': b'-- Up-to-date: /home/orangepi/Multitask-Drone/install/drone_interfaces/local/lib/python3.10/dist-packages/drone_interfaces/srv\n'}
[0.916966] (drone_interfaces) StdoutLine: {'line': b'-- Up-to-date: /home/orangepi/Multitask-Drone/install/drone_interfaces/local/lib/python3.10/dist-packages/drone_interfaces/srv/_task_dispatch.py\n'}
[0.917043] (drone_interfaces) StdoutLine: {'line': b'-- Up-to-date: /home/orangepi/Multitask-Drone/install/drone_interfaces/local/lib/python3.10/dist-packages/drone_interfaces/srv/_task_dispatch_s.c\n'}
[0.917119] (drone_interfaces) StdoutLine: {'line': b'-- Up-to-date: /home/orangepi/Multitask-Drone/install/drone_interfaces/local/lib/python3.10/dist-packages/drone_interfaces/srv/__init__.py\n'}
[0.917209] (drone_interfaces) StdoutLine: {'line': b'-- Up-to-date: /home/orangepi/Multitask-Drone/install/drone_interfaces/local/lib/python3.10/dist-packages/drone_interfaces/srv/_task_push_s.c\n'}
[0.917290] (drone_interfaces) StdoutLine: {'line': b'-- Up-to-date: /home/orangepi/Multitask-Drone/install/drone_interfaces/local/lib/python3.10/dist-packages/drone_interfaces/srv/_task_push.py\n'}
[0.917389] (drone_interfaces) StdoutLine: {'line': b'-- Up-to-date: /home/orangepi/Multitask-Drone/install/drone_interfaces/local/lib/python3.10/dist-packages/drone_interfaces/srv/_yolo_request.py\n'}
[0.917474] (drone_interfaces) StdoutLine: {'line': b'-- Up-to-date: /home/orangepi/Multitask-Drone/install/drone_interfaces/local/lib/python3.10/dist-packages/drone_interfaces/srv/_yolo_request_s.c\n'}
[0.917551] (drone_interfaces) StdoutLine: {'line': b'-- Up-to-date: /home/orangepi/Multitask-Drone/install/drone_interfaces/local/lib/python3.10/dist-packages/drone_interfaces/action\n'}
[0.917627] (drone_interfaces) StdoutLine: {'line': b'-- Up-to-date: /home/orangepi/Multitask-Drone/install/drone_interfaces/local/lib/python3.10/dist-packages/drone_interfaces/action/_execute_waypoint_s.c\n'}
[0.917703] (drone_interfaces) StdoutLine: {'line': b'-- Up-to-date: /home/orangepi/Multitask-Drone/install/drone_interfaces/local/lib/python3.10/dist-packages/drone_interfaces/action/__init__.py\n'}
[0.917779] (drone_interfaces) StdoutLine: {'line': b'-- Up-to-date: /home/orangepi/Multitask-Drone/install/drone_interfaces/local/lib/python3.10/dist-packages/drone_interfaces/action/_execute_waypoint.py\n'}
[0.917855] (drone_interfaces) StdoutLine: {'line': b'-- Up-to-date: /home/orangepi/Multitask-Drone/install/drone_interfaces/local/lib/python3.10/dist-packages/drone_interfaces/libdrone_interfaces__rosidl_generator_py.so\n'}
[0.917944] (drone_interfaces) StdoutLine: {'line': b'-- Up-to-date: /home/orangepi/Multitask-Drone/install/drone_interfaces/local/lib/python3.10/dist-packages/drone_interfaces/_drone_interfaces_s.ep.rosidl_typesupport_fastrtps_c.c\n'}
[0.918022] (drone_interfaces) StdoutLine: {'line': b'-- Up-to-date: /home/orangepi/Multitask-Drone/install/drone_interfaces/local/lib/python3.10/dist-packages/drone_interfaces/drone_interfaces_s__rosidl_typesupport_c.cpython-310-aarch64-linux-gnu.so\n'}
[0.918104] (drone_interfaces) StdoutLine: {'line': b'-- Up-to-date: /home/orangepi/Multitask-Drone/install/drone_interfaces/local/lib/python3.10/dist-packages/drone_interfaces/_drone_interfaces_s.ep.rosidl_typesupport_c.c\n'}
[0.918183] (drone_interfaces) StdoutLine: {'line': b'-- Up-to-date: /home/orangepi/Multitask-Drone/install/drone_interfaces/local/lib/python3.10/dist-packages/drone_interfaces/msg\n'}
[0.918259] (drone_interfaces) StdoutLine: {'line': b'-- Up-to-date: /home/orangepi/Multitask-Drone/install/drone_interfaces/local/lib/python3.10/dist-packages/drone_interfaces/msg/_yaw.py\n'}
[0.918335] (drone_interfaces) StdoutLine: {'line': b'-- Up-to-date: /home/orangepi/Multitask-Drone/install/drone_interfaces/local/lib/python3.10/dist-packages/drone_interfaces/msg/_panel_box_s.c\n'}
[0.918410] (drone_interfaces) StdoutLine: {'line': b'-- Up-to-date: /home/orangepi/Multitask-Drone/install/drone_interfaces/local/lib/python3.10/dist-packages/drone_interfaces/msg/__init__.py\n'}
[0.918487] (drone_interfaces) StdoutLine: {'line': b'-- Up-to-date: /home/orangepi/Multitask-Drone/install/drone_interfaces/local/lib/python3.10/dist-packages/drone_interfaces/msg/_yaw_s.c\n'}
[0.918563] (drone_interfaces) StdoutLine: {'line': b'-- Up-to-date: /home/orangepi/Multitask-Drone/install/drone_interfaces/local/lib/python3.10/dist-packages/drone_interfaces/msg/_task_state.py\n'}
[0.918639] (drone_interfaces) StdoutLine: {'line': b'-- Up-to-date: /home/orangepi/Multitask-Drone/install/drone_interfaces/local/lib/python3.10/dist-packages/drone_interfaces/msg/_raw_waypoint.py\n'}
[0.918716] (drone_interfaces) StdoutLine: {'line': b'-- Up-to-date: /home/orangepi/Multitask-Drone/install/drone_interfaces/local/lib/python3.10/dist-packages/drone_interfaces/msg/_raw_waypoint_s.c\n'}
[0.918811] (drone_interfaces) StdoutLine: {'line': b'-- Up-to-date: /home/orangepi/Multitask-Drone/install/drone_interfaces/local/lib/python3.10/dist-packages/drone_interfaces/msg/_task.py\n'}
[0.918888] (drone_interfaces) StdoutLine: {'line': b'-- Up-to-date: /home/orangepi/Multitask-Drone/install/drone_interfaces/local/lib/python3.10/dist-packages/drone_interfaces/msg/_task_s.c\n'}
[0.918963] (drone_interfaces) StdoutLine: {'line': b'-- Up-to-date: /home/orangepi/Multitask-Drone/install/drone_interfaces/local/lib/python3.10/dist-packages/drone_interfaces/msg/_task_state_s.c\n'}
[0.919038] (drone_interfaces) StdoutLine: {'line': b'-- Up-to-date: /home/orangepi/Multitask-Drone/install/drone_interfaces/local/lib/python3.10/dist-packages/drone_interfaces/msg/_panel_box.py\n'}
[0.919113] (drone_interfaces) StdoutLine: {'line': b'-- Up-to-date: /home/orangepi/Multitask-Drone/install/drone_interfaces/local/lib/python3.10/dist-packages/drone_interfaces/drone_interfaces_s__rosidl_typesupport_introspection_c.cpython-310-aarch64-linux-gnu.so\n'}
[0.919191] (drone_interfaces) StdoutLine: {'line': b'-- Up-to-date: /home/orangepi/Multitask-Drone/install/drone_interfaces/local/lib/python3.10/dist-packages/drone_interfaces/drone_interfaces_s__rosidl_typesupport_fastrtps_c.cpython-310-aarch64-linux-gnu.so\n'}
[0.919278] (drone_interfaces) StdoutLine: {'line': b'-- Up-to-date: /home/orangepi/Multitask-Drone/install/drone_interfaces/local/lib/python3.10/dist-packages/drone_interfaces/_drone_interfaces_s.ep.rosidl_typesupport_introspection_c.c\n'}
[0.936794] (drone_interfaces) StdoutLine: {'line': b"Listing '/home/orangepi/Multitask-Drone/install/drone_interfaces/local/lib/python3.10/dist-packages/drone_interfaces'...\n"}
[0.937068] (drone_interfaces) StdoutLine: {'line': b"Listing '/home/orangepi/Multitask-Drone/install/drone_interfaces/local/lib/python3.10/dist-packages/drone_interfaces/action'...\n"}
[0.937198] (drone_interfaces) StdoutLine: {'line': b"Listing '/home/orangepi/Multitask-Drone/install/drone_interfaces/local/lib/python3.10/dist-packages/drone_interfaces/msg'...\n"}
[0.937282] (drone_interfaces) StdoutLine: {'line': b"Listing '/home/orangepi/Multitask-Drone/install/drone_interfaces/local/lib/python3.10/dist-packages/drone_interfaces/srv'...\n"}
[0.950273] (drone_interfaces) StdoutLine: {'line': b'-- Up-to-date: /home/orangepi/Multitask-Drone/install/drone_interfaces/local/lib/python3.10/dist-packages/drone_interfaces/drone_interfaces_s__rosidl_typesupport_fastrtps_c.cpython-310-aarch64-linux-gnu.so\n'}
[0.950755] (drone_interfaces) StdoutLine: {'line': b'-- Up-to-date: /home/orangepi/Multitask-Drone/install/drone_interfaces/local/lib/python3.10/dist-packages/drone_interfaces/drone_interfaces_s__rosidl_typesupport_introspection_c.cpython-310-aarch64-linux-gnu.so\n'}
[0.951045] (drone_interfaces) StdoutLine: {'line': b'-- Up-to-date: /home/orangepi/Multitask-Drone/install/drone_interfaces/local/lib/python3.10/dist-packages/drone_interfaces/drone_interfaces_s__rosidl_typesupport_c.cpython-310-aarch64-linux-gnu.so\n'}
[0.951322] (drone_interfaces) StdoutLine: {'line': b'-- Up-to-date: /home/orangepi/Multitask-Drone/install/drone_interfaces/lib/libdrone_interfaces__rosidl_generator_py.so\n'}
[0.951576] (drone_interfaces) StdoutLine: {'line': b'-- Up-to-date: /home/orangepi/Multitask-Drone/install/drone_interfaces/share/drone_interfaces/msg/Yaw.idl\n'}
[0.951674] (drone_interfaces) StdoutLine: {'line': b'-- Up-to-date: /home/orangepi/Multitask-Drone/install/drone_interfaces/share/drone_interfaces/msg/PanelBox.idl\n'}
[0.951859] (drone_interfaces) StdoutLine: {'line': b'-- Up-to-date: /home/orangepi/Multitask-Drone/install/drone_interfaces/share/drone_interfaces/msg/Task.idl\n'}
[0.951954] (drone_interfaces) StdoutLine: {'line': b'-- Up-to-date: /home/orangepi/Multitask-Drone/install/drone_interfaces/share/drone_interfaces/msg/TaskState.idl\n'}
[0.952201] (drone_interfaces) StdoutLine: {'line': b'-- Up-to-date: /home/orangepi/Multitask-Drone/install/drone_interfaces/share/drone_interfaces/msg/RawWaypoint.idl\n'}
[0.952292] (drone_interfaces) StdoutLine: {'line': b'-- Up-to-date: /home/orangepi/Multitask-Drone/install/drone_interfaces/share/drone_interfaces/srv/TaskDispatch.idl\n'}
[0.952498] (drone_interfaces) StdoutLine: {'line': b'-- Up-to-date: /home/orangepi/Multitask-Drone/install/drone_interfaces/share/drone_interfaces/srv/YoloRequest.idl\n'}
[0.952587] (drone_interfaces) StdoutLine: {'line': b'-- Up-to-date: /home/orangepi/Multitask-Drone/install/drone_interfaces/share/drone_interfaces/srv/TaskPush.idl\n'}
[0.952673] (drone_interfaces) StdoutLine: {'line': b'-- Up-to-date: /home/orangepi/Multitask-Drone/install/drone_interfaces/share/drone_interfaces/action/ExecuteWaypoint.idl\n'}
[0.952758] (drone_interfaces) StdoutLine: {'line': b'-- Up-to-date: /home/orangepi/Multitask-Drone/install/drone_interfaces/share/drone_interfaces/msg/Yaw.msg\n'}
[0.952846] (drone_interfaces) StdoutLine: {'line': b'-- Up-to-date: /home/orangepi/Multitask-Drone/install/drone_interfaces/share/drone_interfaces/msg/PanelBox.msg\n'}
[0.952928] (drone_interfaces) StdoutLine: {'line': b'-- Up-to-date: /home/orangepi/Multitask-Drone/install/drone_interfaces/share/drone_interfaces/msg/Task.msg\n'}
[0.953012] (drone_interfaces) StdoutLine: {'line': b'-- Up-to-date: /home/orangepi/Multitask-Drone/install/drone_interfaces/share/drone_interfaces/msg/TaskState.msg\n'}
[0.953094] (drone_interfaces) StdoutLine: {'line': b'-- Up-to-date: /home/orangepi/Multitask-Drone/install/drone_interfaces/share/drone_interfaces/msg/RawWaypoint.msg\n'}
[0.953305] (drone_interfaces) StdoutLine: {'line': b'-- Up-to-date: /home/orangepi/Multitask-Drone/install/drone_interfaces/share/drone_interfaces/srv/TaskDispatch.srv\n'}
[0.953685] (drone_interfaces) StdoutLine: {'line': b'-- Up-to-date: /home/orangepi/Multitask-Drone/install/drone_interfaces/share/drone_interfaces/srv/TaskDispatch_Request.msg\n'}
[0.953801] (drone_interfaces) StdoutLine: {'line': b'-- Up-to-date: /home/orangepi/Multitask-Drone/install/drone_interfaces/share/drone_interfaces/srv/TaskDispatch_Response.msg\n'}
[0.953931] (drone_interfaces) StdoutLine: {'line': b'-- Up-to-date: /home/orangepi/Multitask-Drone/install/drone_interfaces/share/drone_interfaces/srv/YoloRequest.srv\n'}
[0.954043] (drone_interfaces) StdoutLine: {'line': b'-- Up-to-date: /home/orangepi/Multitask-Drone/install/drone_interfaces/share/drone_interfaces/srv/YoloRequest_Request.msg\n'}
[0.954138] (drone_interfaces) StdoutLine: {'line': b'-- Up-to-date: /home/orangepi/Multitask-Drone/install/drone_interfaces/share/drone_interfaces/srv/YoloRequest_Response.msg\n'}
[0.954229] (drone_interfaces) StdoutLine: {'line': b'-- Up-to-date: /home/orangepi/Multitask-Drone/install/drone_interfaces/share/drone_interfaces/srv/TaskPush.srv\n'}
[0.954391] (drone_interfaces) StdoutLine: {'line': b'-- Up-to-date: /home/orangepi/Multitask-Drone/install/drone_interfaces/share/drone_interfaces/srv/TaskPush_Request.msg\n'}
[0.954487] (drone_interfaces) StdoutLine: {'line': b'-- Up-to-date: /home/orangepi/Multitask-Drone/install/drone_interfaces/share/drone_interfaces/srv/TaskPush_Response.msg\n'}
[0.954572] (drone_interfaces) StdoutLine: {'line': b'-- Up-to-date: /home/orangepi/Multitask-Drone/install/drone_interfaces/share/drone_interfaces/action/ExecuteWaypoint.action\n'}
[0.954656] (drone_interfaces) StdoutLine: {'line': b'-- Up-to-date: /home/orangepi/Multitask-Drone/install/drone_interfaces/share/ament_index/resource_index/package_run_dependencies/drone_interfaces\n'}
[0.954822] (drone_interfaces) StdoutLine: {'line': b'-- Up-to-date: /home/orangepi/Multitask-Drone/install/drone_interfaces/share/ament_index/resource_index/parent_prefix_path/drone_interfaces\n'}
[0.954911] (drone_interfaces) StdoutLine: {'line': b'-- Up-to-date: /home/orangepi/Multitask-Drone/install/drone_interfaces/share/drone_interfaces/environment/ament_prefix_path.sh\n'}
[0.954996] (drone_interfaces) StdoutLine: {'line': b'-- Up-to-date: /home/orangepi/Multitask-Drone/install/drone_interfaces/share/drone_interfaces/environment/ament_prefix_path.dsv\n'}
[0.955079] (drone_interfaces) StdoutLine: {'line': b'-- Up-to-date: /home/orangepi/Multitask-Drone/install/drone_interfaces/share/drone_interfaces/environment/path.sh\n'}
[0.955165] (drone_interfaces) StdoutLine: {'line': b'-- Up-to-date: /home/orangepi/Multitask-Drone/install/drone_interfaces/share/drone_interfaces/environment/path.dsv\n'}
[0.955250] (drone_interfaces) StdoutLine: {'line': b'-- Up-to-date: /home/orangepi/Multitask-Drone/install/drone_interfaces/share/drone_interfaces/local_setup.bash\n'}
[0.955337] (drone_interfaces) StdoutLine: {'line': b'-- Up-to-date: /home/orangepi/Multitask-Drone/install/drone_interfaces/share/drone_interfaces/local_setup.sh\n'}
[0.955420] (drone_interfaces) StdoutLine: {'line': b'-- Up-to-date: /home/orangepi/Multitask-Drone/install/drone_interfaces/share/drone_interfaces/local_setup.zsh\n'}
[0.955502] (drone_interfaces) StdoutLine: {'line': b'-- Up-to-date: /home/orangepi/Multitask-Drone/install/drone_interfaces/share/drone_interfaces/local_setup.dsv\n'}
[0.955585] (drone_interfaces) StdoutLine: {'line': b'-- Installing: /home/orangepi/Multitask-Drone/install/drone_interfaces/share/drone_interfaces/package.dsv\n'}
[0.955668] (drone_interfaces) StdoutLine: {'line': b'-- Up-to-date: /home/orangepi/Multitask-Drone/install/drone_interfaces/share/ament_index/resource_index/packages/drone_interfaces\n'}
[0.955752] (drone_interfaces) StdoutLine: {'line': b'-- Up-to-date: /home/orangepi/Multitask-Drone/install/drone_interfaces/share/drone_interfaces/cmake/export_drone_interfaces__rosidl_generator_cExport.cmake\n'}
[0.955838] (drone_interfaces) StdoutLine: {'line': b'-- Up-to-date: /home/orangepi/Multitask-Drone/install/drone_interfaces/share/drone_interfaces/cmake/export_drone_interfaces__rosidl_generator_cExport-noconfig.cmake\n'}
[0.955923] (drone_interfaces) StdoutLine: {'line': b'-- Up-to-date: /home/orangepi/Multitask-Drone/install/drone_interfaces/share/drone_interfaces/cmake/export_drone_interfaces__rosidl_typesupport_fastrtps_cExport.cmake\n'}
[0.956326] (drone_interfaces) StdoutLine: {'line': b'-- Up-to-date: /home/orangepi/Multitask-Drone/install/drone_interfaces/share/drone_interfaces/cmake/export_drone_interfaces__rosidl_typesupport_fastrtps_cExport-noconfig.cmake\n'}
[0.956420] (drone_interfaces) StdoutLine: {'line': b'-- Up-to-date: /home/orangepi/Multitask-Drone/install/drone_interfaces/share/drone_interfaces/cmake/drone_interfaces__rosidl_typesupport_introspection_cExport.cmake\n'}
[0.956505] (drone_interfaces) StdoutLine: {'line': b'-- Up-to-date: /home/orangepi/Multitask-Drone/install/drone_interfaces/share/drone_interfaces/cmake/drone_interfaces__rosidl_typesupport_introspection_cExport-noconfig.cmake\n'}
[0.956593] (drone_interfaces) StdoutLine: {'line': b'-- Up-to-date: /home/orangepi/Multitask-Drone/install/drone_interfaces/share/drone_interfaces/cmake/drone_interfaces__rosidl_typesupport_cExport.cmake\n'}
[0.956680] (drone_interfaces) StdoutLine: {'line': b'-- Up-to-date: /home/orangepi/Multitask-Drone/install/drone_interfaces/share/drone_interfaces/cmake/drone_interfaces__rosidl_typesupport_cExport-noconfig.cmake\n'}
[0.956766] (drone_interfaces) StdoutLine: {'line': b'-- Up-to-date: /home/orangepi/Multitask-Drone/install/drone_interfaces/share/drone_interfaces/cmake/export_drone_interfaces__rosidl_generator_cppExport.cmake\n'}
[0.956852] (drone_interfaces) StdoutLine: {'line': b'-- Up-to-date: /home/orangepi/Multitask-Drone/install/drone_interfaces/share/drone_interfaces/cmake/export_drone_interfaces__rosidl_typesupport_fastrtps_cppExport.cmake\n'}
[0.957043] (drone_interfaces) StdoutLine: {'line': b'-- Up-to-date: /home/orangepi/Multitask-Drone/install/drone_interfaces/share/drone_interfaces/cmake/export_drone_interfaces__rosidl_typesupport_fastrtps_cppExport-noconfig.cmake\n'}
[0.957127] (drone_interfaces) StdoutLine: {'line': b'-- Up-to-date: /home/orangepi/Multitask-Drone/install/drone_interfaces/share/drone_interfaces/cmake/drone_interfaces__rosidl_typesupport_introspection_cppExport.cmake\n'}
[0.957213] (drone_interfaces) StdoutLine: {'line': b'-- Up-to-date: /home/orangepi/Multitask-Drone/install/drone_interfaces/share/drone_interfaces/cmake/drone_interfaces__rosidl_typesupport_introspection_cppExport-noconfig.cmake\n'}
[0.957291] (drone_interfaces) StdoutLine: {'line': b'-- Up-to-date: /home/orangepi/Multitask-Drone/install/drone_interfaces/share/drone_interfaces/cmake/drone_interfaces__rosidl_typesupport_cppExport.cmake\n'}
[0.957453] (drone_interfaces) StdoutLine: {'line': b'-- Up-to-date: /home/orangepi/Multitask-Drone/install/drone_interfaces/share/drone_interfaces/cmake/drone_interfaces__rosidl_typesupport_cppExport-noconfig.cmake\n'}
[0.957538] (drone_interfaces) StdoutLine: {'line': b'-- Up-to-date: /home/orangepi/Multitask-Drone/install/drone_interfaces/share/drone_interfaces/cmake/export_drone_interfaces__rosidl_generator_pyExport.cmake\n'}
[0.957615] (drone_interfaces) StdoutLine: {'line': b'-- Up-to-date: /home/orangepi/Multitask-Drone/install/drone_interfaces/share/drone_interfaces/cmake/export_drone_interfaces__rosidl_generator_pyExport-noconfig.cmake\n'}
[0.957691] (drone_interfaces) StdoutLine: {'line': b'-- Up-to-date: /home/orangepi/Multitask-Drone/install/drone_interfaces/share/drone_interfaces/cmake/rosidl_cmake-extras.cmake\n'}
[0.957766] (drone_interfaces) StdoutLine: {'line': b'-- Up-to-date: /home/orangepi/Multitask-Drone/install/drone_interfaces/share/drone_interfaces/cmake/ament_cmake_export_dependencies-extras.cmake\n'}
[0.957842] (drone_interfaces) StdoutLine: {'line': b'-- Up-to-date: /home/orangepi/Multitask-Drone/install/drone_interfaces/share/drone_interfaces/cmake/ament_cmake_export_include_directories-extras.cmake\n'}
[0.957916] (drone_interfaces) StdoutLine: {'line': b'-- Up-to-date: /home/orangepi/Multitask-Drone/install/drone_interfaces/share/drone_interfaces/cmake/ament_cmake_export_libraries-extras.cmake\n'}
[0.957992] (drone_interfaces) StdoutLine: {'line': b'-- Up-to-date: /home/orangepi/Multitask-Drone/install/drone_interfaces/share/drone_interfaces/cmake/ament_cmake_export_targets-extras.cmake\n'}
[0.958082] (drone_interfaces) StdoutLine: {'line': b'-- Up-to-date: /home/orangepi/Multitask-Drone/install/drone_interfaces/share/drone_interfaces/cmake/rosidl_cmake_export_typesupport_targets-extras.cmake\n'}
[0.958159] (drone_interfaces) StdoutLine: {'line': b'-- Up-to-date: /home/orangepi/Multitask-Drone/install/drone_interfaces/share/drone_interfaces/cmake/rosidl_cmake_export_typesupport_libraries-extras.cmake\n'}
[0.958234] (drone_interfaces) StdoutLine: {'line': b'-- Up-to-date: /home/orangepi/Multitask-Drone/install/drone_interfaces/share/drone_interfaces/cmake/drone_interfacesConfig.cmake\n'}
[0.958309] (drone_interfaces) StdoutLine: {'line': b'-- Up-to-date: /home/orangepi/Multitask-Drone/install/drone_interfaces/share/drone_interfaces/cmake/drone_interfacesConfig-version.cmake\n'}
[0.958383] (drone_interfaces) StdoutLine: {'line': b'-- Up-to-date: /home/orangepi/Multitask-Drone/install/drone_interfaces/share/drone_interfaces/package.xml\n'}
[0.962335] (drone_interfaces) CommandEnded: {'returncode': 0}
[1.000850] (-) TimerEvent: {}
[1.045802] (drone_interfaces) JobEnded: {'identifier': 'drone_interfaces', 'rc': 0}
[1.048197] (drone_controller) JobStarted: {'identifier': 'drone_controller'}
[1.055014] (drone_vision) JobStarted: {'identifier': 'drone_vision'}
[1.101084] (-) TimerEvent: {}
[1.201883] (-) TimerEvent: {}
[1.302456] (-) TimerEvent: {}
[1.402934] (-) TimerEvent: {}
[1.503754] (-) TimerEvent: {}
[1.509722] (drone_monitor) Command: {'cmd': ['/usr/bin/python3', '-W', 'ignore:setup.py install is deprecated', '-W', 'ignore:easy_install command is deprecated', 'setup.py', 'egg_info', '--egg-base', '../../build/drone_monitor', 'build', '--build-base', '/home/orangepi/Multitask-Drone/build/drone_monitor/build', 'install', '--record', '/home/orangepi/Multitask-Drone/build/drone_monitor/install.log', '--single-version-externally-managed', 'install_data'], 'cwd': '/home/orangepi/Multitask-Drone/src/drone_monitor', 'env': {'LESSOPEN': '| /usr/bin/lesspipe %s', 'UMS_MOUNTPOINT': '/mnt/ums', 'GST_V4L2_PREFERRED_FOURCC': 'NV12:YU12:NV16:YUY2', 'LANGUAGE': 'en_US.UTF-8', 'USER': 'orangepi', 'SSH_CLIENT': '192.168.137.1 27009 22', 'XDG_SESSION_TYPE': 'tty', 'GIT_ASKPASS': '/home/orangepi/.vscode-server/cli/servers/Stable-fabdb6a30b49f79a7aba0f2ad9df9b399473380f/server/extensions/git/dist/askpass.sh', 'SHLVL': '1', 'USB_FUNCS': 'adb', 'LD_LIBRARY_PATH': '/opt/ros/humble/opt/rviz_ogre_vendor/lib:/opt/ros/humble/lib/aarch64-linux-gnu:/opt/ros/humble/lib', 'BROWSER': '/home/orangepi/.vscode-server/cli/servers/Stable-fabdb6a30b49f79a7aba0f2ad9df9b399473380f/server/bin/helpers/browser.sh', 'MOTD_SHOWN': 'pam', 'HOME': '/home/orangepi', 'OLDPWD': '/home/orangepi', 'TERM_PROGRAM_VERSION': '1.96.2', 'VSCODE_IPC_HOOK_CLI': '/run/user/1000/vscode-ipc-3ad536e0-12ba-46d1-8bbf-c7b85e32e074.sock', 'GST_INSPECT_NO_COLORS': '1', 'GST_MPP_NO_RGA': '1', 'ROS_PYTHON_VERSION': '3', 'COGL_DRIVER': 'gles2', 'VSCODE_GIT_ASKPASS_MAIN': '/home/orangepi/.vscode-server/cli/servers/Stable-fabdb6a30b49f79a7aba0f2ad9df9b399473380f/server/extensions/git/dist/askpass-main.js', 'VSCODE_GIT_ASKPASS_NODE': '/home/orangepi/.vscode-server/cli/servers/Stable-fabdb6a30b49f79a7aba0f2ad9df9b399473380f/server/node', 'SSL_CERT_FILE': '/usr/lib/ssl/certs/ca-certificates.crt', 'DBUS_SESSION_BUS_ADDRESS': 'unix:path=/run/user/1000/bus', 'COLORTERM': 'truecolor', 'GST_V4L2SRC_MAX_RESOLUTION': '3840x2160', 'ROS_DISTRO': 'humble', 'LOGNAME': 'orangepi', '_': '/usr/bin/colcon', 'ROS_VERSION': '2', 'XDG_SESSION_CLASS': 'user', 'TERM': 'xterm-256color', 'GST_GL_API': 'gles2', 'XDG_SESSION_ID': '5', 'GST_VIDEO_CONVERT_PREFERRED_FORMAT': 'NV12:NV16:I420:YUY2', 'GST_V4L2SRC_RK_DEVICES': '_mainpath:_selfpath:_bypass:_scale', 'ROS_LOCALHOST_ONLY': '0', 'PATH': '/home/orangepi/.vscode-server/cli/servers/Stable-fabdb6a30b49f79a7aba0f2ad9df9b399473380f/server/bin/remote-cli:/home/orangepi/.local/bin:/opt/ros/humble/bin:/usr/local/sbin:/usr/local/bin:/usr/sbin:/usr/bin:/sbin:/bin:/usr/games:/usr/local/games:/snap/bin', 'XDG_RUNTIME_DIR': '/run/user/1000', 'GST_GL_PLATFORM': 'egl', 'GST_DEBUG_NO_COLOR': '1', 'SSL_CERT_DIR': '/usr/lib/ssl/certs', 'GST_V4L2SRC_DEFAULT_DEVICE': '/dev/video-camera0', 'DISPLAY': ':0', 'LANG': 'en_US.UTF-8', 'LS_COLORS': 'rs=0:di=01;34:ln=01;36:mh=00:pi=40;33:so=01;35:do=01;35:bd=40;33;01:cd=40;33;01:or=40;31;01:mi=00:su=37;41:sg=30;43:ca=30;41:tw=30;42:ow=34;42:st=37;44:ex=01;32:*.tar=01;31:*.tgz=01;31:*.arc=01;31:*.arj=01;31:*.taz=01;31:*.lha=01;31:*.lz4=01;31:*.lzh=01;31:*.lzma=01;31:*.tlz=01;31:*.txz=01;31:*.tzo=01;31:*.t7z=01;31:*.zip=01;31:*.z=01;31:*.dz=01;31:*.gz=01;31:*.lrz=01;31:*.lz=01;31:*.lzo=01;31:*.xz=01;31:*.zst=01;31:*.tzst=01;31:*.bz2=01;31:*.bz=01;31:*.tbz=01;31:*.tbz2=01;31:*.tz=01;31:*.deb=01;31:*.rpm=01;31:*.jar=01;31:*.war=01;31:*.ear=01;31:*.sar=01;31:*.rar=01;31:*.alz=01;31:*.ace=01;31:*.zoo=01;31:*.cpio=01;31:*.7z=01;31:*.rz=01;31:*.cab=01;31:*.wim=01;31:*.swm=01;31:*.dwm=01;31:*.esd=01;31:*.jpg=01;35:*.jpeg=01;35:*.mjpg=01;35:*.mjpeg=01;35:*.gif=01;35:*.bmp=01;35:*.pbm=01;35:*.pgm=01;35:*.ppm=01;35:*.tga=01;35:*.xbm=01;35:*.xpm=01;35:*.tif=01;35:*.tiff=01;35:*.png=01;35:*.svg=01;35:*.svgz=01;35:*.mng=01;35:*.pcx=01;35:*.mov=01;35:*.mpg=01;35:*.mpeg=01;35:*.m2v=01;35:*.mkv=01;35:*.webm=01;35:*.webp=01;35:*.ogm=01;35:*.mp4=01;35:*.m4v=01;35:*.mp4v=01;35:*.vob=01;35:*.qt=01;35:*.nuv=01;35:*.wmv=01;35:*.asf=01;35:*.rm=01;35:*.rmvb=01;35:*.flc=01;35:*.avi=01;35:*.fli=01;35:*.flv=01;35:*.gl=01;35:*.dl=01;35:*.xcf=01;35:*.xwd=01;35:*.yuv=01;35:*.cgm=01;35:*.emf=01;35:*.ogv=01;35:*.ogx=01;35:*.aac=00;36:*.au=00;36:*.flac=00;36:*.m4a=00;36:*.mid=00;36:*.midi=00;36:*.mka=00;36:*.mp3=00;36:*.mpc=00;36:*.ogg=00;36:*.ra=00;36:*.wav=00;36:*.oga=00;36:*.opus=00;36:*.spx=00;36:*.xspf=00;36:', 'VSCODE_GIT_IPC_HANDLE': '/run/user/1000/vscode-git-d88bdced48.sock', 'TERM_PROGRAM': 'vscode', 'GST_V4L2_USE_LIBV4L2': '1', 'UMS_SIZE': '256M', 'AMENT_PREFIX_PATH': '/opt/ros/humble', 'LC_MESSAGES': 'en_US.UTF-8', 'SHELL': '/bin/bash', 'UMS_RO': '0', 'LESSCLOSE': '/usr/bin/lesspipe %s %s', 'UMS_FSTYPE': 'vfat', 'VSCODE_GIT_ASKPASS_EXTRA_ARGS': '', 'PWD': '/home/orangepi/Multitask-Drone/build/drone_monitor', 'LC_ALL': 'en_US.UTF-8', 'SSH_CONNECTION': '192.168.137.1 27009 192.168.137.2 22', 'PYTHONPATH': '/home/orangepi/Multitask-Drone/build/drone_monitor/prefix_override:/usr/lib/python3/dist-packages/colcon_core/task/python/colcon_distutils_commands:/home/orangepi/Multitask-Drone/install/drone_monitor/lib/python3.10/site-packages:/opt/ros/humble/lib/python3.10/site-packages:/opt/ros/humble/local/lib/python3.10/dist-packages', 'UMS_MOUNT': '0', 'COLCON': '1', 'UMS_FILE': '/userdata/ums_shared.img'}, 'shell': False}
[1.604088] (-) TimerEvent: {}
[1.705291] (-) TimerEvent: {}
[1.806529] (-) TimerEvent: {}
[1.907885] (-) TimerEvent: {}
[1.959898] (drone_monitor) StdoutLine: {'line': b'running egg_info\n'}
[1.963864] (drone_monitor) StdoutLine: {'line': b'writing ../../build/drone_monitor/drone_monitor.egg-info/PKG-INFO\n'}
[1.965090] (drone_monitor) StdoutLine: {'line': b'writing dependency_links to ../../build/drone_monitor/drone_monitor.egg-info/dependency_links.txt\n'}
[1.970477] (drone_monitor) StdoutLine: {'line': b'writing entry points to ../../build/drone_monitor/drone_monitor.egg-info/entry_points.txt\n'}
[1.972272] (drone_monitor) StdoutLine: {'line': b'writing requirements to ../../build/drone_monitor/drone_monitor.egg-info/requires.txt\n'}
[1.973685] (drone_monitor) StdoutLine: {'line': b'writing top-level names to ../../build/drone_monitor/drone_monitor.egg-info/top_level.txt\n'}
[1.978635] (drone_monitor) StdoutLine: {'line': b"reading manifest file '../../build/drone_monitor/drone_monitor.egg-info/SOURCES.txt'\n"}
[1.979889] (drone_monitor) StdoutLine: {'line': b"adding license file 'LICENSE'\n"}
[1.981933] (drone_monitor) StdoutLine: {'line': b"writing manifest file '../../build/drone_monitor/drone_monitor.egg-info/SOURCES.txt'\n"}
[1.983754] (drone_monitor) StdoutLine: {'line': b'running build\n'}
[1.984747] (drone_monitor) StdoutLine: {'line': b'running build_py\n'}
[1.985494] (drone_monitor) StdoutLine: {'line': b'running install\n'}
[1.987417] (drone_monitor) StdoutLine: {'line': b'running install_lib\n'}
[1.988637] (drone_monitor) StdoutLine: {'line': b'running install_data\n'}
[1.991863] (drone_monitor) StdoutLine: {'line': b'running install_egg_info\n'}
[1.993719] (drone_monitor) StdoutLine: {'line': b"removing '/home/orangepi/Multitask-Drone/install/drone_monitor/lib/python3.10/site-packages/drone_monitor-0.0.0-py3.10.egg-info' (and everything under it)\n"}
[1.995567] (drone_monitor) StdoutLine: {'line': b'Copying ../../build/drone_monitor/drone_monitor.egg-info to /home/orangepi/Multitask-Drone/install/drone_monitor/lib/python3.10/site-packages/drone_monitor-0.0.0-py3.10.egg-info\n'}
[1.996166] (drone_monitor) StdoutLine: {'line': b'running install_scripts\n'}
[1.996706] (drone_monitor) StdoutLine: {'line': b"writing list of installed files to '/home/orangepi/Multitask-Drone/build/drone_monitor/install.log'\n"}
[2.008212] (-) TimerEvent: {}
[2.066780] (drone_monitor) CommandEnded: {'returncode': 0}
[2.108409] (-) TimerEvent: {}
[2.109723] (drone_monitor) JobEnded: {'identifier': 'drone_monitor', 'rc': 0}
[2.208754] (-) TimerEvent: {}
[2.309917] (-) TimerEvent: {}
[2.411064] (-) TimerEvent: {}
[2.512461] (-) TimerEvent: {}
[2.551096] (drone_controller) Command: {'cmd': ['/usr/bin/python3', '-W', 'ignore:setup.py install is deprecated', '-W', 'ignore:easy_install command is deprecated', 'setup.py', 'egg_info', '--egg-base', '../../build/drone_controller', 'build', '--build-base', '/home/orangepi/Multitask-Drone/build/drone_controller/build', 'install', '--record', '/home/orangepi/Multitask-Drone/build/drone_controller/install.log', '--single-version-externally-managed', 'install_data'], 'cwd': '/home/orangepi/Multitask-Drone/src/drone_controller', 'env': {'LESSOPEN': '| /usr/bin/lesspipe %s', 'UMS_MOUNTPOINT': '/mnt/ums', 'GST_V4L2_PREFERRED_FOURCC': 'NV12:YU12:NV16:YUY2', 'LANGUAGE': 'en_US.UTF-8', 'USER': 'orangepi', 'SSH_CLIENT': '192.168.137.1 27009 22', 'XDG_SESSION_TYPE': 'tty', 'GIT_ASKPASS': '/home/orangepi/.vscode-server/cli/servers/Stable-fabdb6a30b49f79a7aba0f2ad9df9b399473380f/server/extensions/git/dist/askpass.sh', 'SHLVL': '1', 'USB_FUNCS': 'adb', 'LD_LIBRARY_PATH': '/home/orangepi/Multitask-Drone/install/drone_interfaces/lib:/opt/ros/humble/opt/rviz_ogre_vendor/lib:/opt/ros/humble/lib/aarch64-linux-gnu:/opt/ros/humble/lib', 'BROWSER': '/home/orangepi/.vscode-server/cli/servers/Stable-fabdb6a30b49f79a7aba0f2ad9df9b399473380f/server/bin/helpers/browser.sh', 'MOTD_SHOWN': 'pam', 'HOME': '/home/orangepi', 'OLDPWD': '/home/orangepi', 'TERM_PROGRAM_VERSION': '1.96.2', 'VSCODE_IPC_HOOK_CLI': '/run/user/1000/vscode-ipc-3ad536e0-12ba-46d1-8bbf-c7b85e32e074.sock', 'GST_INSPECT_NO_COLORS': '1', 'GST_MPP_NO_RGA': '1', 'ROS_PYTHON_VERSION': '3', 'COGL_DRIVER': 'gles2', 'VSCODE_GIT_ASKPASS_MAIN': '/home/orangepi/.vscode-server/cli/servers/Stable-fabdb6a30b49f79a7aba0f2ad9df9b399473380f/server/extensions/git/dist/askpass-main.js', 'VSCODE_GIT_ASKPASS_NODE': '/home/orangepi/.vscode-server/cli/servers/Stable-fabdb6a30b49f79a7aba0f2ad9df9b399473380f/server/node', 'SSL_CERT_FILE': '/usr/lib/ssl/certs/ca-certificates.crt', 'DBUS_SESSION_BUS_ADDRESS': 'unix:path=/run/user/1000/bus', 'COLORTERM': 'truecolor', 'GST_V4L2SRC_MAX_RESOLUTION': '3840x2160', 'ROS_DISTRO': 'humble', 'LOGNAME': 'orangepi', '_': '/usr/bin/colcon', 'ROS_VERSION': '2', 'XDG_SESSION_CLASS': 'user', 'TERM': 'xterm-256color', 'GST_GL_API': 'gles2', 'XDG_SESSION_ID': '5', 'GST_VIDEO_CONVERT_PREFERRED_FORMAT': 'NV12:NV16:I420:YUY2', 'GST_V4L2SRC_RK_DEVICES': '_mainpath:_selfpath:_bypass:_scale', 'ROS_LOCALHOST_ONLY': '0', 'PATH': '/home/orangepi/.vscode-server/cli/servers/Stable-fabdb6a30b49f79a7aba0f2ad9df9b399473380f/server/bin/remote-cli:/home/orangepi/.local/bin:/opt/ros/humble/bin:/usr/local/sbin:/usr/local/bin:/usr/sbin:/usr/bin:/sbin:/bin:/usr/games:/usr/local/games:/snap/bin', 'XDG_RUNTIME_DIR': '/run/user/1000', 'GST_GL_PLATFORM': 'egl', 'GST_DEBUG_NO_COLOR': '1', 'SSL_CERT_DIR': '/usr/lib/ssl/certs', 'GST_V4L2SRC_DEFAULT_DEVICE': '/dev/video-camera0', 'DISPLAY': ':0', 'LANG': 'en_US.UTF-8', 'LS_COLORS': 'rs=0:di=01;34:ln=01;36:mh=00:pi=40;33:so=01;35:do=01;35:bd=40;33;01:cd=40;33;01:or=40;31;01:mi=00:su=37;41:sg=30;43:ca=30;41:tw=30;42:ow=34;42:st=37;44:ex=01;32:*.tar=01;31:*.tgz=01;31:*.arc=01;31:*.arj=01;31:*.taz=01;31:*.lha=01;31:*.lz4=01;31:*.lzh=01;31:*.lzma=01;31:*.tlz=01;31:*.txz=01;31:*.tzo=01;31:*.t7z=01;31:*.zip=01;31:*.z=01;31:*.dz=01;31:*.gz=01;31:*.lrz=01;31:*.lz=01;31:*.lzo=01;31:*.xz=01;31:*.zst=01;31:*.tzst=01;31:*.bz2=01;31:*.bz=01;31:*.tbz=01;31:*.tbz2=01;31:*.tz=01;31:*.deb=01;31:*.rpm=01;31:*.jar=01;31:*.war=01;31:*.ear=01;31:*.sar=01;31:*.rar=01;31:*.alz=01;31:*.ace=01;31:*.zoo=01;31:*.cpio=01;31:*.7z=01;31:*.rz=01;31:*.cab=01;31:*.wim=01;31:*.swm=01;31:*.dwm=01;31:*.esd=01;31:*.jpg=01;35:*.jpeg=01;35:*.mjpg=01;35:*.mjpeg=01;35:*.gif=01;35:*.bmp=01;35:*.pbm=01;35:*.pgm=01;35:*.ppm=01;35:*.tga=01;35:*.xbm=01;35:*.xpm=01;35:*.tif=01;35:*.tiff=01;35:*.png=01;35:*.svg=01;35:*.svgz=01;35:*.mng=01;35:*.pcx=01;35:*.mov=01;35:*.mpg=01;35:*.mpeg=01;35:*.m2v=01;35:*.mkv=01;35:*.webm=01;35:*.webp=01;35:*.ogm=01;35:*.mp4=01;35:*.m4v=01;35:*.mp4v=01;35:*.vob=01;35:*.qt=01;35:*.nuv=01;35:*.wmv=01;35:*.asf=01;35:*.rm=01;35:*.rmvb=01;35:*.flc=01;35:*.avi=01;35:*.fli=01;35:*.flv=01;35:*.gl=01;35:*.dl=01;35:*.xcf=01;35:*.xwd=01;35:*.yuv=01;35:*.cgm=01;35:*.emf=01;35:*.ogv=01;35:*.ogx=01;35:*.aac=00;36:*.au=00;36:*.flac=00;36:*.m4a=00;36:*.mid=00;36:*.midi=00;36:*.mka=00;36:*.mp3=00;36:*.mpc=00;36:*.ogg=00;36:*.ra=00;36:*.wav=00;36:*.oga=00;36:*.opus=00;36:*.spx=00;36:*.xspf=00;36:', 'VSCODE_GIT_IPC_HANDLE': '/run/user/1000/vscode-git-d88bdced48.sock', 'TERM_PROGRAM': 'vscode', 'GST_V4L2_USE_LIBV4L2': '1', 'UMS_SIZE': '256M', 'AMENT_PREFIX_PATH': '/home/orangepi/Multitask-Drone/install/drone_interfaces:/opt/ros/humble', 'LC_MESSAGES': 'en_US.UTF-8', 'SHELL': '/bin/bash', 'UMS_RO': '0', 'LESSCLOSE': '/usr/bin/lesspipe %s %s', 'UMS_FSTYPE': 'vfat', 'VSCODE_GIT_ASKPASS_EXTRA_ARGS': '', 'PWD': '/home/orangepi/Multitask-Drone/build/drone_controller', 'LC_ALL': 'en_US.UTF-8', 'SSH_CONNECTION': '192.168.137.1 27009 192.168.137.2 22', 'PYTHONPATH': '/home/orangepi/Multitask-Drone/build/drone_controller/prefix_override:/usr/lib/python3/dist-packages/colcon_core/task/python/colcon_distutils_commands:/home/orangepi/Multitask-Drone/install/drone_controller/lib/python3.10/site-packages:/home/orangepi/Multitask-Drone/install/drone_interfaces/local/lib/python3.10/dist-packages:/opt/ros/humble/lib/python3.10/site-packages:/opt/ros/humble/local/lib/python3.10/dist-packages', 'UMS_MOUNT': '0', 'COLCON': '1', 'UMS_FILE': '/userdata/ums_shared.img', 'CMAKE_PREFIX_PATH': '/home/orangepi/Multitask-Drone/install/drone_interfaces'}, 'shell': False}
[2.558287] (drone_vision) Command: {'cmd': ['/usr/bin/python3', '-W', 'ignore:setup.py install is deprecated', '-W', 'ignore:easy_install command is deprecated', 'setup.py', 'egg_info', '--egg-base', '../../build/drone_vision', 'build', '--build-base', '/home/orangepi/Multitask-Drone/build/drone_vision/build', 'install', '--record', '/home/orangepi/Multitask-Drone/build/drone_vision/install.log', '--single-version-externally-managed', 'install_data'], 'cwd': '/home/orangepi/Multitask-Drone/src/drone_vision', 'env': {'LESSOPEN': '| /usr/bin/lesspipe %s', 'UMS_MOUNTPOINT': '/mnt/ums', 'GST_V4L2_PREFERRED_FOURCC': 'NV12:YU12:NV16:YUY2', 'LANGUAGE': 'en_US.UTF-8', 'USER': 'orangepi', 'SSH_CLIENT': '192.168.137.1 27009 22', 'XDG_SESSION_TYPE': 'tty', 'GIT_ASKPASS': '/home/orangepi/.vscode-server/cli/servers/Stable-fabdb6a30b49f79a7aba0f2ad9df9b399473380f/server/extensions/git/dist/askpass.sh', 'SHLVL': '1', 'USB_FUNCS': 'adb', 'LD_LIBRARY_PATH': '/home/orangepi/Multitask-Drone/install/drone_interfaces/lib:/opt/ros/humble/opt/rviz_ogre_vendor/lib:/opt/ros/humble/lib/aarch64-linux-gnu:/opt/ros/humble/lib', 'BROWSER': '/home/orangepi/.vscode-server/cli/servers/Stable-fabdb6a30b49f79a7aba0f2ad9df9b399473380f/server/bin/helpers/browser.sh', 'MOTD_SHOWN': 'pam', 'HOME': '/home/orangepi', 'OLDPWD': '/home/orangepi', 'TERM_PROGRAM_VERSION': '1.96.2', 'VSCODE_IPC_HOOK_CLI': '/run/user/1000/vscode-ipc-3ad536e0-12ba-46d1-8bbf-c7b85e32e074.sock', 'GST_INSPECT_NO_COLORS': '1', 'GST_MPP_NO_RGA': '1', 'ROS_PYTHON_VERSION': '3', 'COGL_DRIVER': 'gles2', 'VSCODE_GIT_ASKPASS_MAIN': '/home/orangepi/.vscode-server/cli/servers/Stable-fabdb6a30b49f79a7aba0f2ad9df9b399473380f/server/extensions/git/dist/askpass-main.js', 'VSCODE_GIT_ASKPASS_NODE': '/home/orangepi/.vscode-server/cli/servers/Stable-fabdb6a30b49f79a7aba0f2ad9df9b399473380f/server/node', 'SSL_CERT_FILE': '/usr/lib/ssl/certs/ca-certificates.crt', 'DBUS_SESSION_BUS_ADDRESS': 'unix:path=/run/user/1000/bus', 'COLORTERM': 'truecolor', 'GST_V4L2SRC_MAX_RESOLUTION': '3840x2160', 'ROS_DISTRO': 'humble', 'LOGNAME': 'orangepi', '_': '/usr/bin/colcon', 'ROS_VERSION': '2', 'XDG_SESSION_CLASS': 'user', 'TERM': 'xterm-256color', 'GST_GL_API': 'gles2', 'XDG_SESSION_ID': '5', 'GST_VIDEO_CONVERT_PREFERRED_FORMAT': 'NV12:NV16:I420:YUY2', 'GST_V4L2SRC_RK_DEVICES': '_mainpath:_selfpath:_bypass:_scale', 'ROS_LOCALHOST_ONLY': '0', 'PATH': '/home/orangepi/.vscode-server/cli/servers/Stable-fabdb6a30b49f79a7aba0f2ad9df9b399473380f/server/bin/remote-cli:/home/orangepi/.local/bin:/opt/ros/humble/bin:/usr/local/sbin:/usr/local/bin:/usr/sbin:/usr/bin:/sbin:/bin:/usr/games:/usr/local/games:/snap/bin', 'XDG_RUNTIME_DIR': '/run/user/1000', 'GST_GL_PLATFORM': 'egl', 'GST_DEBUG_NO_COLOR': '1', 'SSL_CERT_DIR': '/usr/lib/ssl/certs', 'GST_V4L2SRC_DEFAULT_DEVICE': '/dev/video-camera0', 'DISPLAY': ':0', 'LANG': 'en_US.UTF-8', 'LS_COLORS': 'rs=0:di=01;34:ln=01;36:mh=00:pi=40;33:so=01;35:do=01;35:bd=40;33;01:cd=40;33;01:or=40;31;01:mi=00:su=37;41:sg=30;43:ca=30;41:tw=30;42:ow=34;42:st=37;44:ex=01;32:*.tar=01;31:*.tgz=01;31:*.arc=01;31:*.arj=01;31:*.taz=01;31:*.lha=01;31:*.lz4=01;31:*.lzh=01;31:*.lzma=01;31:*.tlz=01;31:*.txz=01;31:*.tzo=01;31:*.t7z=01;31:*.zip=01;31:*.z=01;31:*.dz=01;31:*.gz=01;31:*.lrz=01;31:*.lz=01;31:*.lzo=01;31:*.xz=01;31:*.zst=01;31:*.tzst=01;31:*.bz2=01;31:*.bz=01;31:*.tbz=01;31:*.tbz2=01;31:*.tz=01;31:*.deb=01;31:*.rpm=01;31:*.jar=01;31:*.war=01;31:*.ear=01;31:*.sar=01;31:*.rar=01;31:*.alz=01;31:*.ace=01;31:*.zoo=01;31:*.cpio=01;31:*.7z=01;31:*.rz=01;31:*.cab=01;31:*.wim=01;31:*.swm=01;31:*.dwm=01;31:*.esd=01;31:*.jpg=01;35:*.jpeg=01;35:*.mjpg=01;35:*.mjpeg=01;35:*.gif=01;35:*.bmp=01;35:*.pbm=01;35:*.pgm=01;35:*.ppm=01;35:*.tga=01;35:*.xbm=01;35:*.xpm=01;35:*.tif=01;35:*.tiff=01;35:*.png=01;35:*.svg=01;35:*.svgz=01;35:*.mng=01;35:*.pcx=01;35:*.mov=01;35:*.mpg=01;35:*.mpeg=01;35:*.m2v=01;35:*.mkv=01;35:*.webm=01;35:*.webp=01;35:*.ogm=01;35:*.mp4=01;35:*.m4v=01;35:*.mp4v=01;35:*.vob=01;35:*.qt=01;35:*.nuv=01;35:*.wmv=01;35:*.asf=01;35:*.rm=01;35:*.rmvb=01;35:*.flc=01;35:*.avi=01;35:*.fli=01;35:*.flv=01;35:*.gl=01;35:*.dl=01;35:*.xcf=01;35:*.xwd=01;35:*.yuv=01;35:*.cgm=01;35:*.emf=01;35:*.ogv=01;35:*.ogx=01;35:*.aac=00;36:*.au=00;36:*.flac=00;36:*.m4a=00;36:*.mid=00;36:*.midi=00;36:*.mka=00;36:*.mp3=00;36:*.mpc=00;36:*.ogg=00;36:*.ra=00;36:*.wav=00;36:*.oga=00;36:*.opus=00;36:*.spx=00;36:*.xspf=00;36:', 'VSCODE_GIT_IPC_HANDLE': '/run/user/1000/vscode-git-d88bdced48.sock', 'TERM_PROGRAM': 'vscode', 'GST_V4L2_USE_LIBV4L2': '1', 'UMS_SIZE': '256M', 'AMENT_PREFIX_PATH': '/home/orangepi/Multitask-Drone/install/drone_interfaces:/opt/ros/humble', 'LC_MESSAGES': 'en_US.UTF-8', 'SHELL': '/bin/bash', 'UMS_RO': '0', 'LESSCLOSE': '/usr/bin/lesspipe %s %s', 'UMS_FSTYPE': 'vfat', 'VSCODE_GIT_ASKPASS_EXTRA_ARGS': '', 'PWD': '/home/orangepi/Multitask-Drone/build/drone_vision', 'LC_ALL': 'en_US.UTF-8', 'SSH_CONNECTION': '192.168.137.1 27009 192.168.137.2 22', 'PYTHONPATH': '/home/orangepi/Multitask-Drone/build/drone_vision/prefix_override:/usr/lib/python3/dist-packages/colcon_core/task/python/colcon_distutils_commands:/home/orangepi/Multitask-Drone/install/drone_vision/lib/python3.10/site-packages:/home/orangepi/Multitask-Drone/install/drone_interfaces/local/lib/python3.10/dist-packages:/opt/ros/humble/lib/python3.10/site-packages:/opt/ros/humble/local/lib/python3.10/dist-packages', 'UMS_MOUNT': '0', 'COLCON': '1', 'UMS_FILE': '/userdata/ums_shared.img', 'CMAKE_PREFIX_PATH': '/home/orangepi/Multitask-Drone/install/drone_interfaces'}, 'shell': False}
[2.612650] (-) TimerEvent: {}
[2.713726] (-) TimerEvent: {}
[2.815132] (-) TimerEvent: {}
[2.916014] (drone_controller) StdoutLine: {'line': b'running egg_info\n'}
[2.917143] (-) TimerEvent: {}
[2.917796] (drone_controller) StdoutLine: {'line': b'writing ../../build/drone_controller/drone_controller.egg-info/PKG-INFO\n'}
[2.918425] (drone_controller) StdoutLine: {'line': b'writing dependency_links to ../../build/drone_controller/drone_controller.egg-info/dependency_links.txt\n'}
[2.918981] (drone_controller) StdoutLine: {'line': b'writing entry points to ../../build/drone_controller/drone_controller.egg-info/entry_points.txt\n'}
[2.919433] (drone_controller) StdoutLine: {'line': b'writing requirements to ../../build/drone_controller/drone_controller.egg-info/requires.txt\n'}
[2.919847] (drone_controller) StdoutLine: {'line': b'writing top-level names to ../../build/drone_controller/drone_controller.egg-info/top_level.txt\n'}
[2.921987] (drone_controller) StderrLine: {'line': b"package init file 'drone_controller/payload/__init__.py' not found (or not a regular file)\n"}
[2.922677] (drone_controller) StdoutLine: {'line': b"reading manifest file '../../build/drone_controller/drone_controller.egg-info/SOURCES.txt'\n"}
[2.923118] (drone_controller) StdoutLine: {'line': b"adding license file 'LICENSE'\n"}
[2.924193] (drone_controller) StdoutLine: {'line': b"writing manifest file '../../build/drone_controller/drone_controller.egg-info/SOURCES.txt'\n"}
[2.924802] (drone_controller) StdoutLine: {'line': b'running build\n'}
[2.925486] (drone_controller) StdoutLine: {'line': b'running build_py\n'}
[2.926082] (drone_controller) StdoutLine: {'line': b'copying drone_controller/drone_controller.py -> /home/orangepi/Multitask-Drone/build/drone_controller/build/lib/drone_controller\n'}
[2.926501] (drone_controller) StdoutLine: {'line': b'copying drone_controller/config.py -> /home/orangepi/Multitask-Drone/build/drone_controller/build/lib/drone_controller\n'}
[2.926901] (drone_vision) StdoutLine: {'line': b'running egg_info\n'}
[2.927442] (drone_controller) StdoutLine: {'line': b'copying drone_controller/waypoint/waypoint_handler.py -> /home/orangepi/Multitask-Drone/build/drone_controller/build/lib/drone_controller/waypoint\n'}
[2.927914] (drone_controller) StdoutLine: {'line': b'copying drone_controller/waypoint/waypoint_task_executor.py -> /home/orangepi/Multitask-Drone/build/drone_controller/build/lib/drone_controller/waypoint\n'}
[2.928301] (drone_controller) StdoutLine: {'line': b'creating /home/orangepi/Multitask-Drone/build/drone_controller/build/lib/drone_controller/payload\n'}
[2.928682] (drone_controller) StdoutLine: {'line': b'copying drone_controller/payload/payload_controller.py -> /home/orangepi/Multitask-Drone/build/drone_controller/build/lib/drone_controller/payload\n'}
[2.929064] (drone_vision) StdoutLine: {'line': b'writing ../../build/drone_vision/drone_vision.egg-info/PKG-INFO\n'}
[2.929487] (drone_controller) StdoutLine: {'line': b'running install\n'}
[2.929869] (drone_vision) StdoutLine: {'line': b'writing dependency_links to ../../build/drone_vision/drone_vision.egg-info/dependency_links.txt\n'}
[2.930284] (drone_vision) StdoutLine: {'line': b'writing entry points to ../../build/drone_vision/drone_vision.egg-info/entry_points.txt\n'}
[2.930708] (drone_vision) StdoutLine: {'line': b'writing requirements to ../../build/drone_vision/drone_vision.egg-info/requires.txt\n'}
[2.931108] (drone_controller) StdoutLine: {'line': b'running install_lib\n'}
[2.931492] (drone_vision) StdoutLine: {'line': b'writing top-level names to ../../build/drone_vision/drone_vision.egg-info/top_level.txt\n'}
[2.931937] (drone_controller) StdoutLine: {'line': b'copying /home/orangepi/Multitask-Drone/build/drone_controller/build/lib/drone_controller/waypoint/waypoint_handler.py -> /home/orangepi/Multitask-Drone/install/drone_controller/lib/python3.10/site-packages/drone_controller/waypoint\n'}
[2.932350] (drone_controller) StdoutLine: {'line': b'copying /home/orangepi/Multitask-Drone/build/drone_controller/build/lib/drone_controller/waypoint/waypoint_task_executor.py -> /home/orangepi/Multitask-Drone/install/drone_controller/lib/python3.10/site-packages/drone_controller/waypoint\n'}
[2.932741] (drone_controller) StdoutLine: {'line': b'creating /home/orangepi/Multitask-Drone/install/drone_controller/lib/python3.10/site-packages/drone_controller/payload\n'}
[2.933115] (drone_controller) StdoutLine: {'line': b'copying /home/orangepi/Multitask-Drone/build/drone_controller/build/lib/drone_controller/payload/payload_controller.py -> /home/orangepi/Multitask-Drone/install/drone_controller/lib/python3.10/site-packages/drone_controller/payload\n'}
[2.933494] (drone_controller) StdoutLine: {'line': b'copying /home/orangepi/Multitask-Drone/build/drone_controller/build/lib/drone_controller/drone_controller.py -> /home/orangepi/Multitask-Drone/install/drone_controller/lib/python3.10/site-packages/drone_controller\n'}
[2.933892] (drone_controller) StdoutLine: {'line': b'copying /home/orangepi/Multitask-Drone/build/drone_controller/build/lib/drone_controller/config.py -> /home/orangepi/Multitask-Drone/install/drone_controller/lib/python3.10/site-packages/drone_controller\n'}
[2.934369] (drone_controller) StdoutLine: {'line': b'byte-compiling /home/orangepi/Multitask-Drone/install/drone_controller/lib/python3.10/site-packages/drone_controller/waypoint/waypoint_handler.py to waypoint_handler.cpython-310.pyc\n'}
[2.934761] (drone_vision) StdoutLine: {'line': b"reading manifest file '../../build/drone_vision/drone_vision.egg-info/SOURCES.txt'\n"}
[2.935170] (drone_vision) StdoutLine: {'line': b"adding license file 'LICENSE'\n"}
[2.935758] (drone_vision) StdoutLine: {'line': b"writing manifest file '../../build/drone_vision/drone_vision.egg-info/SOURCES.txt'\n"}
[2.936176] (drone_controller) StdoutLine: {'line': b'byte-compiling /home/orangepi/Multitask-Drone/install/drone_controller/lib/python3.10/site-packages/drone_controller/waypoint/waypoint_task_executor.py to waypoint_task_executor.cpython-310.pyc\n'}
[2.936603] (drone_vision) StdoutLine: {'line': b'running build\n'}
[2.937096] (drone_vision) StdoutLine: {'line': b'running build_py\n'}
[2.937562] (drone_vision) StdoutLine: {'line': b'copying drone_vision/config.py -> /home/orangepi/Multitask-Drone/build/drone_vision/build/lib/drone_vision\n'}
[2.937958] (drone_vision) StdoutLine: {'line': b'running install\n'}
[2.938499] (drone_vision) StdoutLine: {'line': b'running install_lib\n'}
[2.938877] (drone_controller) StdoutLine: {'line': b'byte-compiling /home/orangepi/Multitask-Drone/install/drone_controller/lib/python3.10/site-packages/drone_controller/payload/payload_controller.py to payload_controller.cpython-310.pyc\n'}
[2.939288] (drone_controller) StdoutLine: {'line': b'byte-compiling /home/orangepi/Multitask-Drone/install/drone_controller/lib/python3.10/site-packages/drone_controller/drone_controller.py to drone_controller.cpython-310.pyc\n'}
[2.939761] (drone_vision) StdoutLine: {'line': b'copying /home/orangepi/Multitask-Drone/build/drone_vision/build/lib/drone_vision/config.py -> /home/orangepi/Multitask-Drone/install/drone_vision/lib/python3.10/site-packages/drone_vision\n'}
[2.940274] (drone_vision) StdoutLine: {'line': b'byte-compiling /home/orangepi/Multitask-Drone/install/drone_vision/lib/python3.10/site-packages/drone_vision/config.py to config.cpython-310.pyc\n'}
[2.940828] (drone_vision) StdoutLine: {'line': b'running install_data\n'}
[2.941286] (drone_controller) StdoutLine: {'line': b'byte-compiling /home/orangepi/Multitask-Drone/install/drone_controller/lib/python3.10/site-packages/drone_controller/config.py to config.cpython-310.pyc\n'}
[2.941704] (drone_vision) StdoutLine: {'line': b'running install_egg_info\n'}
[2.942085] (drone_controller) StdoutLine: {'line': b'running install_data\n'}
[2.942473] (drone_controller) StdoutLine: {'line': b'running install_egg_info\n'}
[2.944456] (drone_vision) StdoutLine: {'line': b"removing '/home/orangepi/Multitask-Drone/install/drone_vision/lib/python3.10/site-packages/drone_vision-0.0.0-py3.10.egg-info' (and everything under it)\n"}
[2.945128] (drone_vision) StdoutLine: {'line': b'Copying ../../build/drone_vision/drone_vision.egg-info to /home/orangepi/Multitask-Drone/install/drone_vision/lib/python3.10/site-packages/drone_vision-0.0.0-py3.10.egg-info\n'}
[2.945677] (drone_controller) StdoutLine: {'line': b"removing '/home/orangepi/Multitask-Drone/install/drone_controller/lib/python3.10/site-packages/drone_controller-0.0.0-py3.10.egg-info' (and everything under it)\n"}
[2.946144] (drone_controller) StdoutLine: {'line': b'Copying ../../build/drone_controller/drone_controller.egg-info to /home/orangepi/Multitask-Drone/install/drone_controller/lib/python3.10/site-packages/drone_controller-0.0.0-py3.10.egg-info\n'}
[2.946587] (drone_vision) StdoutLine: {'line': b'running install_scripts\n'}
[2.946974] (drone_controller) StdoutLine: {'line': b'running install_scripts\n'}
[2.983399] (drone_controller) StdoutLine: {'line': b'Installing drone_controller script to /home/orangepi/Multitask-Drone/install/drone_controller/lib/drone_controller\n'}
[2.984658] (drone_controller) StdoutLine: {'line': b'Installing task_executor script to /home/orangepi/Multitask-Drone/install/drone_controller/lib/drone_controller\n'}
[2.985548] (drone_controller) StdoutLine: {'line': b'Installing waypoint_handler script to /home/orangepi/Multitask-Drone/install/drone_controller/lib/drone_controller\n'}
[2.986172] (drone_controller) StdoutLine: {'line': b'Installing yiku_test script to /home/orangepi/Multitask-Drone/install/drone_controller/lib/drone_controller\n'}
[2.986857] (drone_controller) StdoutLine: {'line': b"writing list of installed files to '/home/orangepi/Multitask-Drone/build/drone_controller/install.log'\n"}
[2.987460] (drone_vision) StdoutLine: {'line': b'Installing object_detector script to /home/orangepi/Multitask-Drone/install/drone_vision/lib/drone_vision\n'}
[2.988039] (drone_vision) StdoutLine: {'line': b"writing list of installed files to '/home/orangepi/Multitask-Drone/build/drone_vision/install.log'\n"}
[3.017776] (-) TimerEvent: {}
[3.095511] (drone_controller) CommandEnded: {'returncode': 0}
[3.117876] (-) TimerEvent: {}
[3.124925] (drone_controller) JobEnded: {'identifier': 'drone_controller', 'rc': 0}
[3.130596] (drone_vision) CommandEnded: {'returncode': 0}
[3.155026] (drone_vision) JobEnded: {'identifier': 'drone_vision', 'rc': 0}
[3.157757] (-) EventReactorShutdown: {}
