[0.000000] (-) TimerEvent: {}
[0.000839] (drone_interfaces) JobQueued: {'identifier': 'drone_interfaces', 'dependencies': OrderedDict()}
[0.001106] (drone_monitor) JobQueued: {'identifier': 'drone_monitor', 'dependencies': OrderedDict()}
[0.001349] (drone_controller) JobQueued: {'identifier': 'drone_controller', 'dependencies': OrderedDict([('drone_interfaces', '/home/jetson/Multitask-Drone/install/drone_interfaces')])}
[0.001442] (drone_vision) JobQueued: {'identifier': 'drone_vision', 'dependencies': OrderedDict([('drone_interfaces', '/home/jetson/Multitask-Drone/install/drone_interfaces')])}
[0.001509] (drone_interfaces) JobStarted: {'identifier': 'drone_interfaces'}
[0.011108] (drone_monitor) JobStarted: {'identifier': 'drone_monitor'}
[0.022327] (drone_interfaces) JobProgress: {'identifier': 'drone_interfaces', 'progress': 'cmake'}
[0.023599] (drone_interfaces) JobProgress: {'identifier': 'drone_interfaces', 'progress': 'build'}
[0.024717] (drone_interfaces) Command: {'cmd': ['/usr/bin/cmake', '--build', '/home/jetson/Multitask-Drone/build/drone_interfaces', '--', '-j6', '-l6'], 'cwd': '/home/jetson/Multitask-Drone/build/drone_interfaces', 'env': OrderedDict([('GJS_DEBUG_TOPICS', 'JS ERROR;JS LOG'), ('LESSOPEN', '| /usr/bin/lesspipe %s'), ('LANGUAGE', 'en_US:en'), ('USER', 'jetson'), ('LC_TIME', 'zh_CN.UTF-8'), ('XDG_SESSION_TYPE', 'x11'), ('GIT_ASKPASS', '/usr/share/code/resources/app/extensions/git/dist/askpass.sh'), ('SHLVL', '1'), ('LD_LIBRARY_PATH', '/opt/ros/humble/opt/rviz_ogre_vendor/lib:/opt/ros/humble/lib/aarch64-linux-gnu:/opt/ros/humble/lib'), ('HOME', '/home/jetson'), ('CHROME_DESKTOP', 'code.desktop'), ('TERM_PROGRAM_VERSION', '1.97.2'), ('DESKTOP_SESSION', 'ubuntu'), ('GIO_LAUNCHED_DESKTOP_FILE', '/usr/share/applications/code.desktop'), ('ROS_PYTHON_VERSION', '3'), ('GNOME_SHELL_SESSION_MODE', 'ubuntu'), ('GTK_MODULES', 'gail:atk-bridge'), ('VSCODE_GIT_ASKPASS_MAIN', '/usr/share/code/resources/app/extensions/git/dist/askpass-main.js'), ('LC_MONETARY', 'zh_CN.UTF-8'), ('VSCODE_GIT_ASKPASS_NODE', '/usr/share/code/code'), ('MANAGERPID', '1966'), ('PYDEVD_DISABLE_FILE_VALIDATION', '1'), ('SYSTEMD_EXEC_PID', '2131'), ('BUNDLED_DEBUGPY_PATH', '/home/jetson/.vscode/extensions/ms-python.debugpy-2025.4.0-linux-arm64/bundled/libs/debugpy'), ('DBUS_SESSION_BUS_ADDRESS', 'unix:path=/run/user/1000/bus'), ('COLORTERM', 'truecolor'), ('GIO_LAUNCHED_DESKTOP_FILE_PID', '2905'), ('IM_CONFIG_PHASE', '1'), ('ROS_DISTRO', 'humble'), ('GTK_IM_MODULE', 'ibus'), ('LOGNAME', 'jetson'), ('JOURNAL_STREAM', '8:45758'), ('_', '/usr/bin/colcon'), ('ROS_VERSION', '2'), ('XDG_SESSION_CLASS', 'user'), ('USERNAME', 'jetson'), ('TERM', 'xterm-256color'), ('GNOME_DESKTOP_SESSION_ID', 'this-is-deprecated'), ('ROS_LOCALHOST_ONLY', '0'), ('WINDOWPATH', '2'), ('PATH', '/home/jetson/.local/bin:/opt/ros/humble/bin:/home/jetson/.local/bin:/usr/local/sbin:/usr/local/bin:/usr/sbin:/usr/bin:/sbin:/bin:/usr/games:/usr/local/games:/snap/bin:/snap/bin:/home/jetson/.vscode/extensions/ms-python.debugpy-2025.4.0-linux-arm64/bundled/scripts/noConfigScripts'), ('SESSION_MANAGER', 'local/jetson:@/tmp/.ICE-unix/2106,unix/jetson:/tmp/.ICE-unix/2106'), ('INVOCATION_ID', '49cf83d1680a42498de3124714b5818b'), ('PAPERSIZE', 'a4'), ('XDG_MENU_PREFIX', 'gnome-'), ('LC_ADDRESS', 'zh_CN.UTF-8'), ('XDG_RUNTIME_DIR', '/run/user/1000'), ('GDK_BACKEND', 'x11'), ('DISPLAY', ':1'), ('VSCODE_DEBUGPY_ADAPTER_ENDPOINTS', '/home/jetson/.vscode/extensions/ms-python.debugpy-2025.4.0-linux-arm64/.noConfigDebugAdapterEndpoints/endpoint-c46c9bfcfeb89042.txt'), ('LANG', 'en_US.UTF-8'), ('XDG_CURRENT_DESKTOP', 'Unity'), ('LC_TELEPHONE', 'zh_CN.UTF-8'), ('XMODIFIERS', '@im=ibus'), ('XDG_SESSION_DESKTOP', 'ubuntu'), ('XAUTHORITY', '/run/user/1000/gdm/Xauthority'), ('LS_COLORS', 'rs=0:di=01;34:ln=01;36:mh=00:pi=40;33:so=01;35:do=01;35:bd=40;33;01:cd=40;33;01:or=40;31;01:mi=00:su=37;41:sg=30;43:ca=30;41:tw=30;42:ow=34;42:st=37;44:ex=01;32:*.tar=01;31:*.tgz=01;31:*.arc=01;31:*.arj=01;31:*.taz=01;31:*.lha=01;31:*.lz4=01;31:*.lzh=01;31:*.lzma=01;31:*.tlz=01;31:*.txz=01;31:*.tzo=01;31:*.t7z=01;31:*.zip=01;31:*.z=01;31:*.dz=01;31:*.gz=01;31:*.lrz=01;31:*.lz=01;31:*.lzo=01;31:*.xz=01;31:*.zst=01;31:*.tzst=01;31:*.bz2=01;31:*.bz=01;31:*.tbz=01;31:*.tbz2=01;31:*.tz=01;31:*.deb=01;31:*.rpm=01;31:*.jar=01;31:*.war=01;31:*.ear=01;31:*.sar=01;31:*.rar=01;31:*.alz=01;31:*.ace=01;31:*.zoo=01;31:*.cpio=01;31:*.7z=01;31:*.rz=01;31:*.cab=01;31:*.wim=01;31:*.swm=01;31:*.dwm=01;31:*.esd=01;31:*.jpg=01;35:*.jpeg=01;35:*.mjpg=01;35:*.mjpeg=01;35:*.gif=01;35:*.bmp=01;35:*.pbm=01;35:*.pgm=01;35:*.ppm=01;35:*.tga=01;35:*.xbm=01;35:*.xpm=01;35:*.tif=01;35:*.tiff=01;35:*.png=01;35:*.svg=01;35:*.svgz=01;35:*.mng=01;35:*.pcx=01;35:*.mov=01;35:*.mpg=01;35:*.mpeg=01;35:*.m2v=01;35:*.mkv=01;35:*.webm=01;35:*.webp=01;35:*.ogm=01;35:*.mp4=01;35:*.m4v=01;35:*.mp4v=01;35:*.vob=01;35:*.qt=01;35:*.nuv=01;35:*.wmv=01;35:*.asf=01;35:*.rm=01;35:*.rmvb=01;35:*.flc=01;35:*.avi=01;35:*.fli=01;35:*.flv=01;35:*.gl=01;35:*.dl=01;35:*.xcf=01;35:*.xwd=01;35:*.yuv=01;35:*.cgm=01;35:*.emf=01;35:*.ogv=01;35:*.ogx=01;35:*.aac=00;36:*.au=00;36:*.flac=00;36:*.m4a=00;36:*.mid=00;36:*.midi=00;36:*.mka=00;36:*.mp3=00;36:*.mpc=00;36:*.ogg=00;36:*.ra=00;36:*.wav=00;36:*.oga=00;36:*.opus=00;36:*.spx=00;36:*.xspf=00;36:'), ('VSCODE_GIT_IPC_HANDLE', '/run/user/1000/vscode-git-91161eaa61.sock'), ('TERM_PROGRAM', 'vscode'), ('SSH_AGENT_LAUNCHER', 'gnome-keyring'), ('SSH_AUTH_SOCK', '/run/user/1000/keyring/ssh'), ('AMENT_PREFIX_PATH', '/opt/ros/humble'), ('ORIGINAL_XDG_CURRENT_DESKTOP', 'ubuntu:GNOME'), ('SHELL', '/bin/bash'), ('LC_NAME', 'zh_CN.UTF-8'), ('QT_ACCESSIBILITY', '1'), ('GDMSESSION', 'ubuntu'), ('LESSCLOSE', '/usr/bin/lesspipe %s %s'), ('LC_MEASUREMENT', 'zh_CN.UTF-8'), ('GPG_AGENT_INFO', '/run/user/1000/gnupg/S.gpg-agent:0:1'), ('GJS_DEBUG_OUTPUT', 'stderr'), ('LC_IDENTIFICATION', 'zh_CN.UTF-8'), ('VSCODE_GIT_ASKPASS_EXTRA_ARGS', ''), ('QT_IM_MODULE', 'ibus'), ('PWD', '/home/jetson/Multitask-Drone/build/drone_interfaces'), ('LC_ALL', 'en_US.UTF-8'), ('XDG_CONFIG_DIRS', '/etc/xdg/xdg-ubuntu:/etc/xdg'), ('XDG_DATA_DIRS', '/usr/share/ubuntu:/usr/share/gnome:/usr/local/share/:/usr/share/:/var/lib/snapd/desktop'), ('PYTHONPATH', '/opt/ros/humble/lib/python3.10/site-packages:/opt/ros/humble/local/lib/python3.10/dist-packages'), ('LC_NUMERIC', 'zh_CN.UTF-8'), ('LC_PAPER', 'zh_CN.UTF-8'), ('COLCON', '1'), ('CMAKE_PREFIX_PATH', '/opt/ros/humble')]), 'shell': False}
[0.099631] (-) TimerEvent: {}
[0.188091] (drone_interfaces) StdoutLine: {'line': b'[  1%] Built target drone_interfaces__cpp\n'}
[0.199807] (-) TimerEvent: {}
[0.271085] (drone_interfaces) StdoutLine: {'line': b'[  1%] Built target ament_cmake_python_copy_drone_interfaces\n'}
[0.299974] (-) TimerEvent: {}
[0.320369] (drone_interfaces) StdoutLine: {'line': b'\x1b[35m\x1b[1mConsolidate compiler generated dependencies of target drone_interfaces__rosidl_typesupport_introspection_cpp\x1b[0m\n'}
[0.375686] (drone_interfaces) StdoutLine: {'line': b'[ 12%] Built target drone_interfaces__rosidl_typesupport_introspection_cpp\n'}
[0.400146] (-) TimerEvent: {}
[0.502796] (-) TimerEvent: {}
[0.603431] (-) TimerEvent: {}
[0.704173] (-) TimerEvent: {}
[0.804981] (-) TimerEvent: {}
[0.832373] (drone_interfaces) StdoutLine: {'line': b'running egg_info\n'}
[0.834207] (drone_interfaces) StdoutLine: {'line': b'writing drone_interfaces.egg-info/PKG-INFO\n'}
[0.834984] (drone_interfaces) StdoutLine: {'line': b'writing dependency_links to drone_interfaces.egg-info/dependency_links.txt\n'}
[0.835528] (drone_interfaces) StdoutLine: {'line': b'writing top-level names to drone_interfaces.egg-info/top_level.txt\n'}
[0.841912] (drone_interfaces) StdoutLine: {'line': b"reading manifest file 'drone_interfaces.egg-info/SOURCES.txt'\n"}
[0.843384] (drone_interfaces) StdoutLine: {'line': b"writing manifest file 'drone_interfaces.egg-info/SOURCES.txt'\n"}
[0.905136] (-) TimerEvent: {}
[0.926176] (drone_interfaces) StdoutLine: {'line': b'[ 12%] Built target ament_cmake_python_build_drone_interfaces_egg\n'}
[0.957438] (drone_interfaces) StdoutLine: {'line': b'\x1b[35m\x1b[1mConsolidate compiler generated dependencies of target drone_interfaces__rosidl_typesupport_fastrtps_cpp\x1b[0m\n'}
[0.998608] (drone_interfaces) StdoutLine: {'line': b'[ 24%] Built target drone_interfaces__rosidl_typesupport_fastrtps_cpp\n'}
[1.005299] (-) TimerEvent: {}
[1.023943] (drone_interfaces) StdoutLine: {'line': b'\x1b[35m\x1b[1mConsolidate compiler generated dependencies of target drone_interfaces__rosidl_typesupport_cpp\x1b[0m\n'}
[1.065246] (drone_interfaces) StdoutLine: {'line': b'[ 35%] Built target drone_interfaces__rosidl_typesupport_cpp\n'}
[1.089027] (drone_interfaces) StdoutLine: {'line': b'\x1b[35m\x1b[1mConsolidate compiler generated dependencies of target drone_interfaces__rosidl_generator_c\x1b[0m\n'}
[1.105401] (-) TimerEvent: {}
[1.115624] (drone_interfaces) StdoutLine: {'line': b'[ 47%] Built target drone_interfaces__rosidl_generator_c\n'}
[1.148728] (drone_interfaces) StdoutLine: {'line': b'\x1b[35m\x1b[1mConsolidate compiler generated dependencies of target drone_interfaces__rosidl_typesupport_fastrtps_c\x1b[0m\n'}
[1.187371] (drone_interfaces) StdoutLine: {'line': b'[ 58%] Built target drone_interfaces__rosidl_typesupport_fastrtps_c\n'}
[1.205599] (-) TimerEvent: {}
[1.210646] (drone_interfaces) StdoutLine: {'line': b'\x1b[35m\x1b[1mConsolidate compiler generated dependencies of target drone_interfaces__rosidl_typesupport_c\x1b[0m\n'}
[1.213984] (drone_monitor) Command: {'cmd': ['/usr/bin/python3', '-W', 'ignore:setup.py install is deprecated', '-W', 'ignore:easy_install command is deprecated', 'setup.py', 'egg_info', '--egg-base', '../../build/drone_monitor', 'build', '--build-base', '/home/jetson/Multitask-Drone/build/drone_monitor/build', 'install', '--record', '/home/jetson/Multitask-Drone/build/drone_monitor/install.log', '--single-version-externally-managed', 'install_data'], 'cwd': '/home/jetson/Multitask-Drone/src/drone_monitor', 'env': {'GJS_DEBUG_TOPICS': 'JS ERROR;JS LOG', 'LESSOPEN': '| /usr/bin/lesspipe %s', 'LANGUAGE': 'en_US:en', 'USER': 'jetson', 'LC_TIME': 'zh_CN.UTF-8', 'XDG_SESSION_TYPE': 'x11', 'GIT_ASKPASS': '/usr/share/code/resources/app/extensions/git/dist/askpass.sh', 'SHLVL': '1', 'LD_LIBRARY_PATH': '/opt/ros/humble/opt/rviz_ogre_vendor/lib:/opt/ros/humble/lib/aarch64-linux-gnu:/opt/ros/humble/lib', 'HOME': '/home/jetson', 'CHROME_DESKTOP': 'code.desktop', 'TERM_PROGRAM_VERSION': '1.97.2', 'DESKTOP_SESSION': 'ubuntu', 'GIO_LAUNCHED_DESKTOP_FILE': '/usr/share/applications/code.desktop', 'ROS_PYTHON_VERSION': '3', 'GNOME_SHELL_SESSION_MODE': 'ubuntu', 'GTK_MODULES': 'gail:atk-bridge', 'VSCODE_GIT_ASKPASS_MAIN': '/usr/share/code/resources/app/extensions/git/dist/askpass-main.js', 'LC_MONETARY': 'zh_CN.UTF-8', 'VSCODE_GIT_ASKPASS_NODE': '/usr/share/code/code', 'MANAGERPID': '1966', 'PYDEVD_DISABLE_FILE_VALIDATION': '1', 'SYSTEMD_EXEC_PID': '2131', 'BUNDLED_DEBUGPY_PATH': '/home/jetson/.vscode/extensions/ms-python.debugpy-2025.4.0-linux-arm64/bundled/libs/debugpy', 'DBUS_SESSION_BUS_ADDRESS': 'unix:path=/run/user/1000/bus', 'COLORTERM': 'truecolor', 'GIO_LAUNCHED_DESKTOP_FILE_PID': '2905', 'IM_CONFIG_PHASE': '1', 'ROS_DISTRO': 'humble', 'GTK_IM_MODULE': 'ibus', 'LOGNAME': 'jetson', 'JOURNAL_STREAM': '8:45758', '_': '/usr/bin/colcon', 'ROS_VERSION': '2', 'XDG_SESSION_CLASS': 'user', 'USERNAME': 'jetson', 'TERM': 'xterm-256color', 'GNOME_DESKTOP_SESSION_ID': 'this-is-deprecated', 'ROS_LOCALHOST_ONLY': '0', 'WINDOWPATH': '2', 'PATH': '/home/jetson/.local/bin:/opt/ros/humble/bin:/home/jetson/.local/bin:/usr/local/sbin:/usr/local/bin:/usr/sbin:/usr/bin:/sbin:/bin:/usr/games:/usr/local/games:/snap/bin:/snap/bin:/home/jetson/.vscode/extensions/ms-python.debugpy-2025.4.0-linux-arm64/bundled/scripts/noConfigScripts', 'SESSION_MANAGER': 'local/jetson:@/tmp/.ICE-unix/2106,unix/jetson:/tmp/.ICE-unix/2106', 'INVOCATION_ID': '49cf83d1680a42498de3124714b5818b', 'PAPERSIZE': 'a4', 'XDG_MENU_PREFIX': 'gnome-', 'LC_ADDRESS': 'zh_CN.UTF-8', 'XDG_RUNTIME_DIR': '/run/user/1000', 'GDK_BACKEND': 'x11', 'DISPLAY': ':1', 'VSCODE_DEBUGPY_ADAPTER_ENDPOINTS': '/home/jetson/.vscode/extensions/ms-python.debugpy-2025.4.0-linux-arm64/.noConfigDebugAdapterEndpoints/endpoint-c46c9bfcfeb89042.txt', 'LANG': 'en_US.UTF-8', 'XDG_CURRENT_DESKTOP': 'Unity', 'LC_TELEPHONE': 'zh_CN.UTF-8', 'XMODIFIERS': '@im=ibus', 'XDG_SESSION_DESKTOP': 'ubuntu', 'XAUTHORITY': '/run/user/1000/gdm/Xauthority', 'LS_COLORS': 'rs=0:di=01;34:ln=01;36:mh=00:pi=40;33:so=01;35:do=01;35:bd=40;33;01:cd=40;33;01:or=40;31;01:mi=00:su=37;41:sg=30;43:ca=30;41:tw=30;42:ow=34;42:st=37;44:ex=01;32:*.tar=01;31:*.tgz=01;31:*.arc=01;31:*.arj=01;31:*.taz=01;31:*.lha=01;31:*.lz4=01;31:*.lzh=01;31:*.lzma=01;31:*.tlz=01;31:*.txz=01;31:*.tzo=01;31:*.t7z=01;31:*.zip=01;31:*.z=01;31:*.dz=01;31:*.gz=01;31:*.lrz=01;31:*.lz=01;31:*.lzo=01;31:*.xz=01;31:*.zst=01;31:*.tzst=01;31:*.bz2=01;31:*.bz=01;31:*.tbz=01;31:*.tbz2=01;31:*.tz=01;31:*.deb=01;31:*.rpm=01;31:*.jar=01;31:*.war=01;31:*.ear=01;31:*.sar=01;31:*.rar=01;31:*.alz=01;31:*.ace=01;31:*.zoo=01;31:*.cpio=01;31:*.7z=01;31:*.rz=01;31:*.cab=01;31:*.wim=01;31:*.swm=01;31:*.dwm=01;31:*.esd=01;31:*.jpg=01;35:*.jpeg=01;35:*.mjpg=01;35:*.mjpeg=01;35:*.gif=01;35:*.bmp=01;35:*.pbm=01;35:*.pgm=01;35:*.ppm=01;35:*.tga=01;35:*.xbm=01;35:*.xpm=01;35:*.tif=01;35:*.tiff=01;35:*.png=01;35:*.svg=01;35:*.svgz=01;35:*.mng=01;35:*.pcx=01;35:*.mov=01;35:*.mpg=01;35:*.mpeg=01;35:*.m2v=01;35:*.mkv=01;35:*.webm=01;35:*.webp=01;35:*.ogm=01;35:*.mp4=01;35:*.m4v=01;35:*.mp4v=01;35:*.vob=01;35:*.qt=01;35:*.nuv=01;35:*.wmv=01;35:*.asf=01;35:*.rm=01;35:*.rmvb=01;35:*.flc=01;35:*.avi=01;35:*.fli=01;35:*.flv=01;35:*.gl=01;35:*.dl=01;35:*.xcf=01;35:*.xwd=01;35:*.yuv=01;35:*.cgm=01;35:*.emf=01;35:*.ogv=01;35:*.ogx=01;35:*.aac=00;36:*.au=00;36:*.flac=00;36:*.m4a=00;36:*.mid=00;36:*.midi=00;36:*.mka=00;36:*.mp3=00;36:*.mpc=00;36:*.ogg=00;36:*.ra=00;36:*.wav=00;36:*.oga=00;36:*.opus=00;36:*.spx=00;36:*.xspf=00;36:', 'VSCODE_GIT_IPC_HANDLE': '/run/user/1000/vscode-git-91161eaa61.sock', 'TERM_PROGRAM': 'vscode', 'SSH_AGENT_LAUNCHER': 'gnome-keyring', 'SSH_AUTH_SOCK': '/run/user/1000/keyring/ssh', 'AMENT_PREFIX_PATH': '/opt/ros/humble', 'ORIGINAL_XDG_CURRENT_DESKTOP': 'ubuntu:GNOME', 'SHELL': '/bin/bash', 'LC_NAME': 'zh_CN.UTF-8', 'QT_ACCESSIBILITY': '1', 'GDMSESSION': 'ubuntu', 'LESSCLOSE': '/usr/bin/lesspipe %s %s', 'LC_MEASUREMENT': 'zh_CN.UTF-8', 'GPG_AGENT_INFO': '/run/user/1000/gnupg/S.gpg-agent:0:1', 'GJS_DEBUG_OUTPUT': 'stderr', 'LC_IDENTIFICATION': 'zh_CN.UTF-8', 'VSCODE_GIT_ASKPASS_EXTRA_ARGS': '', 'QT_IM_MODULE': 'ibus', 'PWD': '/home/jetson/Multitask-Drone/build/drone_monitor', 'LC_ALL': 'en_US.UTF-8', 'XDG_CONFIG_DIRS': '/etc/xdg/xdg-ubuntu:/etc/xdg', 'XDG_DATA_DIRS': '/usr/share/ubuntu:/usr/share/gnome:/usr/local/share/:/usr/share/:/var/lib/snapd/desktop', 'PYTHONPATH': '/home/jetson/Multitask-Drone/build/drone_monitor/prefix_override:/usr/lib/python3/dist-packages/colcon_core/task/python/colcon_distutils_commands:/home/jetson/Multitask-Drone/install/drone_monitor/lib/python3.10/site-packages:/opt/ros/humble/lib/python3.10/site-packages:/opt/ros/humble/local/lib/python3.10/dist-packages', 'LC_NUMERIC': 'zh_CN.UTF-8', 'LC_PAPER': 'zh_CN.UTF-8', 'COLCON': '1'}, 'shell': False}
[1.243052] (drone_interfaces) StdoutLine: {'line': b'[ 70%] Built target drone_interfaces__rosidl_typesupport_c\n'}
[1.270845] (drone_interfaces) StdoutLine: {'line': b'\x1b[35m\x1b[1mConsolidate compiler generated dependencies of target drone_interfaces__rosidl_typesupport_introspection_c\x1b[0m\n'}
[1.299476] (drone_interfaces) StdoutLine: {'line': b'[ 82%] Built target drone_interfaces__rosidl_typesupport_introspection_c\n'}
[1.305951] (-) TimerEvent: {}
[1.338448] (drone_interfaces) StdoutLine: {'line': b'[ 82%] Built target drone_interfaces\n'}
[1.377906] (drone_interfaces) StdoutLine: {'line': b'[ 83%] Built target drone_interfaces__py\n'}
[1.398829] (drone_interfaces) StdoutLine: {'line': b'\x1b[35m\x1b[1mConsolidate compiler generated dependencies of target drone_interfaces__rosidl_generator_py\x1b[0m\n'}
[1.406082] (-) TimerEvent: {}
[1.439766] (drone_interfaces) StdoutLine: {'line': b'[ 93%] Built target drone_interfaces__rosidl_generator_py\n'}
[1.459210] (drone_interfaces) StdoutLine: {'line': b'\x1b[35m\x1b[1mConsolidate compiler generated dependencies of target drone_interfaces__rosidl_typesupport_fastrtps_c__pyext\x1b[0m\n'}
[1.487010] (drone_interfaces) StdoutLine: {'line': b'[ 95%] Built target drone_interfaces__rosidl_typesupport_fastrtps_c__pyext\n'}
[1.506243] (-) TimerEvent: {}
[1.510936] (drone_interfaces) StdoutLine: {'line': b'\x1b[35m\x1b[1mConsolidate compiler generated dependencies of target drone_interfaces__rosidl_typesupport_c__pyext\x1b[0m\n'}
[1.534379] (drone_interfaces) StdoutLine: {'line': b'[ 97%] Built target drone_interfaces__rosidl_typesupport_c__pyext\n'}
[1.556536] (drone_interfaces) StdoutLine: {'line': b'\x1b[35m\x1b[1mConsolidate compiler generated dependencies of target drone_interfaces__rosidl_typesupport_introspection_c__pyext\x1b[0m\n'}
[1.580533] (drone_interfaces) StdoutLine: {'line': b'[100%] Built target drone_interfaces__rosidl_typesupport_introspection_c__pyext\n'}
[1.603654] (drone_interfaces) CommandEnded: {'returncode': 0}
[1.605373] (drone_interfaces) JobProgress: {'identifier': 'drone_interfaces', 'progress': 'install'}
[1.606318] (-) TimerEvent: {}
[1.627321] (drone_interfaces) Command: {'cmd': ['/usr/bin/cmake', '--install', '/home/jetson/Multitask-Drone/build/drone_interfaces'], 'cwd': '/home/jetson/Multitask-Drone/build/drone_interfaces', 'env': OrderedDict([('GJS_DEBUG_TOPICS', 'JS ERROR;JS LOG'), ('LESSOPEN', '| /usr/bin/lesspipe %s'), ('LANGUAGE', 'en_US:en'), ('USER', 'jetson'), ('LC_TIME', 'zh_CN.UTF-8'), ('XDG_SESSION_TYPE', 'x11'), ('GIT_ASKPASS', '/usr/share/code/resources/app/extensions/git/dist/askpass.sh'), ('SHLVL', '1'), ('LD_LIBRARY_PATH', '/opt/ros/humble/opt/rviz_ogre_vendor/lib:/opt/ros/humble/lib/aarch64-linux-gnu:/opt/ros/humble/lib'), ('HOME', '/home/jetson'), ('CHROME_DESKTOP', 'code.desktop'), ('TERM_PROGRAM_VERSION', '1.97.2'), ('DESKTOP_SESSION', 'ubuntu'), ('GIO_LAUNCHED_DESKTOP_FILE', '/usr/share/applications/code.desktop'), ('ROS_PYTHON_VERSION', '3'), ('GNOME_SHELL_SESSION_MODE', 'ubuntu'), ('GTK_MODULES', 'gail:atk-bridge'), ('VSCODE_GIT_ASKPASS_MAIN', '/usr/share/code/resources/app/extensions/git/dist/askpass-main.js'), ('LC_MONETARY', 'zh_CN.UTF-8'), ('VSCODE_GIT_ASKPASS_NODE', '/usr/share/code/code'), ('MANAGERPID', '1966'), ('PYDEVD_DISABLE_FILE_VALIDATION', '1'), ('SYSTEMD_EXEC_PID', '2131'), ('BUNDLED_DEBUGPY_PATH', '/home/jetson/.vscode/extensions/ms-python.debugpy-2025.4.0-linux-arm64/bundled/libs/debugpy'), ('DBUS_SESSION_BUS_ADDRESS', 'unix:path=/run/user/1000/bus'), ('COLORTERM', 'truecolor'), ('GIO_LAUNCHED_DESKTOP_FILE_PID', '2905'), ('IM_CONFIG_PHASE', '1'), ('ROS_DISTRO', 'humble'), ('GTK_IM_MODULE', 'ibus'), ('LOGNAME', 'jetson'), ('JOURNAL_STREAM', '8:45758'), ('_', '/usr/bin/colcon'), ('ROS_VERSION', '2'), ('XDG_SESSION_CLASS', 'user'), ('USERNAME', 'jetson'), ('TERM', 'xterm-256color'), ('GNOME_DESKTOP_SESSION_ID', 'this-is-deprecated'), ('ROS_LOCALHOST_ONLY', '0'), ('WINDOWPATH', '2'), ('PATH', '/home/jetson/.local/bin:/opt/ros/humble/bin:/home/jetson/.local/bin:/usr/local/sbin:/usr/local/bin:/usr/sbin:/usr/bin:/sbin:/bin:/usr/games:/usr/local/games:/snap/bin:/snap/bin:/home/jetson/.vscode/extensions/ms-python.debugpy-2025.4.0-linux-arm64/bundled/scripts/noConfigScripts'), ('SESSION_MANAGER', 'local/jetson:@/tmp/.ICE-unix/2106,unix/jetson:/tmp/.ICE-unix/2106'), ('INVOCATION_ID', '49cf83d1680a42498de3124714b5818b'), ('PAPERSIZE', 'a4'), ('XDG_MENU_PREFIX', 'gnome-'), ('LC_ADDRESS', 'zh_CN.UTF-8'), ('XDG_RUNTIME_DIR', '/run/user/1000'), ('GDK_BACKEND', 'x11'), ('DISPLAY', ':1'), ('VSCODE_DEBUGPY_ADAPTER_ENDPOINTS', '/home/jetson/.vscode/extensions/ms-python.debugpy-2025.4.0-linux-arm64/.noConfigDebugAdapterEndpoints/endpoint-c46c9bfcfeb89042.txt'), ('LANG', 'en_US.UTF-8'), ('XDG_CURRENT_DESKTOP', 'Unity'), ('LC_TELEPHONE', 'zh_CN.UTF-8'), ('XMODIFIERS', '@im=ibus'), ('XDG_SESSION_DESKTOP', 'ubuntu'), ('XAUTHORITY', '/run/user/1000/gdm/Xauthority'), ('LS_COLORS', 'rs=0:di=01;34:ln=01;36:mh=00:pi=40;33:so=01;35:do=01;35:bd=40;33;01:cd=40;33;01:or=40;31;01:mi=00:su=37;41:sg=30;43:ca=30;41:tw=30;42:ow=34;42:st=37;44:ex=01;32:*.tar=01;31:*.tgz=01;31:*.arc=01;31:*.arj=01;31:*.taz=01;31:*.lha=01;31:*.lz4=01;31:*.lzh=01;31:*.lzma=01;31:*.tlz=01;31:*.txz=01;31:*.tzo=01;31:*.t7z=01;31:*.zip=01;31:*.z=01;31:*.dz=01;31:*.gz=01;31:*.lrz=01;31:*.lz=01;31:*.lzo=01;31:*.xz=01;31:*.zst=01;31:*.tzst=01;31:*.bz2=01;31:*.bz=01;31:*.tbz=01;31:*.tbz2=01;31:*.tz=01;31:*.deb=01;31:*.rpm=01;31:*.jar=01;31:*.war=01;31:*.ear=01;31:*.sar=01;31:*.rar=01;31:*.alz=01;31:*.ace=01;31:*.zoo=01;31:*.cpio=01;31:*.7z=01;31:*.rz=01;31:*.cab=01;31:*.wim=01;31:*.swm=01;31:*.dwm=01;31:*.esd=01;31:*.jpg=01;35:*.jpeg=01;35:*.mjpg=01;35:*.mjpeg=01;35:*.gif=01;35:*.bmp=01;35:*.pbm=01;35:*.pgm=01;35:*.ppm=01;35:*.tga=01;35:*.xbm=01;35:*.xpm=01;35:*.tif=01;35:*.tiff=01;35:*.png=01;35:*.svg=01;35:*.svgz=01;35:*.mng=01;35:*.pcx=01;35:*.mov=01;35:*.mpg=01;35:*.mpeg=01;35:*.m2v=01;35:*.mkv=01;35:*.webm=01;35:*.webp=01;35:*.ogm=01;35:*.mp4=01;35:*.m4v=01;35:*.mp4v=01;35:*.vob=01;35:*.qt=01;35:*.nuv=01;35:*.wmv=01;35:*.asf=01;35:*.rm=01;35:*.rmvb=01;35:*.flc=01;35:*.avi=01;35:*.fli=01;35:*.flv=01;35:*.gl=01;35:*.dl=01;35:*.xcf=01;35:*.xwd=01;35:*.yuv=01;35:*.cgm=01;35:*.emf=01;35:*.ogv=01;35:*.ogx=01;35:*.aac=00;36:*.au=00;36:*.flac=00;36:*.m4a=00;36:*.mid=00;36:*.midi=00;36:*.mka=00;36:*.mp3=00;36:*.mpc=00;36:*.ogg=00;36:*.ra=00;36:*.wav=00;36:*.oga=00;36:*.opus=00;36:*.spx=00;36:*.xspf=00;36:'), ('VSCODE_GIT_IPC_HANDLE', '/run/user/1000/vscode-git-91161eaa61.sock'), ('TERM_PROGRAM', 'vscode'), ('SSH_AGENT_LAUNCHER', 'gnome-keyring'), ('SSH_AUTH_SOCK', '/run/user/1000/keyring/ssh'), ('AMENT_PREFIX_PATH', '/opt/ros/humble'), ('ORIGINAL_XDG_CURRENT_DESKTOP', 'ubuntu:GNOME'), ('SHELL', '/bin/bash'), ('LC_NAME', 'zh_CN.UTF-8'), ('QT_ACCESSIBILITY', '1'), ('GDMSESSION', 'ubuntu'), ('LESSCLOSE', '/usr/bin/lesspipe %s %s'), ('LC_MEASUREMENT', 'zh_CN.UTF-8'), ('GPG_AGENT_INFO', '/run/user/1000/gnupg/S.gpg-agent:0:1'), ('GJS_DEBUG_OUTPUT', 'stderr'), ('LC_IDENTIFICATION', 'zh_CN.UTF-8'), ('VSCODE_GIT_ASKPASS_EXTRA_ARGS', ''), ('QT_IM_MODULE', 'ibus'), ('PWD', '/home/jetson/Multitask-Drone/build/drone_interfaces'), ('LC_ALL', 'en_US.UTF-8'), ('XDG_CONFIG_DIRS', '/etc/xdg/xdg-ubuntu:/etc/xdg'), ('XDG_DATA_DIRS', '/usr/share/ubuntu:/usr/share/gnome:/usr/local/share/:/usr/share/:/var/lib/snapd/desktop'), ('PYTHONPATH', '/opt/ros/humble/lib/python3.10/site-packages:/opt/ros/humble/local/lib/python3.10/dist-packages'), ('LC_NUMERIC', 'zh_CN.UTF-8'), ('LC_PAPER', 'zh_CN.UTF-8'), ('COLCON', '1'), ('CMAKE_PREFIX_PATH', '/opt/ros/humble')]), 'shell': False}
[1.641874] (drone_interfaces) StdoutLine: {'line': b'-- Install configuration: ""\n'}
[1.651967] (drone_interfaces) StdoutLine: {'line': b'-- Up-to-date: /home/jetson/Multitask-Drone/install/drone_interfaces/share/ament_index/resource_index/rosidl_interfaces/drone_interfaces\n'}
[1.652385] (drone_interfaces) StdoutLine: {'line': b'-- Up-to-date: /home/jetson/Multitask-Drone/install/drone_interfaces/include/drone_interfaces/drone_interfaces\n'}
[1.652530] (drone_interfaces) StdoutLine: {'line': b'-- Up-to-date: /home/jetson/Multitask-Drone/install/drone_interfaces/include/drone_interfaces/drone_interfaces/action\n'}
[1.652672] (drone_interfaces) StdoutLine: {'line': b'-- Up-to-date: /home/jetson/Multitask-Drone/install/drone_interfaces/include/drone_interfaces/drone_interfaces/action/execute_waypoint.h\n'}
[1.652796] (drone_interfaces) StdoutLine: {'line': b'-- Up-to-date: /home/jetson/Multitask-Drone/install/drone_interfaces/include/drone_interfaces/drone_interfaces/action/detail\n'}
[1.652941] (drone_interfaces) StdoutLine: {'line': b'-- Up-to-date: /home/jetson/Multitask-Drone/install/drone_interfaces/include/drone_interfaces/drone_interfaces/action/detail/execute_waypoint__functions.h\n'}
[1.653058] (drone_interfaces) StdoutLine: {'line': b'-- Up-to-date: /home/jetson/Multitask-Drone/install/drone_interfaces/include/drone_interfaces/drone_interfaces/action/detail/execute_waypoint__struct.h\n'}
[1.653164] (drone_interfaces) StdoutLine: {'line': b'-- Up-to-date: /home/jetson/Multitask-Drone/install/drone_interfaces/include/drone_interfaces/drone_interfaces/action/detail/execute_waypoint__functions.c\n'}
[1.653284] (drone_interfaces) StdoutLine: {'line': b'-- Up-to-date: /home/jetson/Multitask-Drone/install/drone_interfaces/include/drone_interfaces/drone_interfaces/action/detail/execute_waypoint__type_support.h\n'}
[1.653388] (drone_interfaces) StdoutLine: {'line': b'-- Up-to-date: /home/jetson/Multitask-Drone/install/drone_interfaces/include/drone_interfaces/drone_interfaces/msg\n'}
[1.653486] (drone_interfaces) StdoutLine: {'line': b'-- Up-to-date: /home/jetson/Multitask-Drone/install/drone_interfaces/include/drone_interfaces/drone_interfaces/msg/raw_waypoint.h\n'}
[1.653584] (drone_interfaces) StdoutLine: {'line': b'-- Up-to-date: /home/jetson/Multitask-Drone/install/drone_interfaces/include/drone_interfaces/drone_interfaces/msg/yaw.h\n'}
[1.653719] (drone_interfaces) StdoutLine: {'line': b'-- Up-to-date: /home/jetson/Multitask-Drone/install/drone_interfaces/include/drone_interfaces/drone_interfaces/msg/panel_box.h\n'}
[1.653819] (drone_interfaces) StdoutLine: {'line': b'-- Up-to-date: /home/jetson/Multitask-Drone/install/drone_interfaces/include/drone_interfaces/drone_interfaces/msg/task_state.h\n'}
[1.653915] (drone_interfaces) StdoutLine: {'line': b'-- Up-to-date: /home/jetson/Multitask-Drone/install/drone_interfaces/include/drone_interfaces/drone_interfaces/msg/rosidl_generator_c__visibility_control.h\n'}
[1.654009] (drone_interfaces) StdoutLine: {'line': b'-- Up-to-date: /home/jetson/Multitask-Drone/install/drone_interfaces/include/drone_interfaces/drone_interfaces/msg/task.h\n'}
[1.654107] (drone_interfaces) StdoutLine: {'line': b'-- Up-to-date: /home/jetson/Multitask-Drone/install/drone_interfaces/include/drone_interfaces/drone_interfaces/msg/detail\n'}
[1.654204] (drone_interfaces) StdoutLine: {'line': b'-- Up-to-date: /home/jetson/Multitask-Drone/install/drone_interfaces/include/drone_interfaces/drone_interfaces/msg/detail/raw_waypoint__functions.h\n'}
[1.654301] (drone_interfaces) StdoutLine: {'line': b'-- Up-to-date: /home/jetson/Multitask-Drone/install/drone_interfaces/include/drone_interfaces/drone_interfaces/msg/detail/raw_waypoint__struct.h\n'}
[1.654397] (drone_interfaces) StdoutLine: {'line': b'-- Up-to-date: /home/jetson/Multitask-Drone/install/drone_interfaces/include/drone_interfaces/drone_interfaces/msg/detail/raw_waypoint__functions.c\n'}
[1.654495] (drone_interfaces) StdoutLine: {'line': b'-- Up-to-date: /home/jetson/Multitask-Drone/install/drone_interfaces/include/drone_interfaces/drone_interfaces/msg/detail/task__type_support.h\n'}
[1.654594] (drone_interfaces) StdoutLine: {'line': b'-- Up-to-date: /home/jetson/Multitask-Drone/install/drone_interfaces/include/drone_interfaces/drone_interfaces/msg/detail/panel_box__functions.h\n'}
[1.654694] (drone_interfaces) StdoutLine: {'line': b'-- Up-to-date: /home/jetson/Multitask-Drone/install/drone_interfaces/include/drone_interfaces/drone_interfaces/msg/detail/task_state__struct.h\n'}
[1.654792] (drone_interfaces) StdoutLine: {'line': b'-- Up-to-date: /home/jetson/Multitask-Drone/install/drone_interfaces/include/drone_interfaces/drone_interfaces/msg/detail/panel_box__struct.h\n'}
[1.654890] (drone_interfaces) StdoutLine: {'line': b'-- Up-to-date: /home/jetson/Multitask-Drone/install/drone_interfaces/include/drone_interfaces/drone_interfaces/msg/detail/yaw__functions.c\n'}
[1.654987] (drone_interfaces) StdoutLine: {'line': b'-- Up-to-date: /home/jetson/Multitask-Drone/install/drone_interfaces/include/drone_interfaces/drone_interfaces/msg/detail/yaw__type_support.h\n'}
[1.655087] (drone_interfaces) StdoutLine: {'line': b'-- Up-to-date: /home/jetson/Multitask-Drone/install/drone_interfaces/include/drone_interfaces/drone_interfaces/msg/detail/task_state__type_support.h\n'}
[1.655186] (drone_interfaces) StdoutLine: {'line': b'-- Up-to-date: /home/jetson/Multitask-Drone/install/drone_interfaces/include/drone_interfaces/drone_interfaces/msg/detail/task__functions.c\n'}
[1.655283] (drone_interfaces) StdoutLine: {'line': b'-- Up-to-date: /home/jetson/Multitask-Drone/install/drone_interfaces/include/drone_interfaces/drone_interfaces/msg/detail/raw_waypoint__type_support.h\n'}
[1.655403] (drone_interfaces) StdoutLine: {'line': b'-- Up-to-date: /home/jetson/Multitask-Drone/install/drone_interfaces/include/drone_interfaces/drone_interfaces/msg/detail/task__functions.h\n'}
[1.655500] (drone_interfaces) StdoutLine: {'line': b'-- Up-to-date: /home/jetson/Multitask-Drone/install/drone_interfaces/include/drone_interfaces/drone_interfaces/msg/detail/panel_box__type_support.h\n'}
[1.655598] (drone_interfaces) StdoutLine: {'line': b'-- Up-to-date: /home/jetson/Multitask-Drone/install/drone_interfaces/include/drone_interfaces/drone_interfaces/msg/detail/task__struct.h\n'}
[1.655705] (drone_interfaces) StdoutLine: {'line': b'-- Up-to-date: /home/jetson/Multitask-Drone/install/drone_interfaces/include/drone_interfaces/drone_interfaces/msg/detail/task_state__functions.h\n'}
[1.655807] (drone_interfaces) StdoutLine: {'line': b'-- Up-to-date: /home/jetson/Multitask-Drone/install/drone_interfaces/include/drone_interfaces/drone_interfaces/msg/detail/task_state__functions.c\n'}
[1.655906] (drone_interfaces) StdoutLine: {'line': b'-- Up-to-date: /home/jetson/Multitask-Drone/install/drone_interfaces/include/drone_interfaces/drone_interfaces/msg/detail/yaw__functions.h\n'}
[1.656003] (drone_interfaces) StdoutLine: {'line': b'-- Up-to-date: /home/jetson/Multitask-Drone/install/drone_interfaces/include/drone_interfaces/drone_interfaces/msg/detail/yaw__struct.h\n'}
[1.656098] (drone_interfaces) StdoutLine: {'line': b'-- Up-to-date: /home/jetson/Multitask-Drone/install/drone_interfaces/include/drone_interfaces/drone_interfaces/msg/detail/panel_box__functions.c\n'}
[1.656194] (drone_interfaces) StdoutLine: {'line': b'-- Up-to-date: /home/jetson/Multitask-Drone/install/drone_interfaces/include/drone_interfaces/drone_interfaces/srv\n'}
[1.656290] (drone_interfaces) StdoutLine: {'line': b'-- Up-to-date: /home/jetson/Multitask-Drone/install/drone_interfaces/include/drone_interfaces/drone_interfaces/srv/yolo_request.h\n'}
[1.656387] (drone_interfaces) StdoutLine: {'line': b'-- Up-to-date: /home/jetson/Multitask-Drone/install/drone_interfaces/include/drone_interfaces/drone_interfaces/srv/task_push.h\n'}
[1.656481] (drone_interfaces) StdoutLine: {'line': b'-- Up-to-date: /home/jetson/Multitask-Drone/install/drone_interfaces/include/drone_interfaces/drone_interfaces/srv/task_dispatch.h\n'}
[1.656608] (drone_interfaces) StdoutLine: {'line': b'-- Up-to-date: /home/jetson/Multitask-Drone/install/drone_interfaces/include/drone_interfaces/drone_interfaces/srv/detail\n'}
[1.657032] (drone_interfaces) StdoutLine: {'line': b'-- Up-to-date: /home/jetson/Multitask-Drone/install/drone_interfaces/include/drone_interfaces/drone_interfaces/srv/detail/task_dispatch__functions.h\n'}
[1.657198] (drone_interfaces) StdoutLine: {'line': b'-- Up-to-date: /home/jetson/Multitask-Drone/install/drone_interfaces/include/drone_interfaces/drone_interfaces/srv/detail/yolo_request__type_support.h\n'}
[1.657350] (drone_interfaces) StdoutLine: {'line': b'-- Up-to-date: /home/jetson/Multitask-Drone/install/drone_interfaces/include/drone_interfaces/drone_interfaces/srv/detail/task_push__functions.h\n'}
[1.657491] (drone_interfaces) StdoutLine: {'line': b'-- Up-to-date: /home/jetson/Multitask-Drone/install/drone_interfaces/include/drone_interfaces/drone_interfaces/srv/detail/task_dispatch__functions.c\n'}
[1.657916] (drone_interfaces) StdoutLine: {'line': b'-- Up-to-date: /home/jetson/Multitask-Drone/install/drone_interfaces/include/drone_interfaces/drone_interfaces/srv/detail/yolo_request__functions.c\n'}
[1.658100] (drone_interfaces) StdoutLine: {'line': b'-- Up-to-date: /home/jetson/Multitask-Drone/install/drone_interfaces/include/drone_interfaces/drone_interfaces/srv/detail/task_push__functions.c\n'}
[1.658211] (drone_interfaces) StdoutLine: {'line': b'-- Up-to-date: /home/jetson/Multitask-Drone/install/drone_interfaces/include/drone_interfaces/drone_interfaces/srv/detail/task_dispatch__type_support.h\n'}
[1.658317] (drone_interfaces) StdoutLine: {'line': b'-- Up-to-date: /home/jetson/Multitask-Drone/install/drone_interfaces/include/drone_interfaces/drone_interfaces/srv/detail/task_push__struct.h\n'}
[1.658482] (drone_interfaces) StdoutLine: {'line': b'-- Up-to-date: /home/jetson/Multitask-Drone/install/drone_interfaces/include/drone_interfaces/drone_interfaces/srv/detail/yolo_request__struct.h\n'}
[1.658588] (drone_interfaces) StdoutLine: {'line': b'-- Up-to-date: /home/jetson/Multitask-Drone/install/drone_interfaces/include/drone_interfaces/drone_interfaces/srv/detail/task_push__type_support.h\n'}
[1.659601] (drone_interfaces) StdoutLine: {'line': b'-- Up-to-date: /home/jetson/Multitask-Drone/install/drone_interfaces/include/drone_interfaces/drone_interfaces/srv/detail/task_dispatch__struct.h\n'}
[1.659802] (drone_interfaces) StdoutLine: {'line': b'-- Up-to-date: /home/jetson/Multitask-Drone/install/drone_interfaces/include/drone_interfaces/drone_interfaces/srv/detail/yolo_request__functions.h\n'}
[1.659967] (drone_interfaces) StdoutLine: {'line': b'-- Up-to-date: /home/jetson/Multitask-Drone/install/drone_interfaces/share/drone_interfaces/environment/library_path.sh\n'}
[1.660129] (drone_interfaces) StdoutLine: {'line': b'-- Up-to-date: /home/jetson/Multitask-Drone/install/drone_interfaces/share/drone_interfaces/environment/library_path.dsv\n'}
[1.660279] (drone_interfaces) StdoutLine: {'line': b'-- Up-to-date: /home/jetson/Multitask-Drone/install/drone_interfaces/lib/libdrone_interfaces__rosidl_generator_c.so\n'}
[1.660439] (drone_interfaces) StdoutLine: {'line': b'-- Up-to-date: /home/jetson/Multitask-Drone/install/drone_interfaces/include/drone_interfaces/drone_interfaces\n'}
[1.660596] (drone_interfaces) StdoutLine: {'line': b'-- Up-to-date: /home/jetson/Multitask-Drone/install/drone_interfaces/include/drone_interfaces/drone_interfaces/action\n'}
[1.660736] (drone_interfaces) StdoutLine: {'line': b'-- Up-to-date: /home/jetson/Multitask-Drone/install/drone_interfaces/include/drone_interfaces/drone_interfaces/action/detail\n'}
[1.660865] (drone_interfaces) StdoutLine: {'line': b'-- Up-to-date: /home/jetson/Multitask-Drone/install/drone_interfaces/include/drone_interfaces/drone_interfaces/action/detail/execute_waypoint__rosidl_typesupport_fastrtps_c.h\n'}
[1.660972] (drone_interfaces) StdoutLine: {'line': b'-- Up-to-date: /home/jetson/Multitask-Drone/install/drone_interfaces/include/drone_interfaces/drone_interfaces/msg\n'}
[1.661072] (drone_interfaces) StdoutLine: {'line': b'-- Up-to-date: /home/jetson/Multitask-Drone/install/drone_interfaces/include/drone_interfaces/drone_interfaces/msg/detail\n'}
[1.661171] (drone_interfaces) StdoutLine: {'line': b'-- Up-to-date: /home/jetson/Multitask-Drone/install/drone_interfaces/include/drone_interfaces/drone_interfaces/msg/detail/yaw__rosidl_typesupport_fastrtps_c.h\n'}
[1.661269] (drone_interfaces) StdoutLine: {'line': b'-- Up-to-date: /home/jetson/Multitask-Drone/install/drone_interfaces/include/drone_interfaces/drone_interfaces/msg/detail/panel_box__rosidl_typesupport_fastrtps_c.h\n'}
[1.661375] (drone_interfaces) StdoutLine: {'line': b'-- Up-to-date: /home/jetson/Multitask-Drone/install/drone_interfaces/include/drone_interfaces/drone_interfaces/msg/detail/task_state__rosidl_typesupport_fastrtps_c.h\n'}
[1.661471] (drone_interfaces) StdoutLine: {'line': b'-- Up-to-date: /home/jetson/Multitask-Drone/install/drone_interfaces/include/drone_interfaces/drone_interfaces/msg/detail/raw_waypoint__rosidl_typesupport_fastrtps_c.h\n'}
[1.661589] (drone_interfaces) StdoutLine: {'line': b'-- Up-to-date: /home/jetson/Multitask-Drone/install/drone_interfaces/include/drone_interfaces/drone_interfaces/msg/detail/task__rosidl_typesupport_fastrtps_c.h\n'}
[1.661952] (drone_interfaces) StdoutLine: {'line': b'-- Up-to-date: /home/jetson/Multitask-Drone/install/drone_interfaces/include/drone_interfaces/drone_interfaces/msg/rosidl_typesupport_fastrtps_c__visibility_control.h\n'}
[1.662069] (drone_interfaces) StdoutLine: {'line': b'-- Up-to-date: /home/jetson/Multitask-Drone/install/drone_interfaces/include/drone_interfaces/drone_interfaces/srv\n'}
[1.662227] (drone_interfaces) StdoutLine: {'line': b'-- Up-to-date: /home/jetson/Multitask-Drone/install/drone_interfaces/include/drone_interfaces/drone_interfaces/srv/detail\n'}
[1.662341] (drone_interfaces) StdoutLine: {'line': b'-- Up-to-date: /home/jetson/Multitask-Drone/install/drone_interfaces/include/drone_interfaces/drone_interfaces/srv/detail/task_push__rosidl_typesupport_fastrtps_c.h\n'}
[1.662441] (drone_interfaces) StdoutLine: {'line': b'-- Up-to-date: /home/jetson/Multitask-Drone/install/drone_interfaces/include/drone_interfaces/drone_interfaces/srv/detail/yolo_request__rosidl_typesupport_fastrtps_c.h\n'}
[1.662538] (drone_interfaces) StdoutLine: {'line': b'-- Up-to-date: /home/jetson/Multitask-Drone/install/drone_interfaces/include/drone_interfaces/drone_interfaces/srv/detail/task_dispatch__rosidl_typesupport_fastrtps_c.h\n'}
[1.662633] (drone_interfaces) StdoutLine: {'line': b'-- Up-to-date: /home/jetson/Multitask-Drone/install/drone_interfaces/lib/libdrone_interfaces__rosidl_typesupport_fastrtps_c.so\n'}
[1.662728] (drone_interfaces) StdoutLine: {'line': b'-- Up-to-date: /home/jetson/Multitask-Drone/install/drone_interfaces/include/drone_interfaces/drone_interfaces\n'}
[1.662822] (drone_interfaces) StdoutLine: {'line': b'-- Up-to-date: /home/jetson/Multitask-Drone/install/drone_interfaces/include/drone_interfaces/drone_interfaces/action\n'}
[1.662921] (drone_interfaces) StdoutLine: {'line': b'-- Up-to-date: /home/jetson/Multitask-Drone/install/drone_interfaces/include/drone_interfaces/drone_interfaces/action/detail\n'}
[1.663015] (drone_interfaces) StdoutLine: {'line': b'-- Up-to-date: /home/jetson/Multitask-Drone/install/drone_interfaces/include/drone_interfaces/drone_interfaces/action/detail/execute_waypoint__type_support.c\n'}
[1.663113] (drone_interfaces) StdoutLine: {'line': b'-- Up-to-date: /home/jetson/Multitask-Drone/install/drone_interfaces/include/drone_interfaces/drone_interfaces/action/detail/execute_waypoint__rosidl_typesupport_introspection_c.h\n'}
[1.663219] (drone_interfaces) StdoutLine: {'line': b'-- Up-to-date: /home/jetson/Multitask-Drone/install/drone_interfaces/include/drone_interfaces/drone_interfaces/msg\n'}
[1.663403] (drone_interfaces) StdoutLine: {'line': b'-- Up-to-date: /home/jetson/Multitask-Drone/install/drone_interfaces/include/drone_interfaces/drone_interfaces/msg/rosidl_typesupport_introspection_c__visibility_control.h\n'}
[1.663505] (drone_interfaces) StdoutLine: {'line': b'-- Up-to-date: /home/jetson/Multitask-Drone/install/drone_interfaces/include/drone_interfaces/drone_interfaces/msg/detail\n'}
[1.663602] (drone_interfaces) StdoutLine: {'line': b'-- Up-to-date: /home/jetson/Multitask-Drone/install/drone_interfaces/include/drone_interfaces/drone_interfaces/msg/detail/task__rosidl_typesupport_introspection_c.h\n'}
[1.663698] (drone_interfaces) StdoutLine: {'line': b'-- Up-to-date: /home/jetson/Multitask-Drone/install/drone_interfaces/include/drone_interfaces/drone_interfaces/msg/detail/raw_waypoint__rosidl_typesupport_introspection_c.h\n'}
[1.663793] (drone_interfaces) StdoutLine: {'line': b'-- Up-to-date: /home/jetson/Multitask-Drone/install/drone_interfaces/include/drone_interfaces/drone_interfaces/msg/detail/panel_box__type_support.c\n'}
[1.663986] (drone_interfaces) StdoutLine: {'line': b'-- Up-to-date: /home/jetson/Multitask-Drone/install/drone_interfaces/include/drone_interfaces/drone_interfaces/msg/detail/raw_waypoint__type_support.c\n'}
[1.664093] (drone_interfaces) StdoutLine: {'line': b'-- Up-to-date: /home/jetson/Multitask-Drone/install/drone_interfaces/include/drone_interfaces/drone_interfaces/msg/detail/task__type_support.c\n'}
[1.664190] (drone_interfaces) StdoutLine: {'line': b'-- Up-to-date: /home/jetson/Multitask-Drone/install/drone_interfaces/include/drone_interfaces/drone_interfaces/msg/detail/yaw__type_support.c\n'}
[1.664336] (drone_interfaces) StdoutLine: {'line': b'-- Up-to-date: /home/jetson/Multitask-Drone/install/drone_interfaces/include/drone_interfaces/drone_interfaces/msg/detail/panel_box__rosidl_typesupport_introspection_c.h\n'}
[1.664436] (drone_interfaces) StdoutLine: {'line': b'-- Up-to-date: /home/jetson/Multitask-Drone/install/drone_interfaces/include/drone_interfaces/drone_interfaces/msg/detail/yaw__rosidl_typesupport_introspection_c.h\n'}
[1.664559] (drone_interfaces) StdoutLine: {'line': b'-- Up-to-date: /home/jetson/Multitask-Drone/install/drone_interfaces/include/drone_interfaces/drone_interfaces/msg/detail/task_state__type_support.c\n'}
[1.664743] (drone_interfaces) StdoutLine: {'line': b'-- Up-to-date: /home/jetson/Multitask-Drone/install/drone_interfaces/include/drone_interfaces/drone_interfaces/msg/detail/task_state__rosidl_typesupport_introspection_c.h\n'}
[1.665427] (drone_interfaces) StdoutLine: {'line': b'-- Up-to-date: /home/jetson/Multitask-Drone/install/drone_interfaces/include/drone_interfaces/drone_interfaces/srv\n'}
[1.665545] (drone_interfaces) StdoutLine: {'line': b'-- Up-to-date: /home/jetson/Multitask-Drone/install/drone_interfaces/include/drone_interfaces/drone_interfaces/srv/detail\n'}
[1.665649] (drone_interfaces) StdoutLine: {'line': b'-- Up-to-date: /home/jetson/Multitask-Drone/install/drone_interfaces/include/drone_interfaces/drone_interfaces/srv/detail/task_dispatch__type_support.c\n'}
[1.665751] (drone_interfaces) StdoutLine: {'line': b'-- Up-to-date: /home/jetson/Multitask-Drone/install/drone_interfaces/include/drone_interfaces/drone_interfaces/srv/detail/yolo_request__type_support.c\n'}
[1.665848] (drone_interfaces) StdoutLine: {'line': b'-- Up-to-date: /home/jetson/Multitask-Drone/install/drone_interfaces/include/drone_interfaces/drone_interfaces/srv/detail/task_dispatch__rosidl_typesupport_introspection_c.h\n'}
[1.665980] (drone_interfaces) StdoutLine: {'line': b'-- Up-to-date: /home/jetson/Multitask-Drone/install/drone_interfaces/include/drone_interfaces/drone_interfaces/srv/detail/yolo_request__rosidl_typesupport_introspection_c.h\n'}
[1.666079] (drone_interfaces) StdoutLine: {'line': b'-- Up-to-date: /home/jetson/Multitask-Drone/install/drone_interfaces/include/drone_interfaces/drone_interfaces/srv/detail/task_push__rosidl_typesupport_introspection_c.h\n'}
[1.666176] (drone_interfaces) StdoutLine: {'line': b'-- Up-to-date: /home/jetson/Multitask-Drone/install/drone_interfaces/include/drone_interfaces/drone_interfaces/srv/detail/task_push__type_support.c\n'}
[1.666273] (drone_interfaces) StdoutLine: {'line': b'-- Up-to-date: /home/jetson/Multitask-Drone/install/drone_interfaces/lib/libdrone_interfaces__rosidl_typesupport_introspection_c.so\n'}
[1.666622] (drone_interfaces) StdoutLine: {'line': b'-- Up-to-date: /home/jetson/Multitask-Drone/install/drone_interfaces/lib/libdrone_interfaces__rosidl_typesupport_c.so\n'}
[1.666850] (drone_interfaces) StdoutLine: {'line': b'-- Up-to-date: /home/jetson/Multitask-Drone/install/drone_interfaces/include/drone_interfaces/drone_interfaces\n'}
[1.666959] (drone_interfaces) StdoutLine: {'line': b'-- Up-to-date: /home/jetson/Multitask-Drone/install/drone_interfaces/include/drone_interfaces/drone_interfaces/action\n'}
[1.667060] (drone_interfaces) StdoutLine: {'line': b'-- Up-to-date: /home/jetson/Multitask-Drone/install/drone_interfaces/include/drone_interfaces/drone_interfaces/action/execute_waypoint.hpp\n'}
[1.667163] (drone_interfaces) StdoutLine: {'line': b'-- Up-to-date: /home/jetson/Multitask-Drone/install/drone_interfaces/include/drone_interfaces/drone_interfaces/action/detail\n'}
[1.667516] (drone_interfaces) StdoutLine: {'line': b'-- Up-to-date: /home/jetson/Multitask-Drone/install/drone_interfaces/include/drone_interfaces/drone_interfaces/action/detail/execute_waypoint__traits.hpp\n'}
[1.667639] (drone_interfaces) StdoutLine: {'line': b'-- Up-to-date: /home/jetson/Multitask-Drone/install/drone_interfaces/include/drone_interfaces/drone_interfaces/action/detail/execute_waypoint__type_support.hpp\n'}
[1.667745] (drone_interfaces) StdoutLine: {'line': b'-- Up-to-date: /home/jetson/Multitask-Drone/install/drone_interfaces/include/drone_interfaces/drone_interfaces/action/detail/execute_waypoint__builder.hpp\n'}
[1.667846] (drone_interfaces) StdoutLine: {'line': b'-- Up-to-date: /home/jetson/Multitask-Drone/install/drone_interfaces/include/drone_interfaces/drone_interfaces/action/detail/execute_waypoint__struct.hpp\n'}
[1.667969] (drone_interfaces) StdoutLine: {'line': b'-- Up-to-date: /home/jetson/Multitask-Drone/install/drone_interfaces/include/drone_interfaces/drone_interfaces/msg\n'}
[1.668065] (drone_interfaces) StdoutLine: {'line': b'-- Up-to-date: /home/jetson/Multitask-Drone/install/drone_interfaces/include/drone_interfaces/drone_interfaces/msg/panel_box.hpp\n'}
[1.668177] (drone_interfaces) StdoutLine: {'line': b'-- Up-to-date: /home/jetson/Multitask-Drone/install/drone_interfaces/include/drone_interfaces/drone_interfaces/msg/task.hpp\n'}
[1.668275] (drone_interfaces) StdoutLine: {'line': b'-- Up-to-date: /home/jetson/Multitask-Drone/install/drone_interfaces/include/drone_interfaces/drone_interfaces/msg/raw_waypoint.hpp\n'}
[1.668372] (drone_interfaces) StdoutLine: {'line': b'-- Up-to-date: /home/jetson/Multitask-Drone/install/drone_interfaces/include/drone_interfaces/drone_interfaces/msg/yaw.hpp\n'}
[1.668588] (drone_interfaces) StdoutLine: {'line': b'-- Up-to-date: /home/jetson/Multitask-Drone/install/drone_interfaces/include/drone_interfaces/drone_interfaces/msg/task_state.hpp\n'}
[1.669296] (drone_interfaces) StdoutLine: {'line': b'-- Up-to-date: /home/jetson/Multitask-Drone/install/drone_interfaces/include/drone_interfaces/drone_interfaces/msg/rosidl_generator_cpp__visibility_control.hpp\n'}
[1.669494] (drone_interfaces) StdoutLine: {'line': b'-- Up-to-date: /home/jetson/Multitask-Drone/install/drone_interfaces/include/drone_interfaces/drone_interfaces/msg/detail\n'}
[1.669646] (drone_interfaces) StdoutLine: {'line': b'-- Up-to-date: /home/jetson/Multitask-Drone/install/drone_interfaces/include/drone_interfaces/drone_interfaces/msg/detail/task_state__traits.hpp\n'}
[1.669796] (drone_interfaces) StdoutLine: {'line': b'-- Up-to-date: /home/jetson/Multitask-Drone/install/drone_interfaces/include/drone_interfaces/drone_interfaces/msg/detail/task_state__type_support.hpp\n'}
[1.669948] (drone_interfaces) StdoutLine: {'line': b'-- Up-to-date: /home/jetson/Multitask-Drone/install/drone_interfaces/include/drone_interfaces/drone_interfaces/msg/detail/yaw__struct.hpp\n'}
[1.670096] (drone_interfaces) StdoutLine: {'line': b'-- Up-to-date: /home/jetson/Multitask-Drone/install/drone_interfaces/include/drone_interfaces/drone_interfaces/msg/detail/yaw__builder.hpp\n'}
[1.670238] (drone_interfaces) StdoutLine: {'line': b'-- Up-to-date: /home/jetson/Multitask-Drone/install/drone_interfaces/include/drone_interfaces/drone_interfaces/msg/detail/panel_box__builder.hpp\n'}
[1.670384] (drone_interfaces) StdoutLine: {'line': b'-- Up-to-date: /home/jetson/Multitask-Drone/install/drone_interfaces/include/drone_interfaces/drone_interfaces/msg/detail/yaw__type_support.hpp\n'}
[1.670526] (drone_interfaces) StdoutLine: {'line': b'-- Up-to-date: /home/jetson/Multitask-Drone/install/drone_interfaces/include/drone_interfaces/drone_interfaces/msg/detail/panel_box__struct.hpp\n'}
[1.672015] (drone_interfaces) StdoutLine: {'line': b'-- Up-to-date: /home/jetson/Multitask-Drone/install/drone_interfaces/include/drone_interfaces/drone_interfaces/msg/detail/task_state__builder.hpp\n'}
[1.672329] (drone_interfaces) StdoutLine: {'line': b'-- Up-to-date: /home/jetson/Multitask-Drone/install/drone_interfaces/include/drone_interfaces/drone_interfaces/msg/detail/task__traits.hpp\n'}
[1.672446] (drone_interfaces) StdoutLine: {'line': b'-- Up-to-date: /home/jetson/Multitask-Drone/install/drone_interfaces/include/drone_interfaces/drone_interfaces/msg/detail/panel_box__type_support.hpp\n'}
[1.672550] (drone_interfaces) StdoutLine: {'line': b'-- Up-to-date: /home/jetson/Multitask-Drone/install/drone_interfaces/include/drone_interfaces/drone_interfaces/msg/detail/raw_waypoint__struct.hpp\n'}
[1.672681] (drone_interfaces) StdoutLine: {'line': b'-- Up-to-date: /home/jetson/Multitask-Drone/install/drone_interfaces/include/drone_interfaces/drone_interfaces/msg/detail/raw_waypoint__type_support.hpp\n'}
[1.673020] (drone_interfaces) StdoutLine: {'line': b'-- Up-to-date: /home/jetson/Multitask-Drone/install/drone_interfaces/include/drone_interfaces/drone_interfaces/msg/detail/yaw__traits.hpp\n'}
[1.673161] (drone_interfaces) StdoutLine: {'line': b'-- Up-to-date: /home/jetson/Multitask-Drone/install/drone_interfaces/include/drone_interfaces/drone_interfaces/msg/detail/raw_waypoint__traits.hpp\n'}
[1.673846] (drone_interfaces) StdoutLine: {'line': b'-- Up-to-date: /home/jetson/Multitask-Drone/install/drone_interfaces/include/drone_interfaces/drone_interfaces/msg/detail/raw_waypoint__builder.hpp\n'}
[1.674755] (drone_interfaces) StdoutLine: {'line': b'-- Up-to-date: /home/jetson/Multitask-Drone/install/drone_interfaces/include/drone_interfaces/drone_interfaces/msg/detail/task_state__struct.hpp\n'}
[1.674978] (drone_interfaces) StdoutLine: {'line': b'-- Up-to-date: /home/jetson/Multitask-Drone/install/drone_interfaces/include/drone_interfaces/drone_interfaces/msg/detail/task__struct.hpp\n'}
[1.675139] (drone_interfaces) StdoutLine: {'line': b'-- Up-to-date: /home/jetson/Multitask-Drone/install/drone_interfaces/include/drone_interfaces/drone_interfaces/msg/detail/panel_box__traits.hpp\n'}
[1.675247] (drone_interfaces) StdoutLine: {'line': b'-- Up-to-date: /home/jetson/Multitask-Drone/install/drone_interfaces/include/drone_interfaces/drone_interfaces/msg/detail/task__type_support.hpp\n'}
[1.675347] (drone_interfaces) StdoutLine: {'line': b'-- Up-to-date: /home/jetson/Multitask-Drone/install/drone_interfaces/include/drone_interfaces/drone_interfaces/msg/detail/task__builder.hpp\n'}
[1.675444] (drone_interfaces) StdoutLine: {'line': b'-- Up-to-date: /home/jetson/Multitask-Drone/install/drone_interfaces/include/drone_interfaces/drone_interfaces/srv\n'}
[1.675571] (drone_interfaces) StdoutLine: {'line': b'-- Up-to-date: /home/jetson/Multitask-Drone/install/drone_interfaces/include/drone_interfaces/drone_interfaces/srv/task_dispatch.hpp\n'}
[1.675676] (drone_interfaces) StdoutLine: {'line': b'-- Up-to-date: /home/jetson/Multitask-Drone/install/drone_interfaces/include/drone_interfaces/drone_interfaces/srv/task_push.hpp\n'}
[1.676192] (drone_interfaces) StdoutLine: {'line': b'-- Up-to-date: /home/jetson/Multitask-Drone/install/drone_interfaces/include/drone_interfaces/drone_interfaces/srv/detail\n'}
[1.676321] (drone_interfaces) StdoutLine: {'line': b'-- Up-to-date: /home/jetson/Multitask-Drone/install/drone_interfaces/include/drone_interfaces/drone_interfaces/srv/detail/yolo_request__type_support.hpp\n'}
[1.676428] (drone_interfaces) StdoutLine: {'line': b'-- Up-to-date: /home/jetson/Multitask-Drone/install/drone_interfaces/include/drone_interfaces/drone_interfaces/srv/detail/yolo_request__traits.hpp\n'}
[1.676528] (drone_interfaces) StdoutLine: {'line': b'-- Up-to-date: /home/jetson/Multitask-Drone/install/drone_interfaces/include/drone_interfaces/drone_interfaces/srv/detail/task_push__type_support.hpp\n'}
[1.676625] (drone_interfaces) StdoutLine: {'line': b'-- Up-to-date: /home/jetson/Multitask-Drone/install/drone_interfaces/include/drone_interfaces/drone_interfaces/srv/detail/task_push__builder.hpp\n'}
[1.676764] (drone_interfaces) StdoutLine: {'line': b'-- Up-to-date: /home/jetson/Multitask-Drone/install/drone_interfaces/include/drone_interfaces/drone_interfaces/srv/detail/task_dispatch__builder.hpp\n'}
[1.676865] (drone_interfaces) StdoutLine: {'line': b'-- Up-to-date: /home/jetson/Multitask-Drone/install/drone_interfaces/include/drone_interfaces/drone_interfaces/srv/detail/task_dispatch__struct.hpp\n'}
[1.677116] (drone_interfaces) StdoutLine: {'line': b'-- Up-to-date: /home/jetson/Multitask-Drone/install/drone_interfaces/include/drone_interfaces/drone_interfaces/srv/detail/yolo_request__struct.hpp\n'}
[1.677232] (drone_interfaces) StdoutLine: {'line': b'-- Up-to-date: /home/jetson/Multitask-Drone/install/drone_interfaces/include/drone_interfaces/drone_interfaces/srv/detail/task_push__traits.hpp\n'}
[1.677344] (drone_interfaces) StdoutLine: {'line': b'-- Up-to-date: /home/jetson/Multitask-Drone/install/drone_interfaces/include/drone_interfaces/drone_interfaces/srv/detail/task_push__struct.hpp\n'}
[1.677442] (drone_interfaces) StdoutLine: {'line': b'-- Up-to-date: /home/jetson/Multitask-Drone/install/drone_interfaces/include/drone_interfaces/drone_interfaces/srv/detail/task_dispatch__type_support.hpp\n'}
[1.677564] (drone_interfaces) StdoutLine: {'line': b'-- Up-to-date: /home/jetson/Multitask-Drone/install/drone_interfaces/include/drone_interfaces/drone_interfaces/srv/detail/task_dispatch__traits.hpp\n'}
[1.677661] (drone_interfaces) StdoutLine: {'line': b'-- Up-to-date: /home/jetson/Multitask-Drone/install/drone_interfaces/include/drone_interfaces/drone_interfaces/srv/detail/yolo_request__builder.hpp\n'}
[1.677759] (drone_interfaces) StdoutLine: {'line': b'-- Up-to-date: /home/jetson/Multitask-Drone/install/drone_interfaces/include/drone_interfaces/drone_interfaces/srv/yolo_request.hpp\n'}
[1.677878] (drone_interfaces) StdoutLine: {'line': b'-- Up-to-date: /home/jetson/Multitask-Drone/install/drone_interfaces/include/drone_interfaces/drone_interfaces\n'}
[1.678189] (drone_interfaces) StdoutLine: {'line': b'-- Up-to-date: /home/jetson/Multitask-Drone/install/drone_interfaces/include/drone_interfaces/drone_interfaces/action\n'}
[1.678566] (drone_interfaces) StdoutLine: {'line': b'-- Up-to-date: /home/jetson/Multitask-Drone/install/drone_interfaces/include/drone_interfaces/drone_interfaces/action/detail\n'}
[1.678819] (drone_interfaces) StdoutLine: {'line': b'-- Up-to-date: /home/jetson/Multitask-Drone/install/drone_interfaces/include/drone_interfaces/drone_interfaces/action/detail/execute_waypoint__rosidl_typesupport_fastrtps_cpp.hpp\n'}
[1.678941] (drone_interfaces) StdoutLine: {'line': b'-- Up-to-date: /home/jetson/Multitask-Drone/install/drone_interfaces/include/drone_interfaces/drone_interfaces/action/detail/dds_fastrtps\n'}
[1.679049] (drone_interfaces) StdoutLine: {'line': b'-- Up-to-date: /home/jetson/Multitask-Drone/install/drone_interfaces/include/drone_interfaces/drone_interfaces/msg\n'}
[1.679157] (drone_interfaces) StdoutLine: {'line': b'-- Up-to-date: /home/jetson/Multitask-Drone/install/drone_interfaces/include/drone_interfaces/drone_interfaces/msg/rosidl_typesupport_fastrtps_cpp__visibility_control.h\n'}
[1.679260] (drone_interfaces) StdoutLine: {'line': b'-- Up-to-date: /home/jetson/Multitask-Drone/install/drone_interfaces/include/drone_interfaces/drone_interfaces/msg/detail\n'}
[1.679357] (drone_interfaces) StdoutLine: {'line': b'-- Up-to-date: /home/jetson/Multitask-Drone/install/drone_interfaces/include/drone_interfaces/drone_interfaces/msg/detail/raw_waypoint__rosidl_typesupport_fastrtps_cpp.hpp\n'}
[1.682418] (drone_interfaces) StdoutLine: {'line': b'-- Up-to-date: /home/jetson/Multitask-Drone/install/drone_interfaces/include/drone_interfaces/drone_interfaces/msg/detail/panel_box__rosidl_typesupport_fastrtps_cpp.hpp\n'}
[1.682793] (drone_interfaces) StdoutLine: {'line': b'-- Up-to-date: /home/jetson/Multitask-Drone/install/drone_interfaces/include/drone_interfaces/drone_interfaces/msg/detail/yaw__rosidl_typesupport_fastrtps_cpp.hpp\n'}
[1.682965] (drone_interfaces) StdoutLine: {'line': b'-- Up-to-date: /home/jetson/Multitask-Drone/install/drone_interfaces/include/drone_interfaces/drone_interfaces/msg/detail/task__rosidl_typesupport_fastrtps_cpp.hpp\n'}
[1.683086] (drone_interfaces) StdoutLine: {'line': b'-- Up-to-date: /home/jetson/Multitask-Drone/install/drone_interfaces/include/drone_interfaces/drone_interfaces/msg/detail/dds_fastrtps\n'}
[1.683202] (drone_interfaces) StdoutLine: {'line': b'-- Up-to-date: /home/jetson/Multitask-Drone/install/drone_interfaces/include/drone_interfaces/drone_interfaces/msg/detail/task_state__rosidl_typesupport_fastrtps_cpp.hpp\n'}
[1.683311] (drone_interfaces) StdoutLine: {'line': b'-- Up-to-date: /home/jetson/Multitask-Drone/install/drone_interfaces/include/drone_interfaces/drone_interfaces/srv\n'}
[1.683419] (drone_interfaces) StdoutLine: {'line': b'-- Up-to-date: /home/jetson/Multitask-Drone/install/drone_interfaces/include/drone_interfaces/drone_interfaces/srv/detail\n'}
[1.683520] (drone_interfaces) StdoutLine: {'line': b'-- Up-to-date: /home/jetson/Multitask-Drone/install/drone_interfaces/include/drone_interfaces/drone_interfaces/srv/detail/task_push__rosidl_typesupport_fastrtps_cpp.hpp\n'}
[1.683644] (drone_interfaces) StdoutLine: {'line': b'-- Up-to-date: /home/jetson/Multitask-Drone/install/drone_interfaces/include/drone_interfaces/drone_interfaces/srv/detail/dds_fastrtps\n'}
[1.683745] (drone_interfaces) StdoutLine: {'line': b'-- Up-to-date: /home/jetson/Multitask-Drone/install/drone_interfaces/include/drone_interfaces/drone_interfaces/srv/detail/yolo_request__rosidl_typesupport_fastrtps_cpp.hpp\n'}
[1.683853] (drone_interfaces) StdoutLine: {'line': b'-- Up-to-date: /home/jetson/Multitask-Drone/install/drone_interfaces/include/drone_interfaces/drone_interfaces/srv/detail/task_dispatch__rosidl_typesupport_fastrtps_cpp.hpp\n'}
[1.683951] (drone_interfaces) StdoutLine: {'line': b'-- Up-to-date: /home/jetson/Multitask-Drone/install/drone_interfaces/lib/libdrone_interfaces__rosidl_typesupport_fastrtps_cpp.so\n'}
[1.684289] (drone_interfaces) StdoutLine: {'line': b'-- Up-to-date: /home/jetson/Multitask-Drone/install/drone_interfaces/include/drone_interfaces/drone_interfaces\n'}
[1.684447] (drone_interfaces) StdoutLine: {'line': b'-- Up-to-date: /home/jetson/Multitask-Drone/install/drone_interfaces/include/drone_interfaces/drone_interfaces/action\n'}
[1.684553] (drone_interfaces) StdoutLine: {'line': b'-- Up-to-date: /home/jetson/Multitask-Drone/install/drone_interfaces/include/drone_interfaces/drone_interfaces/action/detail\n'}
[1.684688] (drone_interfaces) StdoutLine: {'line': b'-- Up-to-date: /home/jetson/Multitask-Drone/install/drone_interfaces/include/drone_interfaces/drone_interfaces/action/detail/execute_waypoint__rosidl_typesupport_introspection_cpp.hpp\n'}
[1.684799] (drone_interfaces) StdoutLine: {'line': b'-- Up-to-date: /home/jetson/Multitask-Drone/install/drone_interfaces/include/drone_interfaces/drone_interfaces/action/detail/execute_waypoint__type_support.cpp\n'}
[1.684897] (drone_interfaces) StdoutLine: {'line': b'-- Up-to-date: /home/jetson/Multitask-Drone/install/drone_interfaces/include/drone_interfaces/drone_interfaces/msg\n'}
[1.685003] (drone_interfaces) StdoutLine: {'line': b'-- Up-to-date: /home/jetson/Multitask-Drone/install/drone_interfaces/include/drone_interfaces/drone_interfaces/msg/detail\n'}
[1.685133] (drone_interfaces) StdoutLine: {'line': b'-- Up-to-date: /home/jetson/Multitask-Drone/install/drone_interfaces/include/drone_interfaces/drone_interfaces/msg/detail/task_state__type_support.cpp\n'}
[1.685231] (drone_interfaces) StdoutLine: {'line': b'-- Up-to-date: /home/jetson/Multitask-Drone/install/drone_interfaces/include/drone_interfaces/drone_interfaces/msg/detail/raw_waypoint__type_support.cpp\n'}
[1.685328] (drone_interfaces) StdoutLine: {'line': b'-- Up-to-date: /home/jetson/Multitask-Drone/install/drone_interfaces/include/drone_interfaces/drone_interfaces/msg/detail/panel_box__rosidl_typesupport_introspection_cpp.hpp\n'}
[1.685424] (drone_interfaces) StdoutLine: {'line': b'-- Up-to-date: /home/jetson/Multitask-Drone/install/drone_interfaces/include/drone_interfaces/drone_interfaces/msg/detail/task__type_support.cpp\n'}
[1.685521] (drone_interfaces) StdoutLine: {'line': b'-- Up-to-date: /home/jetson/Multitask-Drone/install/drone_interfaces/include/drone_interfaces/drone_interfaces/msg/detail/task__rosidl_typesupport_introspection_cpp.hpp\n'}
[1.685616] (drone_interfaces) StdoutLine: {'line': b'-- Up-to-date: /home/jetson/Multitask-Drone/install/drone_interfaces/include/drone_interfaces/drone_interfaces/msg/detail/task_state__rosidl_typesupport_introspection_cpp.hpp\n'}
[1.685711] (drone_interfaces) StdoutLine: {'line': b'-- Up-to-date: /home/jetson/Multitask-Drone/install/drone_interfaces/include/drone_interfaces/drone_interfaces/msg/detail/raw_waypoint__rosidl_typesupport_introspection_cpp.hpp\n'}
[1.685811] (drone_interfaces) StdoutLine: {'line': b'-- Up-to-date: /home/jetson/Multitask-Drone/install/drone_interfaces/include/drone_interfaces/drone_interfaces/msg/detail/panel_box__type_support.cpp\n'}
[1.685907] (drone_interfaces) StdoutLine: {'line': b'-- Up-to-date: /home/jetson/Multitask-Drone/install/drone_interfaces/include/drone_interfaces/drone_interfaces/msg/detail/yaw__type_support.cpp\n'}
[1.686030] (drone_interfaces) StdoutLine: {'line': b'-- Up-to-date: /home/jetson/Multitask-Drone/install/drone_interfaces/include/drone_interfaces/drone_interfaces/msg/detail/yaw__rosidl_typesupport_introspection_cpp.hpp\n'}
[1.686129] (drone_interfaces) StdoutLine: {'line': b'-- Up-to-date: /home/jetson/Multitask-Drone/install/drone_interfaces/include/drone_interfaces/drone_interfaces/srv\n'}
[1.686224] (drone_interfaces) StdoutLine: {'line': b'-- Up-to-date: /home/jetson/Multitask-Drone/install/drone_interfaces/include/drone_interfaces/drone_interfaces/srv/detail\n'}
[1.686319] (drone_interfaces) StdoutLine: {'line': b'-- Up-to-date: /home/jetson/Multitask-Drone/install/drone_interfaces/include/drone_interfaces/drone_interfaces/srv/detail/task_dispatch__rosidl_typesupport_introspection_cpp.hpp\n'}
[1.686416] (drone_interfaces) StdoutLine: {'line': b'-- Up-to-date: /home/jetson/Multitask-Drone/install/drone_interfaces/include/drone_interfaces/drone_interfaces/srv/detail/yolo_request__rosidl_typesupport_introspection_cpp.hpp\n'}
[1.686509] (drone_interfaces) StdoutLine: {'line': b'-- Up-to-date: /home/jetson/Multitask-Drone/install/drone_interfaces/include/drone_interfaces/drone_interfaces/srv/detail/task_dispatch__type_support.cpp\n'}
[1.686606] (drone_interfaces) StdoutLine: {'line': b'-- Up-to-date: /home/jetson/Multitask-Drone/install/drone_interfaces/include/drone_interfaces/drone_interfaces/srv/detail/task_push__rosidl_typesupport_introspection_cpp.hpp\n'}
[1.686700] (drone_interfaces) StdoutLine: {'line': b'-- Up-to-date: /home/jetson/Multitask-Drone/install/drone_interfaces/include/drone_interfaces/drone_interfaces/srv/detail/task_push__type_support.cpp\n'}
[1.686795] (drone_interfaces) StdoutLine: {'line': b'-- Up-to-date: /home/jetson/Multitask-Drone/install/drone_interfaces/include/drone_interfaces/drone_interfaces/srv/detail/yolo_request__type_support.cpp\n'}
[1.686891] (drone_interfaces) StdoutLine: {'line': b'-- Up-to-date: /home/jetson/Multitask-Drone/install/drone_interfaces/lib/libdrone_interfaces__rosidl_typesupport_introspection_cpp.so\n'}
[1.686987] (drone_interfaces) StdoutLine: {'line': b'-- Up-to-date: /home/jetson/Multitask-Drone/install/drone_interfaces/lib/libdrone_interfaces__rosidl_typesupport_cpp.so\n'}
[1.687081] (drone_interfaces) StdoutLine: {'line': b'-- Up-to-date: /home/jetson/Multitask-Drone/install/drone_interfaces/share/drone_interfaces/environment/pythonpath.sh\n'}
[1.687176] (drone_interfaces) StdoutLine: {'line': b'-- Up-to-date: /home/jetson/Multitask-Drone/install/drone_interfaces/share/drone_interfaces/environment/pythonpath.dsv\n'}
[1.687269] (drone_interfaces) StdoutLine: {'line': b'-- Up-to-date: /home/jetson/Multitask-Drone/install/drone_interfaces/local/lib/python3.10/dist-packages/drone_interfaces-0.0.0-py3.10.egg-info\n'}
[1.687369] (drone_interfaces) StdoutLine: {'line': b'-- Installing: /home/jetson/Multitask-Drone/install/drone_interfaces/local/lib/python3.10/dist-packages/drone_interfaces-0.0.0-py3.10.egg-info/SOURCES.txt\n'}
[1.687462] (drone_interfaces) StdoutLine: {'line': b'-- Installing: /home/jetson/Multitask-Drone/install/drone_interfaces/local/lib/python3.10/dist-packages/drone_interfaces-0.0.0-py3.10.egg-info/PKG-INFO\n'}
[1.687555] (drone_interfaces) StdoutLine: {'line': b'-- Installing: /home/jetson/Multitask-Drone/install/drone_interfaces/local/lib/python3.10/dist-packages/drone_interfaces-0.0.0-py3.10.egg-info/top_level.txt\n'}
[1.687648] (drone_interfaces) StdoutLine: {'line': b'-- Installing: /home/jetson/Multitask-Drone/install/drone_interfaces/local/lib/python3.10/dist-packages/drone_interfaces-0.0.0-py3.10.egg-info/dependency_links.txt\n'}
[1.687767] (drone_interfaces) StdoutLine: {'line': b'-- Up-to-date: /home/jetson/Multitask-Drone/install/drone_interfaces/local/lib/python3.10/dist-packages/drone_interfaces\n'}
[1.687861] (drone_interfaces) StdoutLine: {'line': b'-- Up-to-date: /home/jetson/Multitask-Drone/install/drone_interfaces/local/lib/python3.10/dist-packages/drone_interfaces/drone_interfaces_s__rosidl_typesupport_introspection_c.cpython-310-aarch64-linux-gnu.so\n'}
[1.687969] (drone_interfaces) StdoutLine: {'line': b'-- Up-to-date: /home/jetson/Multitask-Drone/install/drone_interfaces/local/lib/python3.10/dist-packages/drone_interfaces/_drone_interfaces_s.ep.rosidl_typesupport_c.c\n'}
[1.688062] (drone_interfaces) StdoutLine: {'line': b'-- Up-to-date: /home/jetson/Multitask-Drone/install/drone_interfaces/local/lib/python3.10/dist-packages/drone_interfaces/action\n'}
[1.688158] (drone_interfaces) StdoutLine: {'line': b'-- Up-to-date: /home/jetson/Multitask-Drone/install/drone_interfaces/local/lib/python3.10/dist-packages/drone_interfaces/action/_execute_waypoint_s.c\n'}
[1.688251] (drone_interfaces) StdoutLine: {'line': b'-- Up-to-date: /home/jetson/Multitask-Drone/install/drone_interfaces/local/lib/python3.10/dist-packages/drone_interfaces/action/__init__.py\n'}
[1.688345] (drone_interfaces) StdoutLine: {'line': b'-- Up-to-date: /home/jetson/Multitask-Drone/install/drone_interfaces/local/lib/python3.10/dist-packages/drone_interfaces/action/_execute_waypoint.py\n'}
[1.688437] (drone_interfaces) StdoutLine: {'line': b'-- Up-to-date: /home/jetson/Multitask-Drone/install/drone_interfaces/local/lib/python3.10/dist-packages/drone_interfaces/drone_interfaces_s__rosidl_typesupport_c.cpython-310-aarch64-linux-gnu.so\n'}
[1.688542] (drone_interfaces) StdoutLine: {'line': b'-- Up-to-date: /home/jetson/Multitask-Drone/install/drone_interfaces/local/lib/python3.10/dist-packages/drone_interfaces/msg\n'}
[1.688657] (drone_interfaces) StdoutLine: {'line': b'-- Up-to-date: /home/jetson/Multitask-Drone/install/drone_interfaces/local/lib/python3.10/dist-packages/drone_interfaces/msg/_yaw_s.c\n'}
[1.688762] (drone_interfaces) StdoutLine: {'line': b'-- Up-to-date: /home/jetson/Multitask-Drone/install/drone_interfaces/local/lib/python3.10/dist-packages/drone_interfaces/msg/_task.py\n'}
[1.688855] (drone_interfaces) StdoutLine: {'line': b'-- Up-to-date: /home/jetson/Multitask-Drone/install/drone_interfaces/local/lib/python3.10/dist-packages/drone_interfaces/msg/_task_s.c\n'}
[1.688954] (drone_interfaces) StdoutLine: {'line': b'-- Up-to-date: /home/jetson/Multitask-Drone/install/drone_interfaces/local/lib/python3.10/dist-packages/drone_interfaces/msg/_panel_box_s.c\n'}
[1.689049] (drone_interfaces) StdoutLine: {'line': b'-- Up-to-date: /home/jetson/Multitask-Drone/install/drone_interfaces/local/lib/python3.10/dist-packages/drone_interfaces/msg/_raw_waypoint.py\n'}
[1.689142] (drone_interfaces) StdoutLine: {'line': b'-- Up-to-date: /home/jetson/Multitask-Drone/install/drone_interfaces/local/lib/python3.10/dist-packages/drone_interfaces/msg/_raw_waypoint_s.c\n'}
[1.689235] (drone_interfaces) StdoutLine: {'line': b'-- Up-to-date: /home/jetson/Multitask-Drone/install/drone_interfaces/local/lib/python3.10/dist-packages/drone_interfaces/msg/_panel_box.py\n'}
[1.689329] (drone_interfaces) StdoutLine: {'line': b'-- Up-to-date: /home/jetson/Multitask-Drone/install/drone_interfaces/local/lib/python3.10/dist-packages/drone_interfaces/msg/__init__.py\n'}
[1.689421] (drone_interfaces) StdoutLine: {'line': b'-- Up-to-date: /home/jetson/Multitask-Drone/install/drone_interfaces/local/lib/python3.10/dist-packages/drone_interfaces/msg/_task_state.py\n'}
[1.689513] (drone_interfaces) StdoutLine: {'line': b'-- Up-to-date: /home/jetson/Multitask-Drone/install/drone_interfaces/local/lib/python3.10/dist-packages/drone_interfaces/msg/_yaw.py\n'}
[1.689604] (drone_interfaces) StdoutLine: {'line': b'-- Up-to-date: /home/jetson/Multitask-Drone/install/drone_interfaces/local/lib/python3.10/dist-packages/drone_interfaces/msg/_task_state_s.c\n'}
[1.689702] (drone_interfaces) StdoutLine: {'line': b'-- Up-to-date: /home/jetson/Multitask-Drone/install/drone_interfaces/local/lib/python3.10/dist-packages/drone_interfaces/libdrone_interfaces__rosidl_generator_py.so\n'}
[1.689795] (drone_interfaces) StdoutLine: {'line': b'-- Up-to-date: /home/jetson/Multitask-Drone/install/drone_interfaces/local/lib/python3.10/dist-packages/drone_interfaces/_drone_interfaces_s.ep.rosidl_typesupport_fastrtps_c.c\n'}
[1.689905] (drone_interfaces) StdoutLine: {'line': b'-- Up-to-date: /home/jetson/Multitask-Drone/install/drone_interfaces/local/lib/python3.10/dist-packages/drone_interfaces/__init__.py\n'}
[1.689998] (drone_interfaces) StdoutLine: {'line': b'-- Up-to-date: /home/jetson/Multitask-Drone/install/drone_interfaces/local/lib/python3.10/dist-packages/drone_interfaces/srv\n'}
[1.690090] (drone_interfaces) StdoutLine: {'line': b'-- Up-to-date: /home/jetson/Multitask-Drone/install/drone_interfaces/local/lib/python3.10/dist-packages/drone_interfaces/srv/_yolo_request.py\n'}
[1.690182] (drone_interfaces) StdoutLine: {'line': b'-- Up-to-date: /home/jetson/Multitask-Drone/install/drone_interfaces/local/lib/python3.10/dist-packages/drone_interfaces/srv/_task_dispatch.py\n'}
[1.690275] (drone_interfaces) StdoutLine: {'line': b'-- Up-to-date: /home/jetson/Multitask-Drone/install/drone_interfaces/local/lib/python3.10/dist-packages/drone_interfaces/srv/_yolo_request_s.c\n'}
[1.690366] (drone_interfaces) StdoutLine: {'line': b'-- Up-to-date: /home/jetson/Multitask-Drone/install/drone_interfaces/local/lib/python3.10/dist-packages/drone_interfaces/srv/_task_push.py\n'}
[1.690464] (drone_interfaces) StdoutLine: {'line': b'-- Up-to-date: /home/jetson/Multitask-Drone/install/drone_interfaces/local/lib/python3.10/dist-packages/drone_interfaces/srv/_task_dispatch_s.c\n'}
[1.690576] (drone_interfaces) StdoutLine: {'line': b'-- Up-to-date: /home/jetson/Multitask-Drone/install/drone_interfaces/local/lib/python3.10/dist-packages/drone_interfaces/srv/_task_push_s.c\n'}
[1.690673] (drone_interfaces) StdoutLine: {'line': b'-- Up-to-date: /home/jetson/Multitask-Drone/install/drone_interfaces/local/lib/python3.10/dist-packages/drone_interfaces/srv/__init__.py\n'}
[1.690766] (drone_interfaces) StdoutLine: {'line': b'-- Up-to-date: /home/jetson/Multitask-Drone/install/drone_interfaces/local/lib/python3.10/dist-packages/drone_interfaces/_drone_interfaces_s.ep.rosidl_typesupport_introspection_c.c\n'}
[1.690860] (drone_interfaces) StdoutLine: {'line': b'-- Up-to-date: /home/jetson/Multitask-Drone/install/drone_interfaces/local/lib/python3.10/dist-packages/drone_interfaces/drone_interfaces_s__rosidl_typesupport_fastrtps_c.cpython-310-aarch64-linux-gnu.so\n'}
[1.690957] (drone_monitor) StdoutLine: {'line': b'running egg_info\n'}
[1.691124] (drone_monitor) StdoutLine: {'line': b'writing ../../build/drone_monitor/drone_monitor.egg-info/PKG-INFO\n'}
[1.691224] (drone_monitor) StdoutLine: {'line': b'writing dependency_links to ../../build/drone_monitor/drone_monitor.egg-info/dependency_links.txt\n'}
[1.691325] (drone_monitor) StdoutLine: {'line': b'writing entry points to ../../build/drone_monitor/drone_monitor.egg-info/entry_points.txt\n'}
[1.691420] (drone_monitor) StdoutLine: {'line': b'writing requirements to ../../build/drone_monitor/drone_monitor.egg-info/requires.txt\n'}
[1.691515] (drone_monitor) StdoutLine: {'line': b'writing top-level names to ../../build/drone_monitor/drone_monitor.egg-info/top_level.txt\n'}
[1.691608] (drone_monitor) StdoutLine: {'line': b"reading manifest file '../../build/drone_monitor/drone_monitor.egg-info/SOURCES.txt'\n"}
[1.691701] (drone_monitor) StdoutLine: {'line': b"adding license file 'LICENSE'\n"}
[1.691793] (drone_monitor) StdoutLine: {'line': b"writing manifest file '../../build/drone_monitor/drone_monitor.egg-info/SOURCES.txt'\n"}
[1.691885] (drone_monitor) StdoutLine: {'line': b'running build\n'}
[1.691977] (drone_monitor) StdoutLine: {'line': b'running build_py\n'}
[1.692074] (drone_monitor) StdoutLine: {'line': b'running install\n'}
[1.692167] (drone_monitor) StdoutLine: {'line': b'running install_lib\n'}
[1.692258] (drone_monitor) StdoutLine: {'line': b'running install_data\n'}
[1.692349] (drone_monitor) StdoutLine: {'line': b'running install_egg_info\n'}
[1.692440] (drone_monitor) StdoutLine: {'line': b"removing '/home/jetson/Multitask-Drone/install/drone_monitor/lib/python3.10/site-packages/drone_monitor-0.0.0-py3.10.egg-info' (and everything under it)\n"}
[1.692548] (drone_monitor) StdoutLine: {'line': b'Copying ../../build/drone_monitor/drone_monitor.egg-info to /home/jetson/Multitask-Drone/install/drone_monitor/lib/python3.10/site-packages/drone_monitor-0.0.0-py3.10.egg-info\n'}
[1.692666] (drone_monitor) StdoutLine: {'line': b'running install_scripts\n'}
[1.706507] (-) TimerEvent: {}
[1.717298] (drone_monitor) StdoutLine: {'line': b"writing list of installed files to '/home/jetson/Multitask-Drone/build/drone_monitor/install.log'\n"}
[1.725126] (drone_interfaces) StdoutLine: {'line': b"Listing '/home/jetson/Multitask-Drone/install/drone_interfaces/local/lib/python3.10/dist-packages/drone_interfaces'...\n"}
[1.725618] (drone_interfaces) StdoutLine: {'line': b"Listing '/home/jetson/Multitask-Drone/install/drone_interfaces/local/lib/python3.10/dist-packages/drone_interfaces/action'...\n"}
[1.725834] (drone_interfaces) StdoutLine: {'line': b"Listing '/home/jetson/Multitask-Drone/install/drone_interfaces/local/lib/python3.10/dist-packages/drone_interfaces/msg'...\n"}
[1.725977] (drone_interfaces) StdoutLine: {'line': b"Listing '/home/jetson/Multitask-Drone/install/drone_interfaces/local/lib/python3.10/dist-packages/drone_interfaces/srv'...\n"}
[1.738753] (drone_interfaces) StdoutLine: {'line': b'-- Up-to-date: /home/jetson/Multitask-Drone/install/drone_interfaces/local/lib/python3.10/dist-packages/drone_interfaces/drone_interfaces_s__rosidl_typesupport_fastrtps_c.cpython-310-aarch64-linux-gnu.so\n'}
[1.739617] (drone_interfaces) StdoutLine: {'line': b'-- Up-to-date: /home/jetson/Multitask-Drone/install/drone_interfaces/local/lib/python3.10/dist-packages/drone_interfaces/drone_interfaces_s__rosidl_typesupport_introspection_c.cpython-310-aarch64-linux-gnu.so\n'}
[1.740112] (drone_interfaces) StdoutLine: {'line': b'-- Up-to-date: /home/jetson/Multitask-Drone/install/drone_interfaces/local/lib/python3.10/dist-packages/drone_interfaces/drone_interfaces_s__rosidl_typesupport_c.cpython-310-aarch64-linux-gnu.so\n'}
[1.741339] (drone_interfaces) StdoutLine: {'line': b'-- Up-to-date: /home/jetson/Multitask-Drone/install/drone_interfaces/lib/libdrone_interfaces__rosidl_generator_py.so\n'}
[1.741757] (drone_interfaces) StdoutLine: {'line': b'-- Up-to-date: /home/jetson/Multitask-Drone/install/drone_interfaces/share/drone_interfaces/msg/Yaw.idl\n'}
[1.741922] (drone_interfaces) StdoutLine: {'line': b'-- Up-to-date: /home/jetson/Multitask-Drone/install/drone_interfaces/share/drone_interfaces/msg/PanelBox.idl\n'}
[1.742047] (drone_interfaces) StdoutLine: {'line': b'-- Up-to-date: /home/jetson/Multitask-Drone/install/drone_interfaces/share/drone_interfaces/msg/Task.idl\n'}
[1.742159] (drone_interfaces) StdoutLine: {'line': b'-- Up-to-date: /home/jetson/Multitask-Drone/install/drone_interfaces/share/drone_interfaces/msg/TaskState.idl\n'}
[1.742397] (drone_interfaces) StdoutLine: {'line': b'-- Up-to-date: /home/jetson/Multitask-Drone/install/drone_interfaces/share/drone_interfaces/msg/RawWaypoint.idl\n'}
[1.742610] (drone_interfaces) StdoutLine: {'line': b'-- Up-to-date: /home/jetson/Multitask-Drone/install/drone_interfaces/share/drone_interfaces/srv/TaskDispatch.idl\n'}
[1.742845] (drone_interfaces) StdoutLine: {'line': b'-- Up-to-date: /home/jetson/Multitask-Drone/install/drone_interfaces/share/drone_interfaces/srv/YoloRequest.idl\n'}
[1.743003] (drone_interfaces) StdoutLine: {'line': b'-- Up-to-date: /home/jetson/Multitask-Drone/install/drone_interfaces/share/drone_interfaces/srv/TaskPush.idl\n'}
[1.743150] (drone_interfaces) StdoutLine: {'line': b'-- Up-to-date: /home/jetson/Multitask-Drone/install/drone_interfaces/share/drone_interfaces/action/ExecuteWaypoint.idl\n'}
[1.743290] (drone_interfaces) StdoutLine: {'line': b'-- Up-to-date: /home/jetson/Multitask-Drone/install/drone_interfaces/share/drone_interfaces/msg/Yaw.msg\n'}
[1.743395] (drone_interfaces) StdoutLine: {'line': b'-- Up-to-date: /home/jetson/Multitask-Drone/install/drone_interfaces/share/drone_interfaces/msg/PanelBox.msg\n'}
[1.743496] (drone_interfaces) StdoutLine: {'line': b'-- Up-to-date: /home/jetson/Multitask-Drone/install/drone_interfaces/share/drone_interfaces/msg/Task.msg\n'}
[1.743635] (drone_interfaces) StdoutLine: {'line': b'-- Up-to-date: /home/jetson/Multitask-Drone/install/drone_interfaces/share/drone_interfaces/msg/TaskState.msg\n'}
[1.743735] (drone_interfaces) StdoutLine: {'line': b'-- Up-to-date: /home/jetson/Multitask-Drone/install/drone_interfaces/share/drone_interfaces/msg/RawWaypoint.msg\n'}
[1.743867] (drone_interfaces) StdoutLine: {'line': b'-- Up-to-date: /home/jetson/Multitask-Drone/install/drone_interfaces/share/drone_interfaces/srv/TaskDispatch.srv\n'}
[1.743966] (drone_interfaces) StdoutLine: {'line': b'-- Up-to-date: /home/jetson/Multitask-Drone/install/drone_interfaces/share/drone_interfaces/srv/TaskDispatch_Request.msg\n'}
[1.744071] (drone_interfaces) StdoutLine: {'line': b'-- Up-to-date: /home/jetson/Multitask-Drone/install/drone_interfaces/share/drone_interfaces/srv/TaskDispatch_Response.msg\n'}
[1.744198] (drone_interfaces) StdoutLine: {'line': b'-- Up-to-date: /home/jetson/Multitask-Drone/install/drone_interfaces/share/drone_interfaces/srv/YoloRequest.srv\n'}
[1.744325] (drone_interfaces) StdoutLine: {'line': b'-- Up-to-date: /home/jetson/Multitask-Drone/install/drone_interfaces/share/drone_interfaces/srv/YoloRequest_Request.msg\n'}
[1.744476] (drone_interfaces) StdoutLine: {'line': b'-- Up-to-date: /home/jetson/Multitask-Drone/install/drone_interfaces/share/drone_interfaces/srv/YoloRequest_Response.msg\n'}
[1.744881] (drone_interfaces) StdoutLine: {'line': b'-- Up-to-date: /home/jetson/Multitask-Drone/install/drone_interfaces/share/drone_interfaces/srv/TaskPush.srv\n'}
[1.745023] (drone_interfaces) StdoutLine: {'line': b'-- Up-to-date: /home/jetson/Multitask-Drone/install/drone_interfaces/share/drone_interfaces/srv/TaskPush_Request.msg\n'}
[1.745182] (drone_interfaces) StdoutLine: {'line': b'-- Up-to-date: /home/jetson/Multitask-Drone/install/drone_interfaces/share/drone_interfaces/srv/TaskPush_Response.msg\n'}
[1.745322] (drone_interfaces) StdoutLine: {'line': b'-- Up-to-date: /home/jetson/Multitask-Drone/install/drone_interfaces/share/drone_interfaces/action/ExecuteWaypoint.action\n'}
[1.745451] (drone_interfaces) StdoutLine: {'line': b'-- Up-to-date: /home/jetson/Multitask-Drone/install/drone_interfaces/share/ament_index/resource_index/package_run_dependencies/drone_interfaces\n'}
[1.745587] (drone_interfaces) StdoutLine: {'line': b'-- Up-to-date: /home/jetson/Multitask-Drone/install/drone_interfaces/share/ament_index/resource_index/parent_prefix_path/drone_interfaces\n'}
[1.747968] (drone_interfaces) StdoutLine: {'line': b'-- Up-to-date: /home/jetson/Multitask-Drone/install/drone_interfaces/share/drone_interfaces/environment/ament_prefix_path.sh\n'}
[1.748108] (drone_interfaces) StdoutLine: {'line': b'-- Up-to-date: /home/jetson/Multitask-Drone/install/drone_interfaces/share/drone_interfaces/environment/ament_prefix_path.dsv\n'}
[1.748224] (drone_interfaces) StdoutLine: {'line': b'-- Up-to-date: /home/jetson/Multitask-Drone/install/drone_interfaces/share/drone_interfaces/environment/path.sh\n'}
[1.748337] (drone_interfaces) StdoutLine: {'line': b'-- Up-to-date: /home/jetson/Multitask-Drone/install/drone_interfaces/share/drone_interfaces/environment/path.dsv\n'}
[1.748439] (drone_interfaces) StdoutLine: {'line': b'-- Up-to-date: /home/jetson/Multitask-Drone/install/drone_interfaces/share/drone_interfaces/local_setup.bash\n'}
[1.748537] (drone_interfaces) StdoutLine: {'line': b'-- Up-to-date: /home/jetson/Multitask-Drone/install/drone_interfaces/share/drone_interfaces/local_setup.sh\n'}
[1.748666] (drone_interfaces) StdoutLine: {'line': b'-- Up-to-date: /home/jetson/Multitask-Drone/install/drone_interfaces/share/drone_interfaces/local_setup.zsh\n'}
[1.748786] (drone_interfaces) StdoutLine: {'line': b'-- Up-to-date: /home/jetson/Multitask-Drone/install/drone_interfaces/share/drone_interfaces/local_setup.dsv\n'}
[1.748887] (drone_interfaces) StdoutLine: {'line': b'-- Installing: /home/jetson/Multitask-Drone/install/drone_interfaces/share/drone_interfaces/package.dsv\n'}
[1.749020] (drone_interfaces) StdoutLine: {'line': b'-- Up-to-date: /home/jetson/Multitask-Drone/install/drone_interfaces/share/ament_index/resource_index/packages/drone_interfaces\n'}
[1.749121] (drone_interfaces) StdoutLine: {'line': b'-- Up-to-date: /home/jetson/Multitask-Drone/install/drone_interfaces/share/drone_interfaces/cmake/export_drone_interfaces__rosidl_generator_cExport.cmake\n'}
[1.749222] (drone_interfaces) StdoutLine: {'line': b'-- Up-to-date: /home/jetson/Multitask-Drone/install/drone_interfaces/share/drone_interfaces/cmake/export_drone_interfaces__rosidl_generator_cExport-noconfig.cmake\n'}
[1.749323] (drone_interfaces) StdoutLine: {'line': b'-- Up-to-date: /home/jetson/Multitask-Drone/install/drone_interfaces/share/drone_interfaces/cmake/export_drone_interfaces__rosidl_typesupport_fastrtps_cExport.cmake\n'}
[1.749417] (drone_interfaces) StdoutLine: {'line': b'-- Up-to-date: /home/jetson/Multitask-Drone/install/drone_interfaces/share/drone_interfaces/cmake/export_drone_interfaces__rosidl_typesupport_fastrtps_cExport-noconfig.cmake\n'}
[1.749510] (drone_interfaces) StdoutLine: {'line': b'-- Up-to-date: /home/jetson/Multitask-Drone/install/drone_interfaces/share/drone_interfaces/cmake/drone_interfaces__rosidl_typesupport_introspection_cExport.cmake\n'}
[1.749605] (drone_interfaces) StdoutLine: {'line': b'-- Up-to-date: /home/jetson/Multitask-Drone/install/drone_interfaces/share/drone_interfaces/cmake/drone_interfaces__rosidl_typesupport_introspection_cExport-noconfig.cmake\n'}
[1.749702] (drone_interfaces) StdoutLine: {'line': b'-- Up-to-date: /home/jetson/Multitask-Drone/install/drone_interfaces/share/drone_interfaces/cmake/drone_interfaces__rosidl_typesupport_cExport.cmake\n'}
[1.750747] (drone_interfaces) StdoutLine: {'line': b'-- Up-to-date: /home/jetson/Multitask-Drone/install/drone_interfaces/share/drone_interfaces/cmake/drone_interfaces__rosidl_typesupport_cExport-noconfig.cmake\n'}
[1.750888] (drone_interfaces) StdoutLine: {'line': b'-- Up-to-date: /home/jetson/Multitask-Drone/install/drone_interfaces/share/drone_interfaces/cmake/export_drone_interfaces__rosidl_generator_cppExport.cmake\n'}
[1.751004] (drone_interfaces) StdoutLine: {'line': b'-- Up-to-date: /home/jetson/Multitask-Drone/install/drone_interfaces/share/drone_interfaces/cmake/export_drone_interfaces__rosidl_typesupport_fastrtps_cppExport.cmake\n'}
[1.751114] (drone_interfaces) StdoutLine: {'line': b'-- Up-to-date: /home/jetson/Multitask-Drone/install/drone_interfaces/share/drone_interfaces/cmake/export_drone_interfaces__rosidl_typesupport_fastrtps_cppExport-noconfig.cmake\n'}
[1.751220] (drone_interfaces) StdoutLine: {'line': b'-- Up-to-date: /home/jetson/Multitask-Drone/install/drone_interfaces/share/drone_interfaces/cmake/drone_interfaces__rosidl_typesupport_introspection_cppExport.cmake\n'}
[1.751321] (drone_interfaces) StdoutLine: {'line': b'-- Up-to-date: /home/jetson/Multitask-Drone/install/drone_interfaces/share/drone_interfaces/cmake/drone_interfaces__rosidl_typesupport_introspection_cppExport-noconfig.cmake\n'}
[1.751461] (drone_interfaces) StdoutLine: {'line': b'-- Up-to-date: /home/jetson/Multitask-Drone/install/drone_interfaces/share/drone_interfaces/cmake/drone_interfaces__rosidl_typesupport_cppExport.cmake\n'}
[1.751561] (drone_interfaces) StdoutLine: {'line': b'-- Up-to-date: /home/jetson/Multitask-Drone/install/drone_interfaces/share/drone_interfaces/cmake/drone_interfaces__rosidl_typesupport_cppExport-noconfig.cmake\n'}
[1.751660] (drone_interfaces) StdoutLine: {'line': b'-- Up-to-date: /home/jetson/Multitask-Drone/install/drone_interfaces/share/drone_interfaces/cmake/export_drone_interfaces__rosidl_generator_pyExport.cmake\n'}
[1.751769] (drone_interfaces) StdoutLine: {'line': b'-- Up-to-date: /home/jetson/Multitask-Drone/install/drone_interfaces/share/drone_interfaces/cmake/export_drone_interfaces__rosidl_generator_pyExport-noconfig.cmake\n'}
[1.765384] (drone_interfaces) StdoutLine: {'line': b'-- Up-to-date: /home/jetson/Multitask-Drone/install/drone_interfaces/share/drone_interfaces/cmake/rosidl_cmake-extras.cmake\n'}
[1.765876] (drone_interfaces) StdoutLine: {'line': b'-- Up-to-date: /home/jetson/Multitask-Drone/install/drone_interfaces/share/drone_interfaces/cmake/ament_cmake_export_dependencies-extras.cmake\n'}
[1.766027] (drone_interfaces) StdoutLine: {'line': b'-- Up-to-date: /home/jetson/Multitask-Drone/install/drone_interfaces/share/drone_interfaces/cmake/ament_cmake_export_include_directories-extras.cmake\n'}
[1.766142] (drone_interfaces) StdoutLine: {'line': b'-- Up-to-date: /home/jetson/Multitask-Drone/install/drone_interfaces/share/drone_interfaces/cmake/ament_cmake_export_libraries-extras.cmake\n'}
[1.766248] (drone_interfaces) StdoutLine: {'line': b'-- Up-to-date: /home/jetson/Multitask-Drone/install/drone_interfaces/share/drone_interfaces/cmake/ament_cmake_export_targets-extras.cmake\n'}
[1.766353] (drone_interfaces) StdoutLine: {'line': b'-- Up-to-date: /home/jetson/Multitask-Drone/install/drone_interfaces/share/drone_interfaces/cmake/rosidl_cmake_export_typesupport_targets-extras.cmake\n'}
[1.766455] (drone_interfaces) StdoutLine: {'line': b'-- Up-to-date: /home/jetson/Multitask-Drone/install/drone_interfaces/share/drone_interfaces/cmake/rosidl_cmake_export_typesupport_libraries-extras.cmake\n'}
[1.766554] (drone_interfaces) StdoutLine: {'line': b'-- Up-to-date: /home/jetson/Multitask-Drone/install/drone_interfaces/share/drone_interfaces/cmake/drone_interfacesConfig.cmake\n'}
[1.766651] (drone_interfaces) StdoutLine: {'line': b'-- Up-to-date: /home/jetson/Multitask-Drone/install/drone_interfaces/share/drone_interfaces/cmake/drone_interfacesConfig-version.cmake\n'}
[1.766749] (drone_interfaces) StdoutLine: {'line': b'-- Up-to-date: /home/jetson/Multitask-Drone/install/drone_interfaces/share/drone_interfaces/package.xml\n'}
[1.778361] (drone_interfaces) CommandEnded: {'returncode': 0}
[1.806685] (-) TimerEvent: {}
[1.824961] (drone_interfaces) JobEnded: {'identifier': 'drone_interfaces', 'rc': 0}
[1.827229] (drone_controller) JobStarted: {'identifier': 'drone_controller'}
[1.842055] (drone_vision) JobStarted: {'identifier': 'drone_vision'}
[1.859418] (drone_monitor) CommandEnded: {'returncode': 0}
[1.877536] (drone_monitor) JobEnded: {'identifier': 'drone_monitor', 'rc': 0}
[1.907018] (-) TimerEvent: {}
[2.007698] (-) TimerEvent: {}
[2.108336] (-) TimerEvent: {}
[2.208909] (-) TimerEvent: {}
[2.309483] (-) TimerEvent: {}
[2.410103] (-) TimerEvent: {}
[2.510758] (-) TimerEvent: {}
[2.611395] (-) TimerEvent: {}
[2.712086] (-) TimerEvent: {}
[2.812796] (-) TimerEvent: {}
[2.913473] (-) TimerEvent: {}
[3.014113] (-) TimerEvent: {}
[3.114713] (-) TimerEvent: {}
[3.215332] (-) TimerEvent: {}
[3.316808] (-) TimerEvent: {}
[3.417760] (-) TimerEvent: {}
[3.519266] (-) TimerEvent: {}
[3.620256] (-) TimerEvent: {}
[3.701236] (drone_vision) Command: {'cmd': ['/usr/bin/python3', '-W', 'ignore:setup.py install is deprecated', '-W', 'ignore:easy_install command is deprecated', 'setup.py', 'egg_info', '--egg-base', '../../build/drone_vision', 'build', '--build-base', '/home/jetson/Multitask-Drone/build/drone_vision/build', 'install', '--record', '/home/jetson/Multitask-Drone/build/drone_vision/install.log', '--single-version-externally-managed', 'install_data'], 'cwd': '/home/jetson/Multitask-Drone/src/drone_vision', 'env': {'GJS_DEBUG_TOPICS': 'JS ERROR;JS LOG', 'LESSOPEN': '| /usr/bin/lesspipe %s', 'LANGUAGE': 'en_US:en', 'USER': 'jetson', 'LC_TIME': 'zh_CN.UTF-8', 'XDG_SESSION_TYPE': 'x11', 'GIT_ASKPASS': '/usr/share/code/resources/app/extensions/git/dist/askpass.sh', 'SHLVL': '1', 'LD_LIBRARY_PATH': '/home/jetson/Multitask-Drone/install/drone_interfaces/lib:/opt/ros/humble/opt/rviz_ogre_vendor/lib:/opt/ros/humble/lib/aarch64-linux-gnu:/opt/ros/humble/lib', 'HOME': '/home/jetson', 'CHROME_DESKTOP': 'code.desktop', 'TERM_PROGRAM_VERSION': '1.97.2', 'DESKTOP_SESSION': 'ubuntu', 'GIO_LAUNCHED_DESKTOP_FILE': '/usr/share/applications/code.desktop', 'ROS_PYTHON_VERSION': '3', 'GNOME_SHELL_SESSION_MODE': 'ubuntu', 'GTK_MODULES': 'gail:atk-bridge', 'VSCODE_GIT_ASKPASS_MAIN': '/usr/share/code/resources/app/extensions/git/dist/askpass-main.js', 'LC_MONETARY': 'zh_CN.UTF-8', 'VSCODE_GIT_ASKPASS_NODE': '/usr/share/code/code', 'MANAGERPID': '1966', 'PYDEVD_DISABLE_FILE_VALIDATION': '1', 'SYSTEMD_EXEC_PID': '2131', 'BUNDLED_DEBUGPY_PATH': '/home/jetson/.vscode/extensions/ms-python.debugpy-2025.4.0-linux-arm64/bundled/libs/debugpy', 'DBUS_SESSION_BUS_ADDRESS': 'unix:path=/run/user/1000/bus', 'COLORTERM': 'truecolor', 'GIO_LAUNCHED_DESKTOP_FILE_PID': '2905', 'IM_CONFIG_PHASE': '1', 'ROS_DISTRO': 'humble', 'GTK_IM_MODULE': 'ibus', 'LOGNAME': 'jetson', 'JOURNAL_STREAM': '8:45758', '_': '/usr/bin/colcon', 'ROS_VERSION': '2', 'XDG_SESSION_CLASS': 'user', 'USERNAME': 'jetson', 'TERM': 'xterm-256color', 'GNOME_DESKTOP_SESSION_ID': 'this-is-deprecated', 'ROS_LOCALHOST_ONLY': '0', 'WINDOWPATH': '2', 'PATH': '/home/jetson/.local/bin:/opt/ros/humble/bin:/home/jetson/.local/bin:/usr/local/sbin:/usr/local/bin:/usr/sbin:/usr/bin:/sbin:/bin:/usr/games:/usr/local/games:/snap/bin:/snap/bin:/home/jetson/.vscode/extensions/ms-python.debugpy-2025.4.0-linux-arm64/bundled/scripts/noConfigScripts', 'SESSION_MANAGER': 'local/jetson:@/tmp/.ICE-unix/2106,unix/jetson:/tmp/.ICE-unix/2106', 'INVOCATION_ID': '49cf83d1680a42498de3124714b5818b', 'PAPERSIZE': 'a4', 'XDG_MENU_PREFIX': 'gnome-', 'LC_ADDRESS': 'zh_CN.UTF-8', 'XDG_RUNTIME_DIR': '/run/user/1000', 'GDK_BACKEND': 'x11', 'DISPLAY': ':1', 'VSCODE_DEBUGPY_ADAPTER_ENDPOINTS': '/home/jetson/.vscode/extensions/ms-python.debugpy-2025.4.0-linux-arm64/.noConfigDebugAdapterEndpoints/endpoint-c46c9bfcfeb89042.txt', 'LANG': 'en_US.UTF-8', 'XDG_CURRENT_DESKTOP': 'Unity', 'LC_TELEPHONE': 'zh_CN.UTF-8', 'XMODIFIERS': '@im=ibus', 'XDG_SESSION_DESKTOP': 'ubuntu', 'XAUTHORITY': '/run/user/1000/gdm/Xauthority', 'LS_COLORS': 'rs=0:di=01;34:ln=01;36:mh=00:pi=40;33:so=01;35:do=01;35:bd=40;33;01:cd=40;33;01:or=40;31;01:mi=00:su=37;41:sg=30;43:ca=30;41:tw=30;42:ow=34;42:st=37;44:ex=01;32:*.tar=01;31:*.tgz=01;31:*.arc=01;31:*.arj=01;31:*.taz=01;31:*.lha=01;31:*.lz4=01;31:*.lzh=01;31:*.lzma=01;31:*.tlz=01;31:*.txz=01;31:*.tzo=01;31:*.t7z=01;31:*.zip=01;31:*.z=01;31:*.dz=01;31:*.gz=01;31:*.lrz=01;31:*.lz=01;31:*.lzo=01;31:*.xz=01;31:*.zst=01;31:*.tzst=01;31:*.bz2=01;31:*.bz=01;31:*.tbz=01;31:*.tbz2=01;31:*.tz=01;31:*.deb=01;31:*.rpm=01;31:*.jar=01;31:*.war=01;31:*.ear=01;31:*.sar=01;31:*.rar=01;31:*.alz=01;31:*.ace=01;31:*.zoo=01;31:*.cpio=01;31:*.7z=01;31:*.rz=01;31:*.cab=01;31:*.wim=01;31:*.swm=01;31:*.dwm=01;31:*.esd=01;31:*.jpg=01;35:*.jpeg=01;35:*.mjpg=01;35:*.mjpeg=01;35:*.gif=01;35:*.bmp=01;35:*.pbm=01;35:*.pgm=01;35:*.ppm=01;35:*.tga=01;35:*.xbm=01;35:*.xpm=01;35:*.tif=01;35:*.tiff=01;35:*.png=01;35:*.svg=01;35:*.svgz=01;35:*.mng=01;35:*.pcx=01;35:*.mov=01;35:*.mpg=01;35:*.mpeg=01;35:*.m2v=01;35:*.mkv=01;35:*.webm=01;35:*.webp=01;35:*.ogm=01;35:*.mp4=01;35:*.m4v=01;35:*.mp4v=01;35:*.vob=01;35:*.qt=01;35:*.nuv=01;35:*.wmv=01;35:*.asf=01;35:*.rm=01;35:*.rmvb=01;35:*.flc=01;35:*.avi=01;35:*.fli=01;35:*.flv=01;35:*.gl=01;35:*.dl=01;35:*.xcf=01;35:*.xwd=01;35:*.yuv=01;35:*.cgm=01;35:*.emf=01;35:*.ogv=01;35:*.ogx=01;35:*.aac=00;36:*.au=00;36:*.flac=00;36:*.m4a=00;36:*.mid=00;36:*.midi=00;36:*.mka=00;36:*.mp3=00;36:*.mpc=00;36:*.ogg=00;36:*.ra=00;36:*.wav=00;36:*.oga=00;36:*.opus=00;36:*.spx=00;36:*.xspf=00;36:', 'VSCODE_GIT_IPC_HANDLE': '/run/user/1000/vscode-git-91161eaa61.sock', 'TERM_PROGRAM': 'vscode', 'SSH_AGENT_LAUNCHER': 'gnome-keyring', 'SSH_AUTH_SOCK': '/run/user/1000/keyring/ssh', 'AMENT_PREFIX_PATH': '/home/jetson/Multitask-Drone/install/drone_interfaces:/opt/ros/humble', 'ORIGINAL_XDG_CURRENT_DESKTOP': 'ubuntu:GNOME', 'SHELL': '/bin/bash', 'LC_NAME': 'zh_CN.UTF-8', 'QT_ACCESSIBILITY': '1', 'GDMSESSION': 'ubuntu', 'LESSCLOSE': '/usr/bin/lesspipe %s %s', 'LC_MEASUREMENT': 'zh_CN.UTF-8', 'GPG_AGENT_INFO': '/run/user/1000/gnupg/S.gpg-agent:0:1', 'GJS_DEBUG_OUTPUT': 'stderr', 'LC_IDENTIFICATION': 'zh_CN.UTF-8', 'VSCODE_GIT_ASKPASS_EXTRA_ARGS': '', 'QT_IM_MODULE': 'ibus', 'PWD': '/home/jetson/Multitask-Drone/build/drone_vision', 'LC_ALL': 'en_US.UTF-8', 'XDG_CONFIG_DIRS': '/etc/xdg/xdg-ubuntu:/etc/xdg', 'XDG_DATA_DIRS': '/usr/share/ubuntu:/usr/share/gnome:/usr/local/share/:/usr/share/:/var/lib/snapd/desktop', 'PYTHONPATH': '/home/jetson/Multitask-Drone/build/drone_vision/prefix_override:/usr/lib/python3/dist-packages/colcon_core/task/python/colcon_distutils_commands:/home/jetson/Multitask-Drone/install/drone_vision/lib/python3.10/site-packages:/home/jetson/Multitask-Drone/install/drone_interfaces/local/lib/python3.10/dist-packages:/opt/ros/humble/lib/python3.10/site-packages:/opt/ros/humble/local/lib/python3.10/dist-packages', 'LC_NUMERIC': 'zh_CN.UTF-8', 'LC_PAPER': 'zh_CN.UTF-8', 'COLCON': '1', 'CMAKE_PREFIX_PATH': '/home/jetson/Multitask-Drone/install/drone_interfaces'}, 'shell': False}
[3.720481] (-) TimerEvent: {}
[3.744417] (drone_controller) Command: {'cmd': ['/usr/bin/python3', '-W', 'ignore:setup.py install is deprecated', '-W', 'ignore:easy_install command is deprecated', 'setup.py', 'egg_info', '--egg-base', '../../build/drone_controller', 'build', '--build-base', '/home/jetson/Multitask-Drone/build/drone_controller/build', 'install', '--record', '/home/jetson/Multitask-Drone/build/drone_controller/install.log', '--single-version-externally-managed', 'install_data'], 'cwd': '/home/jetson/Multitask-Drone/src/drone_controller', 'env': {'GJS_DEBUG_TOPICS': 'JS ERROR;JS LOG', 'LESSOPEN': '| /usr/bin/lesspipe %s', 'LANGUAGE': 'en_US:en', 'USER': 'jetson', 'LC_TIME': 'zh_CN.UTF-8', 'XDG_SESSION_TYPE': 'x11', 'GIT_ASKPASS': '/usr/share/code/resources/app/extensions/git/dist/askpass.sh', 'SHLVL': '1', 'LD_LIBRARY_PATH': '/home/jetson/Multitask-Drone/install/drone_interfaces/lib:/opt/ros/humble/opt/rviz_ogre_vendor/lib:/opt/ros/humble/lib/aarch64-linux-gnu:/opt/ros/humble/lib', 'HOME': '/home/jetson', 'CHROME_DESKTOP': 'code.desktop', 'TERM_PROGRAM_VERSION': '1.97.2', 'DESKTOP_SESSION': 'ubuntu', 'GIO_LAUNCHED_DESKTOP_FILE': '/usr/share/applications/code.desktop', 'ROS_PYTHON_VERSION': '3', 'GNOME_SHELL_SESSION_MODE': 'ubuntu', 'GTK_MODULES': 'gail:atk-bridge', 'VSCODE_GIT_ASKPASS_MAIN': '/usr/share/code/resources/app/extensions/git/dist/askpass-main.js', 'LC_MONETARY': 'zh_CN.UTF-8', 'VSCODE_GIT_ASKPASS_NODE': '/usr/share/code/code', 'MANAGERPID': '1966', 'PYDEVD_DISABLE_FILE_VALIDATION': '1', 'SYSTEMD_EXEC_PID': '2131', 'BUNDLED_DEBUGPY_PATH': '/home/jetson/.vscode/extensions/ms-python.debugpy-2025.4.0-linux-arm64/bundled/libs/debugpy', 'DBUS_SESSION_BUS_ADDRESS': 'unix:path=/run/user/1000/bus', 'COLORTERM': 'truecolor', 'GIO_LAUNCHED_DESKTOP_FILE_PID': '2905', 'IM_CONFIG_PHASE': '1', 'ROS_DISTRO': 'humble', 'GTK_IM_MODULE': 'ibus', 'LOGNAME': 'jetson', 'JOURNAL_STREAM': '8:45758', '_': '/usr/bin/colcon', 'ROS_VERSION': '2', 'XDG_SESSION_CLASS': 'user', 'USERNAME': 'jetson', 'TERM': 'xterm-256color', 'GNOME_DESKTOP_SESSION_ID': 'this-is-deprecated', 'ROS_LOCALHOST_ONLY': '0', 'WINDOWPATH': '2', 'PATH': '/home/jetson/.local/bin:/opt/ros/humble/bin:/home/jetson/.local/bin:/usr/local/sbin:/usr/local/bin:/usr/sbin:/usr/bin:/sbin:/bin:/usr/games:/usr/local/games:/snap/bin:/snap/bin:/home/jetson/.vscode/extensions/ms-python.debugpy-2025.4.0-linux-arm64/bundled/scripts/noConfigScripts', 'SESSION_MANAGER': 'local/jetson:@/tmp/.ICE-unix/2106,unix/jetson:/tmp/.ICE-unix/2106', 'INVOCATION_ID': '49cf83d1680a42498de3124714b5818b', 'PAPERSIZE': 'a4', 'XDG_MENU_PREFIX': 'gnome-', 'LC_ADDRESS': 'zh_CN.UTF-8', 'XDG_RUNTIME_DIR': '/run/user/1000', 'GDK_BACKEND': 'x11', 'DISPLAY': ':1', 'VSCODE_DEBUGPY_ADAPTER_ENDPOINTS': '/home/jetson/.vscode/extensions/ms-python.debugpy-2025.4.0-linux-arm64/.noConfigDebugAdapterEndpoints/endpoint-c46c9bfcfeb89042.txt', 'LANG': 'en_US.UTF-8', 'XDG_CURRENT_DESKTOP': 'Unity', 'LC_TELEPHONE': 'zh_CN.UTF-8', 'XMODIFIERS': '@im=ibus', 'XDG_SESSION_DESKTOP': 'ubuntu', 'XAUTHORITY': '/run/user/1000/gdm/Xauthority', 'LS_COLORS': 'rs=0:di=01;34:ln=01;36:mh=00:pi=40;33:so=01;35:do=01;35:bd=40;33;01:cd=40;33;01:or=40;31;01:mi=00:su=37;41:sg=30;43:ca=30;41:tw=30;42:ow=34;42:st=37;44:ex=01;32:*.tar=01;31:*.tgz=01;31:*.arc=01;31:*.arj=01;31:*.taz=01;31:*.lha=01;31:*.lz4=01;31:*.lzh=01;31:*.lzma=01;31:*.tlz=01;31:*.txz=01;31:*.tzo=01;31:*.t7z=01;31:*.zip=01;31:*.z=01;31:*.dz=01;31:*.gz=01;31:*.lrz=01;31:*.lz=01;31:*.lzo=01;31:*.xz=01;31:*.zst=01;31:*.tzst=01;31:*.bz2=01;31:*.bz=01;31:*.tbz=01;31:*.tbz2=01;31:*.tz=01;31:*.deb=01;31:*.rpm=01;31:*.jar=01;31:*.war=01;31:*.ear=01;31:*.sar=01;31:*.rar=01;31:*.alz=01;31:*.ace=01;31:*.zoo=01;31:*.cpio=01;31:*.7z=01;31:*.rz=01;31:*.cab=01;31:*.wim=01;31:*.swm=01;31:*.dwm=01;31:*.esd=01;31:*.jpg=01;35:*.jpeg=01;35:*.mjpg=01;35:*.mjpeg=01;35:*.gif=01;35:*.bmp=01;35:*.pbm=01;35:*.pgm=01;35:*.ppm=01;35:*.tga=01;35:*.xbm=01;35:*.xpm=01;35:*.tif=01;35:*.tiff=01;35:*.png=01;35:*.svg=01;35:*.svgz=01;35:*.mng=01;35:*.pcx=01;35:*.mov=01;35:*.mpg=01;35:*.mpeg=01;35:*.m2v=01;35:*.mkv=01;35:*.webm=01;35:*.webp=01;35:*.ogm=01;35:*.mp4=01;35:*.m4v=01;35:*.mp4v=01;35:*.vob=01;35:*.qt=01;35:*.nuv=01;35:*.wmv=01;35:*.asf=01;35:*.rm=01;35:*.rmvb=01;35:*.flc=01;35:*.avi=01;35:*.fli=01;35:*.flv=01;35:*.gl=01;35:*.dl=01;35:*.xcf=01;35:*.xwd=01;35:*.yuv=01;35:*.cgm=01;35:*.emf=01;35:*.ogv=01;35:*.ogx=01;35:*.aac=00;36:*.au=00;36:*.flac=00;36:*.m4a=00;36:*.mid=00;36:*.midi=00;36:*.mka=00;36:*.mp3=00;36:*.mpc=00;36:*.ogg=00;36:*.ra=00;36:*.wav=00;36:*.oga=00;36:*.opus=00;36:*.spx=00;36:*.xspf=00;36:', 'VSCODE_GIT_IPC_HANDLE': '/run/user/1000/vscode-git-91161eaa61.sock', 'TERM_PROGRAM': 'vscode', 'SSH_AGENT_LAUNCHER': 'gnome-keyring', 'SSH_AUTH_SOCK': '/run/user/1000/keyring/ssh', 'AMENT_PREFIX_PATH': '/home/jetson/Multitask-Drone/install/drone_interfaces:/opt/ros/humble', 'ORIGINAL_XDG_CURRENT_DESKTOP': 'ubuntu:GNOME', 'SHELL': '/bin/bash', 'LC_NAME': 'zh_CN.UTF-8', 'QT_ACCESSIBILITY': '1', 'GDMSESSION': 'ubuntu', 'LESSCLOSE': '/usr/bin/lesspipe %s %s', 'LC_MEASUREMENT': 'zh_CN.UTF-8', 'GPG_AGENT_INFO': '/run/user/1000/gnupg/S.gpg-agent:0:1', 'GJS_DEBUG_OUTPUT': 'stderr', 'LC_IDENTIFICATION': 'zh_CN.UTF-8', 'VSCODE_GIT_ASKPASS_EXTRA_ARGS': '', 'QT_IM_MODULE': 'ibus', 'PWD': '/home/jetson/Multitask-Drone/build/drone_controller', 'LC_ALL': 'en_US.UTF-8', 'XDG_CONFIG_DIRS': '/etc/xdg/xdg-ubuntu:/etc/xdg', 'XDG_DATA_DIRS': '/usr/share/ubuntu:/usr/share/gnome:/usr/local/share/:/usr/share/:/var/lib/snapd/desktop', 'PYTHONPATH': '/home/jetson/Multitask-Drone/build/drone_controller/prefix_override:/usr/lib/python3/dist-packages/colcon_core/task/python/colcon_distutils_commands:/home/jetson/Multitask-Drone/install/drone_controller/lib/python3.10/site-packages:/home/jetson/Multitask-Drone/install/drone_interfaces/local/lib/python3.10/dist-packages:/opt/ros/humble/lib/python3.10/site-packages:/opt/ros/humble/local/lib/python3.10/dist-packages', 'LC_NUMERIC': 'zh_CN.UTF-8', 'LC_PAPER': 'zh_CN.UTF-8', 'COLCON': '1', 'CMAKE_PREFIX_PATH': '/home/jetson/Multitask-Drone/install/drone_interfaces'}, 'shell': False}
[3.820694] (-) TimerEvent: {}
[3.921320] (-) TimerEvent: {}
[4.021902] (-) TimerEvent: {}
[4.122488] (-) TimerEvent: {}
[4.209293] (drone_vision) StdoutLine: {'line': b'running egg_info\n'}
[4.210101] (drone_vision) StdoutLine: {'line': b'writing ../../build/drone_vision/drone_vision.egg-info/PKG-INFO\n'}
[4.210611] (drone_vision) StdoutLine: {'line': b'writing dependency_links to ../../build/drone_vision/drone_vision.egg-info/dependency_links.txt\n'}
[4.210906] (drone_vision) StdoutLine: {'line': b'writing entry points to ../../build/drone_vision/drone_vision.egg-info/entry_points.txt\n'}
[4.211162] (drone_vision) StdoutLine: {'line': b'writing requirements to ../../build/drone_vision/drone_vision.egg-info/requires.txt\n'}
[4.211558] (drone_vision) StdoutLine: {'line': b'writing top-level names to ../../build/drone_vision/drone_vision.egg-info/top_level.txt\n'}
[4.214902] (drone_vision) StdoutLine: {'line': b"reading manifest file '../../build/drone_vision/drone_vision.egg-info/SOURCES.txt'\n"}
[4.215399] (drone_vision) StdoutLine: {'line': b"adding license file 'LICENSE'\n"}
[4.216183] (drone_vision) StdoutLine: {'line': b"writing manifest file '../../build/drone_vision/drone_vision.egg-info/SOURCES.txt'\n"}
[4.216486] (drone_vision) StdoutLine: {'line': b'running build\n'}
[4.216607] (drone_vision) StdoutLine: {'line': b'running build_py\n'}
[4.217518] (drone_vision) StdoutLine: {'line': b'running install\n'}
[4.218040] (drone_vision) StdoutLine: {'line': b'running install_lib\n'}
[4.220215] (drone_vision) StdoutLine: {'line': b'running install_data\n'}
[4.220483] (drone_vision) StdoutLine: {'line': b'running install_egg_info\n'}
[4.222542] (-) TimerEvent: {}
[4.223516] (drone_vision) StdoutLine: {'line': b"removing '/home/jetson/Multitask-Drone/install/drone_vision/lib/python3.10/site-packages/drone_vision-0.0.0-py3.10.egg-info' (and everything under it)\n"}
[4.224134] (drone_vision) StdoutLine: {'line': b'Copying ../../build/drone_vision/drone_vision.egg-info to /home/jetson/Multitask-Drone/install/drone_vision/lib/python3.10/site-packages/drone_vision-0.0.0-py3.10.egg-info\n'}
[4.225717] (drone_vision) StdoutLine: {'line': b'running install_scripts\n'}
[4.260239] (drone_vision) StdoutLine: {'line': b'Installing object_detector script to /home/jetson/Multitask-Drone/install/drone_vision/lib/drone_vision\n'}
[4.261312] (drone_vision) StdoutLine: {'line': b"writing list of installed files to '/home/jetson/Multitask-Drone/build/drone_vision/install.log'\n"}
[4.268626] (drone_controller) StdoutLine: {'line': b'running egg_info\n'}
[4.270234] (drone_controller) StdoutLine: {'line': b'writing ../../build/drone_controller/drone_controller.egg-info/PKG-INFO\n'}
[4.270865] (drone_controller) StdoutLine: {'line': b'writing dependency_links to ../../build/drone_controller/drone_controller.egg-info/dependency_links.txt\n'}
[4.271287] (drone_controller) StdoutLine: {'line': b'writing entry points to ../../build/drone_controller/drone_controller.egg-info/entry_points.txt\n'}
[4.271589] (drone_controller) StdoutLine: {'line': b'writing requirements to ../../build/drone_controller/drone_controller.egg-info/requires.txt\n'}
[4.271840] (drone_controller) StdoutLine: {'line': b'writing top-level names to ../../build/drone_controller/drone_controller.egg-info/top_level.txt\n'}
[4.276359] (drone_controller) StdoutLine: {'line': b"reading manifest file '../../build/drone_controller/drone_controller.egg-info/SOURCES.txt'\n"}
[4.276860] (drone_controller) StdoutLine: {'line': b"adding license file 'LICENSE'\n"}
[4.277927] (drone_controller) StdoutLine: {'line': b"writing manifest file '../../build/drone_controller/drone_controller.egg-info/SOURCES.txt'\n"}
[4.278199] (drone_controller) StdoutLine: {'line': b'running build\n'}
[4.278396] (drone_controller) StdoutLine: {'line': b'running build_py\n'}
[4.278943] (drone_controller) StdoutLine: {'line': b'copying drone_controller/drone_controller.py -> /home/jetson/Multitask-Drone/build/drone_controller/build/lib/drone_controller\n'}
[4.281050] (drone_controller) StdoutLine: {'line': b'running install\n'}
[4.281691] (drone_controller) StdoutLine: {'line': b'running install_lib\n'}
[4.283336] (drone_controller) StdoutLine: {'line': b'copying /home/jetson/Multitask-Drone/build/drone_controller/build/lib/drone_controller/drone_controller.py -> /home/jetson/Multitask-Drone/install/drone_controller/lib/python3.10/site-packages/drone_controller\n'}
[4.285309] (drone_controller) StdoutLine: {'line': b'byte-compiling /home/jetson/Multitask-Drone/install/drone_controller/lib/python3.10/site-packages/drone_controller/drone_controller.py to drone_controller.cpython-310.pyc\n'}
[4.288785] (drone_controller) StdoutLine: {'line': b'running install_data\n'}
[4.289284] (drone_controller) StdoutLine: {'line': b'running install_egg_info\n'}
[4.292784] (drone_controller) StdoutLine: {'line': b"removing '/home/jetson/Multitask-Drone/install/drone_controller/lib/python3.10/site-packages/drone_controller-0.0.0-py3.10.egg-info' (and everything under it)\n"}
[4.293419] (drone_controller) StdoutLine: {'line': b'Copying ../../build/drone_controller/drone_controller.egg-info to /home/jetson/Multitask-Drone/install/drone_controller/lib/python3.10/site-packages/drone_controller-0.0.0-py3.10.egg-info\n'}
[4.295043] (drone_controller) StdoutLine: {'line': b'running install_scripts\n'}
[4.322746] (-) TimerEvent: {}
[4.332804] (drone_controller) StdoutLine: {'line': b'Installing drone_controller script to /home/jetson/Multitask-Drone/install/drone_controller/lib/drone_controller\n'}
[4.335432] (drone_vision) CommandEnded: {'returncode': 0}
[4.340824] (drone_controller) StdoutLine: {'line': b'Installing task_executor script to /home/jetson/Multitask-Drone/install/drone_controller/lib/drone_controller\n'}
[4.341317] (drone_controller) StdoutLine: {'line': b'Installing waypoint_handler script to /home/jetson/Multitask-Drone/install/drone_controller/lib/drone_controller\n'}
[4.341612] (drone_controller) StdoutLine: {'line': b'Installing yiku_test script to /home/jetson/Multitask-Drone/install/drone_controller/lib/drone_controller\n'}
[4.341881] (drone_controller) StdoutLine: {'line': b"writing list of installed files to '/home/jetson/Multitask-Drone/build/drone_controller/install.log'\n"}
[4.367966] (drone_vision) JobEnded: {'identifier': 'drone_vision', 'rc': 0}
[4.409115] (drone_controller) CommandEnded: {'returncode': 0}
[4.423014] (-) TimerEvent: {}
[4.429421] (drone_controller) JobEnded: {'identifier': 'drone_controller', 'rc': 0}
[4.431667] (-) EventReactorShutdown: {}
