[0.000000] (-) TimerEvent: {}
[0.000909] (drone_interfaces) JobQueued: {'identifier': 'drone_interfaces', 'dependencies': OrderedDict()}
[0.001133] (drone_monitor) JobQueued: {'identifier': 'drone_monitor', 'dependencies': OrderedDict()}
[0.001268] (drone_controller) JobQueued: {'identifier': 'drone_controller', 'dependencies': OrderedDict([('drone_interfaces', '/home/orangepi/Multitask-Drone/install/drone_interfaces')])}
[0.001466] (drone_vision) JobQueued: {'identifier': 'drone_vision', 'dependencies': OrderedDict([('drone_interfaces', '/home/orangepi/Multitask-Drone/install/drone_interfaces')])}
[0.001602] (drone_interfaces) JobStarted: {'identifier': 'drone_interfaces'}
[0.010287] (drone_monitor) JobStarted: {'identifier': 'drone_monitor'}
[0.039066] (drone_interfaces) JobProgress: {'identifier': 'drone_interfaces', 'progress': 'cmake'}
[0.040756] (drone_interfaces) JobProgress: {'identifier': 'drone_interfaces', 'progress': 'build'}
[0.042855] (drone_interfaces) Command: {'cmd': ['/usr/bin/cmake', '--build', '/home/orangepi/Multitask-Drone/build/drone_interfaces', '--', '-j8', '-l8'], 'cwd': '/home/orangepi/Multitask-Drone/build/drone_interfaces', 'env': OrderedDict([('LESSOPEN', '| /usr/bin/lesspipe %s'), ('UMS_MOUNTPOINT', '/mnt/ums'), ('GST_V4L2_PREFERRED_FOURCC', 'NV12:YU12:NV16:YUY2'), ('LANGUAGE', 'en_US.UTF-8'), ('USER', 'orangepi'), ('SSH_CLIENT', '192.168.137.1 27009 22'), ('XDG_SESSION_TYPE', 'tty'), ('GIT_ASKPASS', '/home/orangepi/.vscode-server/cli/servers/Stable-fabdb6a30b49f79a7aba0f2ad9df9b399473380f/server/extensions/git/dist/askpass.sh'), ('SHLVL', '2'), ('USB_FUNCS', 'adb'), ('LD_LIBRARY_PATH', '/opt/ros/humble/opt/rviz_ogre_vendor/lib:/opt/ros/humble/lib/aarch64-linux-gnu:/opt/ros/humble/lib'), ('BROWSER', '/home/orangepi/.vscode-server/cli/servers/Stable-fabdb6a30b49f79a7aba0f2ad9df9b399473380f/server/bin/helpers/browser.sh'), ('MOTD_SHOWN', 'pam'), ('HOME', '/home/orangepi'), ('OLDPWD', '/home/orangepi'), ('TERM_PROGRAM_VERSION', '1.96.2'), ('VSCODE_IPC_HOOK_CLI', '/run/user/1000/vscode-ipc-3ad536e0-12ba-46d1-8bbf-c7b85e32e074.sock'), ('GST_INSPECT_NO_COLORS', '1'), ('GST_MPP_NO_RGA', '1'), ('ROS_PYTHON_VERSION', '3'), ('COGL_DRIVER', 'gles2'), ('VSCODE_GIT_ASKPASS_MAIN', '/home/orangepi/.vscode-server/cli/servers/Stable-fabdb6a30b49f79a7aba0f2ad9df9b399473380f/server/extensions/git/dist/askpass-main.js'), ('VSCODE_GIT_ASKPASS_NODE', '/home/orangepi/.vscode-server/cli/servers/Stable-fabdb6a30b49f79a7aba0f2ad9df9b399473380f/server/node'), ('SSL_CERT_FILE', '/usr/lib/ssl/certs/ca-certificates.crt'), ('DBUS_SESSION_BUS_ADDRESS', 'unix:path=/run/user/1000/bus'), ('COLORTERM', 'truecolor'), ('GST_V4L2SRC_MAX_RESOLUTION', '3840x2160'), ('ROS_DISTRO', 'humble'), ('LOGNAME', 'orangepi'), ('_', '/usr/bin/colcon'), ('ROS_VERSION', '2'), ('XDG_SESSION_CLASS', 'user'), ('TERM', 'xterm-256color'), ('GST_GL_API', 'gles2'), ('XDG_SESSION_ID', '5'), ('GST_VIDEO_CONVERT_PREFERRED_FORMAT', 'NV12:NV16:I420:YUY2'), ('GST_V4L2SRC_RK_DEVICES', '_mainpath:_selfpath:_bypass:_scale'), ('ROS_LOCALHOST_ONLY', '0'), ('PATH', '/home/orangepi/.vscode-server/cli/servers/Stable-fabdb6a30b49f79a7aba0f2ad9df9b399473380f/server/bin/remote-cli:/home/orangepi/.local/bin:/opt/ros/humble/bin:/usr/local/sbin:/usr/local/bin:/usr/sbin:/usr/bin:/sbin:/bin:/usr/games:/usr/local/games:/snap/bin'), ('XDG_RUNTIME_DIR', '/run/user/1000'), ('GST_GL_PLATFORM', 'egl'), ('GST_DEBUG_NO_COLOR', '1'), ('SSL_CERT_DIR', '/usr/lib/ssl/certs'), ('GST_V4L2SRC_DEFAULT_DEVICE', '/dev/video-camera0'), ('DISPLAY', ':0'), ('LANG', 'en_US.UTF-8'), ('LS_COLORS', 'rs=0:di=01;34:ln=01;36:mh=00:pi=40;33:so=01;35:do=01;35:bd=40;33;01:cd=40;33;01:or=40;31;01:mi=00:su=37;41:sg=30;43:ca=30;41:tw=30;42:ow=34;42:st=37;44:ex=01;32:*.tar=01;31:*.tgz=01;31:*.arc=01;31:*.arj=01;31:*.taz=01;31:*.lha=01;31:*.lz4=01;31:*.lzh=01;31:*.lzma=01;31:*.tlz=01;31:*.txz=01;31:*.tzo=01;31:*.t7z=01;31:*.zip=01;31:*.z=01;31:*.dz=01;31:*.gz=01;31:*.lrz=01;31:*.lz=01;31:*.lzo=01;31:*.xz=01;31:*.zst=01;31:*.tzst=01;31:*.bz2=01;31:*.bz=01;31:*.tbz=01;31:*.tbz2=01;31:*.tz=01;31:*.deb=01;31:*.rpm=01;31:*.jar=01;31:*.war=01;31:*.ear=01;31:*.sar=01;31:*.rar=01;31:*.alz=01;31:*.ace=01;31:*.zoo=01;31:*.cpio=01;31:*.7z=01;31:*.rz=01;31:*.cab=01;31:*.wim=01;31:*.swm=01;31:*.dwm=01;31:*.esd=01;31:*.jpg=01;35:*.jpeg=01;35:*.mjpg=01;35:*.mjpeg=01;35:*.gif=01;35:*.bmp=01;35:*.pbm=01;35:*.pgm=01;35:*.ppm=01;35:*.tga=01;35:*.xbm=01;35:*.xpm=01;35:*.tif=01;35:*.tiff=01;35:*.png=01;35:*.svg=01;35:*.svgz=01;35:*.mng=01;35:*.pcx=01;35:*.mov=01;35:*.mpg=01;35:*.mpeg=01;35:*.m2v=01;35:*.mkv=01;35:*.webm=01;35:*.webp=01;35:*.ogm=01;35:*.mp4=01;35:*.m4v=01;35:*.mp4v=01;35:*.vob=01;35:*.qt=01;35:*.nuv=01;35:*.wmv=01;35:*.asf=01;35:*.rm=01;35:*.rmvb=01;35:*.flc=01;35:*.avi=01;35:*.fli=01;35:*.flv=01;35:*.gl=01;35:*.dl=01;35:*.xcf=01;35:*.xwd=01;35:*.yuv=01;35:*.cgm=01;35:*.emf=01;35:*.ogv=01;35:*.ogx=01;35:*.aac=00;36:*.au=00;36:*.flac=00;36:*.m4a=00;36:*.mid=00;36:*.midi=00;36:*.mka=00;36:*.mp3=00;36:*.mpc=00;36:*.ogg=00;36:*.ra=00;36:*.wav=00;36:*.oga=00;36:*.opus=00;36:*.spx=00;36:*.xspf=00;36:'), ('VSCODE_GIT_IPC_HANDLE', '/run/user/1000/vscode-git-d88bdced48.sock'), ('TERM_PROGRAM', 'vscode'), ('GST_V4L2_USE_LIBV4L2', '1'), ('UMS_SIZE', '256M'), ('AMENT_PREFIX_PATH', '/opt/ros/humble'), ('LC_MESSAGES', 'en_US.UTF-8'), ('SHELL', '/bin/bash'), ('UMS_RO', '0'), ('LESSCLOSE', '/usr/bin/lesspipe %s %s'), ('UMS_FSTYPE', 'vfat'), ('VSCODE_GIT_ASKPASS_EXTRA_ARGS', ''), ('PWD', '/home/orangepi/Multitask-Drone/build/drone_interfaces'), ('LC_ALL', 'en_US.UTF-8'), ('SSH_CONNECTION', '192.168.137.1 27009 192.168.137.2 22'), ('PYTHONPATH', '/opt/ros/humble/lib/python3.10/site-packages:/opt/ros/humble/local/lib/python3.10/dist-packages'), ('UMS_MOUNT', '0'), ('COLCON', '1'), ('UMS_FILE', '/userdata/ums_shared.img'), ('CMAKE_PREFIX_PATH', '/opt/ros/humble')]), 'shell': False}
[0.098303] (-) TimerEvent: {}
[0.199712] (-) TimerEvent: {}
[0.241632] (drone_interfaces) StdoutLine: {'line': b'[  0%] Built target ament_cmake_python_copy_drone_interfaces\n'}
[0.261662] (drone_interfaces) StdoutLine: {'line': b'[  1%] Built target drone_interfaces__cpp\n'}
[0.277667] (drone_interfaces) StdoutLine: {'line': b'[ 12%] Built target drone_interfaces__rosidl_generator_c\n'}
[0.299878] (-) TimerEvent: {}
[0.318074] (drone_interfaces) StdoutLine: {'line': b'[ 24%] Built target drone_interfaces__rosidl_typesupport_cpp\n'}
[0.335849] (drone_interfaces) StdoutLine: {'line': b'[ 35%] Built target drone_interfaces__rosidl_typesupport_introspection_c\n'}
[0.362941] (drone_interfaces) StdoutLine: {'line': b'[ 47%] Built target drone_interfaces__rosidl_typesupport_c\n'}
[0.382418] (drone_interfaces) StdoutLine: {'line': b'[ 70%] Built target drone_interfaces__rosidl_typesupport_introspection_cpp\n'}
[0.382756] (drone_interfaces) StdoutLine: {'line': b'[ 70%] Built target drone_interfaces__rosidl_typesupport_fastrtps_cpp\n'}
[0.387126] (drone_interfaces) StdoutLine: {'line': b'[ 82%] Built target drone_interfaces__rosidl_typesupport_fastrtps_c\n'}
[0.400092] (-) TimerEvent: {}
[0.457750] (drone_interfaces) StdoutLine: {'line': b'[ 82%] Built target drone_interfaces\n'}
[0.500260] (-) TimerEvent: {}
[0.543402] (drone_interfaces) StdoutLine: {'line': b'[ 83%] Built target drone_interfaces__py\n'}
[0.600680] (-) TimerEvent: {}
[0.613130] (drone_interfaces) StdoutLine: {'line': b'running egg_info\n'}
[0.614906] (drone_interfaces) StdoutLine: {'line': b'writing drone_interfaces.egg-info/PKG-INFO\n'}
[0.615906] (drone_interfaces) StdoutLine: {'line': b'writing dependency_links to drone_interfaces.egg-info/dependency_links.txt\n'}
[0.616715] (drone_interfaces) StdoutLine: {'line': b'writing top-level names to drone_interfaces.egg-info/top_level.txt\n'}
[0.621026] (drone_interfaces) StdoutLine: {'line': b"reading manifest file 'drone_interfaces.egg-info/SOURCES.txt'\n"}
[0.622157] (drone_interfaces) StdoutLine: {'line': b"writing manifest file 'drone_interfaces.egg-info/SOURCES.txt'\n"}
[0.659286] (drone_interfaces) StdoutLine: {'line': b'[ 93%] Built target drone_interfaces__rosidl_generator_py\n'}
[0.701043] (-) TimerEvent: {}
[0.732576] (drone_interfaces) StdoutLine: {'line': b'[ 95%] Built target drone_interfaces__rosidl_typesupport_c__pyext\n'}
[0.738012] (drone_interfaces) StdoutLine: {'line': b'[ 95%] Built target ament_cmake_python_build_drone_interfaces_egg\n'}
[0.755406] (drone_interfaces) StdoutLine: {'line': b'[100%] Built target drone_interfaces__rosidl_typesupport_introspection_c__pyext\n'}
[0.756304] (drone_interfaces) StdoutLine: {'line': b'[100%] Built target drone_interfaces__rosidl_typesupport_fastrtps_c__pyext\n'}
[0.801203] (-) TimerEvent: {}
[0.803839] (drone_interfaces) CommandEnded: {'returncode': 0}
[0.805771] (drone_interfaces) JobProgress: {'identifier': 'drone_interfaces', 'progress': 'install'}
[0.842592] (drone_interfaces) Command: {'cmd': ['/usr/bin/cmake', '--install', '/home/orangepi/Multitask-Drone/build/drone_interfaces'], 'cwd': '/home/orangepi/Multitask-Drone/build/drone_interfaces', 'env': OrderedDict([('LESSOPEN', '| /usr/bin/lesspipe %s'), ('UMS_MOUNTPOINT', '/mnt/ums'), ('GST_V4L2_PREFERRED_FOURCC', 'NV12:YU12:NV16:YUY2'), ('LANGUAGE', 'en_US.UTF-8'), ('USER', 'orangepi'), ('SSH_CLIENT', '192.168.137.1 27009 22'), ('XDG_SESSION_TYPE', 'tty'), ('GIT_ASKPASS', '/home/orangepi/.vscode-server/cli/servers/Stable-fabdb6a30b49f79a7aba0f2ad9df9b399473380f/server/extensions/git/dist/askpass.sh'), ('SHLVL', '2'), ('USB_FUNCS', 'adb'), ('LD_LIBRARY_PATH', '/opt/ros/humble/opt/rviz_ogre_vendor/lib:/opt/ros/humble/lib/aarch64-linux-gnu:/opt/ros/humble/lib'), ('BROWSER', '/home/orangepi/.vscode-server/cli/servers/Stable-fabdb6a30b49f79a7aba0f2ad9df9b399473380f/server/bin/helpers/browser.sh'), ('MOTD_SHOWN', 'pam'), ('HOME', '/home/orangepi'), ('OLDPWD', '/home/orangepi'), ('TERM_PROGRAM_VERSION', '1.96.2'), ('VSCODE_IPC_HOOK_CLI', '/run/user/1000/vscode-ipc-3ad536e0-12ba-46d1-8bbf-c7b85e32e074.sock'), ('GST_INSPECT_NO_COLORS', '1'), ('GST_MPP_NO_RGA', '1'), ('ROS_PYTHON_VERSION', '3'), ('COGL_DRIVER', 'gles2'), ('VSCODE_GIT_ASKPASS_MAIN', '/home/orangepi/.vscode-server/cli/servers/Stable-fabdb6a30b49f79a7aba0f2ad9df9b399473380f/server/extensions/git/dist/askpass-main.js'), ('VSCODE_GIT_ASKPASS_NODE', '/home/orangepi/.vscode-server/cli/servers/Stable-fabdb6a30b49f79a7aba0f2ad9df9b399473380f/server/node'), ('SSL_CERT_FILE', '/usr/lib/ssl/certs/ca-certificates.crt'), ('DBUS_SESSION_BUS_ADDRESS', 'unix:path=/run/user/1000/bus'), ('COLORTERM', 'truecolor'), ('GST_V4L2SRC_MAX_RESOLUTION', '3840x2160'), ('ROS_DISTRO', 'humble'), ('LOGNAME', 'orangepi'), ('_', '/usr/bin/colcon'), ('ROS_VERSION', '2'), ('XDG_SESSION_CLASS', 'user'), ('TERM', 'xterm-256color'), ('GST_GL_API', 'gles2'), ('XDG_SESSION_ID', '5'), ('GST_VIDEO_CONVERT_PREFERRED_FORMAT', 'NV12:NV16:I420:YUY2'), ('GST_V4L2SRC_RK_DEVICES', '_mainpath:_selfpath:_bypass:_scale'), ('ROS_LOCALHOST_ONLY', '0'), ('PATH', '/home/orangepi/.vscode-server/cli/servers/Stable-fabdb6a30b49f79a7aba0f2ad9df9b399473380f/server/bin/remote-cli:/home/orangepi/.local/bin:/opt/ros/humble/bin:/usr/local/sbin:/usr/local/bin:/usr/sbin:/usr/bin:/sbin:/bin:/usr/games:/usr/local/games:/snap/bin'), ('XDG_RUNTIME_DIR', '/run/user/1000'), ('GST_GL_PLATFORM', 'egl'), ('GST_DEBUG_NO_COLOR', '1'), ('SSL_CERT_DIR', '/usr/lib/ssl/certs'), ('GST_V4L2SRC_DEFAULT_DEVICE', '/dev/video-camera0'), ('DISPLAY', ':0'), ('LANG', 'en_US.UTF-8'), ('LS_COLORS', 'rs=0:di=01;34:ln=01;36:mh=00:pi=40;33:so=01;35:do=01;35:bd=40;33;01:cd=40;33;01:or=40;31;01:mi=00:su=37;41:sg=30;43:ca=30;41:tw=30;42:ow=34;42:st=37;44:ex=01;32:*.tar=01;31:*.tgz=01;31:*.arc=01;31:*.arj=01;31:*.taz=01;31:*.lha=01;31:*.lz4=01;31:*.lzh=01;31:*.lzma=01;31:*.tlz=01;31:*.txz=01;31:*.tzo=01;31:*.t7z=01;31:*.zip=01;31:*.z=01;31:*.dz=01;31:*.gz=01;31:*.lrz=01;31:*.lz=01;31:*.lzo=01;31:*.xz=01;31:*.zst=01;31:*.tzst=01;31:*.bz2=01;31:*.bz=01;31:*.tbz=01;31:*.tbz2=01;31:*.tz=01;31:*.deb=01;31:*.rpm=01;31:*.jar=01;31:*.war=01;31:*.ear=01;31:*.sar=01;31:*.rar=01;31:*.alz=01;31:*.ace=01;31:*.zoo=01;31:*.cpio=01;31:*.7z=01;31:*.rz=01;31:*.cab=01;31:*.wim=01;31:*.swm=01;31:*.dwm=01;31:*.esd=01;31:*.jpg=01;35:*.jpeg=01;35:*.mjpg=01;35:*.mjpeg=01;35:*.gif=01;35:*.bmp=01;35:*.pbm=01;35:*.pgm=01;35:*.ppm=01;35:*.tga=01;35:*.xbm=01;35:*.xpm=01;35:*.tif=01;35:*.tiff=01;35:*.png=01;35:*.svg=01;35:*.svgz=01;35:*.mng=01;35:*.pcx=01;35:*.mov=01;35:*.mpg=01;35:*.mpeg=01;35:*.m2v=01;35:*.mkv=01;35:*.webm=01;35:*.webp=01;35:*.ogm=01;35:*.mp4=01;35:*.m4v=01;35:*.mp4v=01;35:*.vob=01;35:*.qt=01;35:*.nuv=01;35:*.wmv=01;35:*.asf=01;35:*.rm=01;35:*.rmvb=01;35:*.flc=01;35:*.avi=01;35:*.fli=01;35:*.flv=01;35:*.gl=01;35:*.dl=01;35:*.xcf=01;35:*.xwd=01;35:*.yuv=01;35:*.cgm=01;35:*.emf=01;35:*.ogv=01;35:*.ogx=01;35:*.aac=00;36:*.au=00;36:*.flac=00;36:*.m4a=00;36:*.mid=00;36:*.midi=00;36:*.mka=00;36:*.mp3=00;36:*.mpc=00;36:*.ogg=00;36:*.ra=00;36:*.wav=00;36:*.oga=00;36:*.opus=00;36:*.spx=00;36:*.xspf=00;36:'), ('VSCODE_GIT_IPC_HANDLE', '/run/user/1000/vscode-git-d88bdced48.sock'), ('TERM_PROGRAM', 'vscode'), ('GST_V4L2_USE_LIBV4L2', '1'), ('UMS_SIZE', '256M'), ('AMENT_PREFIX_PATH', '/opt/ros/humble'), ('LC_MESSAGES', 'en_US.UTF-8'), ('SHELL', '/bin/bash'), ('UMS_RO', '0'), ('LESSCLOSE', '/usr/bin/lesspipe %s %s'), ('UMS_FSTYPE', 'vfat'), ('VSCODE_GIT_ASKPASS_EXTRA_ARGS', ''), ('PWD', '/home/orangepi/Multitask-Drone/build/drone_interfaces'), ('LC_ALL', 'en_US.UTF-8'), ('SSH_CONNECTION', '192.168.137.1 27009 192.168.137.2 22'), ('PYTHONPATH', '/opt/ros/humble/lib/python3.10/site-packages:/opt/ros/humble/local/lib/python3.10/dist-packages'), ('UMS_MOUNT', '0'), ('COLCON', '1'), ('UMS_FILE', '/userdata/ums_shared.img'), ('CMAKE_PREFIX_PATH', '/opt/ros/humble')]), 'shell': False}
[0.871186] (drone_interfaces) StdoutLine: {'line': b'-- Install configuration: ""\n'}
[0.873546] (drone_interfaces) StdoutLine: {'line': b'-- Up-to-date: /home/orangepi/Multitask-Drone/install/drone_interfaces/share/ament_index/resource_index/rosidl_interfaces/drone_interfaces\n'}
[0.874776] (drone_interfaces) StdoutLine: {'line': b'-- Up-to-date: /home/orangepi/Multitask-Drone/install/drone_interfaces/include/drone_interfaces/drone_interfaces\n'}
[0.875881] (drone_interfaces) StdoutLine: {'line': b'-- Up-to-date: /home/orangepi/Multitask-Drone/install/drone_interfaces/include/drone_interfaces/drone_interfaces/srv\n'}
[0.877701] (drone_interfaces) StdoutLine: {'line': b'-- Up-to-date: /home/orangepi/Multitask-Drone/install/drone_interfaces/include/drone_interfaces/drone_interfaces/srv/yolo_request.h\n'}
[0.879442] (drone_interfaces) StdoutLine: {'line': b'-- Up-to-date: /home/orangepi/Multitask-Drone/install/drone_interfaces/include/drone_interfaces/drone_interfaces/srv/detail\n'}
[0.881484] (drone_interfaces) StdoutLine: {'line': b'-- Up-to-date: /home/orangepi/Multitask-Drone/install/drone_interfaces/include/drone_interfaces/drone_interfaces/srv/detail/task_dispatch__functions.c\n'}
[0.882711] (drone_interfaces) StdoutLine: {'line': b'-- Up-to-date: /home/orangepi/Multitask-Drone/install/drone_interfaces/include/drone_interfaces/drone_interfaces/srv/detail/yolo_request__functions.c\n'}
[0.883260] (drone_interfaces) StdoutLine: {'line': b'-- Up-to-date: /home/orangepi/Multitask-Drone/install/drone_interfaces/include/drone_interfaces/drone_interfaces/srv/detail/yolo_request__type_support.h\n'}
[0.883731] (drone_interfaces) StdoutLine: {'line': b'-- Up-to-date: /home/orangepi/Multitask-Drone/install/drone_interfaces/include/drone_interfaces/drone_interfaces/srv/detail/task_push__functions.c\n'}
[0.884167] (drone_interfaces) StdoutLine: {'line': b'-- Up-to-date: /home/orangepi/Multitask-Drone/install/drone_interfaces/include/drone_interfaces/drone_interfaces/srv/detail/task_push__struct.h\n'}
[0.884585] (drone_interfaces) StdoutLine: {'line': b'-- Up-to-date: /home/orangepi/Multitask-Drone/install/drone_interfaces/include/drone_interfaces/drone_interfaces/srv/detail/task_dispatch__struct.h\n'}
[0.884986] (drone_interfaces) StdoutLine: {'line': b'-- Up-to-date: /home/orangepi/Multitask-Drone/install/drone_interfaces/include/drone_interfaces/drone_interfaces/srv/detail/task_push__functions.h\n'}
[0.885412] (drone_interfaces) StdoutLine: {'line': b'-- Up-to-date: /home/orangepi/Multitask-Drone/install/drone_interfaces/include/drone_interfaces/drone_interfaces/srv/detail/yolo_request__functions.h\n'}
[0.885904] (drone_interfaces) StdoutLine: {'line': b'-- Up-to-date: /home/orangepi/Multitask-Drone/install/drone_interfaces/include/drone_interfaces/drone_interfaces/srv/detail/task_dispatch__type_support.h\n'}
[0.886288] (drone_interfaces) StdoutLine: {'line': b'-- Up-to-date: /home/orangepi/Multitask-Drone/install/drone_interfaces/include/drone_interfaces/drone_interfaces/srv/detail/task_dispatch__functions.h\n'}
[0.886667] (drone_interfaces) StdoutLine: {'line': b'-- Up-to-date: /home/orangepi/Multitask-Drone/install/drone_interfaces/include/drone_interfaces/drone_interfaces/srv/detail/yolo_request__struct.h\n'}
[0.887049] (drone_interfaces) StdoutLine: {'line': b'-- Up-to-date: /home/orangepi/Multitask-Drone/install/drone_interfaces/include/drone_interfaces/drone_interfaces/srv/detail/task_push__type_support.h\n'}
[0.887437] (drone_interfaces) StdoutLine: {'line': b'-- Up-to-date: /home/orangepi/Multitask-Drone/install/drone_interfaces/include/drone_interfaces/drone_interfaces/srv/task_push.h\n'}
[0.887816] (drone_interfaces) StdoutLine: {'line': b'-- Up-to-date: /home/orangepi/Multitask-Drone/install/drone_interfaces/include/drone_interfaces/drone_interfaces/srv/task_dispatch.h\n'}
[0.888197] (drone_interfaces) StdoutLine: {'line': b'-- Up-to-date: /home/orangepi/Multitask-Drone/install/drone_interfaces/include/drone_interfaces/drone_interfaces/action\n'}
[0.888673] (drone_interfaces) StdoutLine: {'line': b'-- Up-to-date: /home/orangepi/Multitask-Drone/install/drone_interfaces/include/drone_interfaces/drone_interfaces/action/detail\n'}
[0.889070] (drone_interfaces) StdoutLine: {'line': b'-- Up-to-date: /home/orangepi/Multitask-Drone/install/drone_interfaces/include/drone_interfaces/drone_interfaces/action/detail/execute_waypoint__type_support.h\n'}
[0.889449] (drone_interfaces) StdoutLine: {'line': b'-- Up-to-date: /home/orangepi/Multitask-Drone/install/drone_interfaces/include/drone_interfaces/drone_interfaces/action/detail/execute_waypoint__struct.h\n'}
[0.889826] (drone_interfaces) StdoutLine: {'line': b'-- Up-to-date: /home/orangepi/Multitask-Drone/install/drone_interfaces/include/drone_interfaces/drone_interfaces/action/detail/execute_waypoint__functions.h\n'}
[0.890205] (drone_interfaces) StdoutLine: {'line': b'-- Up-to-date: /home/orangepi/Multitask-Drone/install/drone_interfaces/include/drone_interfaces/drone_interfaces/action/detail/execute_waypoint__functions.c\n'}
[0.890581] (drone_interfaces) StdoutLine: {'line': b'-- Up-to-date: /home/orangepi/Multitask-Drone/install/drone_interfaces/include/drone_interfaces/drone_interfaces/action/execute_waypoint.h\n'}
[0.890954] (drone_interfaces) StdoutLine: {'line': b'-- Up-to-date: /home/orangepi/Multitask-Drone/install/drone_interfaces/include/drone_interfaces/drone_interfaces/msg\n'}
[0.891326] (drone_interfaces) StdoutLine: {'line': b'-- Up-to-date: /home/orangepi/Multitask-Drone/install/drone_interfaces/include/drone_interfaces/drone_interfaces/msg/rosidl_generator_c__visibility_control.h\n'}
[0.891701] (drone_interfaces) StdoutLine: {'line': b'-- Up-to-date: /home/orangepi/Multitask-Drone/install/drone_interfaces/include/drone_interfaces/drone_interfaces/msg/panel_box.h\n'}
[0.892144] (drone_interfaces) StdoutLine: {'line': b'-- Up-to-date: /home/orangepi/Multitask-Drone/install/drone_interfaces/include/drone_interfaces/drone_interfaces/msg/detail\n'}
[0.892540] (drone_interfaces) StdoutLine: {'line': b'-- Up-to-date: /home/orangepi/Multitask-Drone/install/drone_interfaces/include/drone_interfaces/drone_interfaces/msg/detail/panel_box__functions.c\n'}
[0.892921] (drone_interfaces) StdoutLine: {'line': b'-- Up-to-date: /home/orangepi/Multitask-Drone/install/drone_interfaces/include/drone_interfaces/drone_interfaces/msg/detail/task_state__type_support.h\n'}
[0.893304] (drone_interfaces) StdoutLine: {'line': b'-- Up-to-date: /home/orangepi/Multitask-Drone/install/drone_interfaces/include/drone_interfaces/drone_interfaces/msg/detail/yaw__functions.c\n'}
[0.893687] (drone_interfaces) StdoutLine: {'line': b'-- Up-to-date: /home/orangepi/Multitask-Drone/install/drone_interfaces/include/drone_interfaces/drone_interfaces/msg/detail/task__struct.h\n'}
[0.894117] (drone_interfaces) StdoutLine: {'line': b'-- Up-to-date: /home/orangepi/Multitask-Drone/install/drone_interfaces/include/drone_interfaces/drone_interfaces/msg/detail/task_state__struct.h\n'}
[0.894506] (drone_interfaces) StdoutLine: {'line': b'-- Up-to-date: /home/orangepi/Multitask-Drone/install/drone_interfaces/include/drone_interfaces/drone_interfaces/msg/detail/yaw__type_support.h\n'}
[0.894888] (drone_interfaces) StdoutLine: {'line': b'-- Up-to-date: /home/orangepi/Multitask-Drone/install/drone_interfaces/include/drone_interfaces/drone_interfaces/msg/detail/task_state__functions.h\n'}
[0.895295] (drone_interfaces) StdoutLine: {'line': b'-- Up-to-date: /home/orangepi/Multitask-Drone/install/drone_interfaces/include/drone_interfaces/drone_interfaces/msg/detail/panel_box__struct.h\n'}
[0.895696] (drone_interfaces) StdoutLine: {'line': b'-- Up-to-date: /home/orangepi/Multitask-Drone/install/drone_interfaces/include/drone_interfaces/drone_interfaces/msg/detail/raw_waypoint__functions.h\n'}
[0.896080] (drone_interfaces) StdoutLine: {'line': b'-- Up-to-date: /home/orangepi/Multitask-Drone/install/drone_interfaces/include/drone_interfaces/drone_interfaces/msg/detail/raw_waypoint__type_support.h\n'}
[0.896507] (drone_interfaces) StdoutLine: {'line': b'-- Up-to-date: /home/orangepi/Multitask-Drone/install/drone_interfaces/include/drone_interfaces/drone_interfaces/msg/detail/yaw__struct.h\n'}
[0.896889] (drone_interfaces) StdoutLine: {'line': b'-- Up-to-date: /home/orangepi/Multitask-Drone/install/drone_interfaces/include/drone_interfaces/drone_interfaces/msg/detail/task__functions.c\n'}
[0.897270] (drone_interfaces) StdoutLine: {'line': b'-- Up-to-date: /home/orangepi/Multitask-Drone/install/drone_interfaces/include/drone_interfaces/drone_interfaces/msg/detail/yaw__functions.h\n'}
[0.897653] (drone_interfaces) StdoutLine: {'line': b'-- Up-to-date: /home/orangepi/Multitask-Drone/install/drone_interfaces/include/drone_interfaces/drone_interfaces/msg/detail/panel_box__type_support.h\n'}
[0.898033] (drone_interfaces) StdoutLine: {'line': b'-- Up-to-date: /home/orangepi/Multitask-Drone/install/drone_interfaces/include/drone_interfaces/drone_interfaces/msg/detail/task_state__functions.c\n'}
[0.898409] (drone_interfaces) StdoutLine: {'line': b'-- Up-to-date: /home/orangepi/Multitask-Drone/install/drone_interfaces/include/drone_interfaces/drone_interfaces/msg/detail/task__type_support.h\n'}
[0.898836] (drone_interfaces) StdoutLine: {'line': b'-- Up-to-date: /home/orangepi/Multitask-Drone/install/drone_interfaces/include/drone_interfaces/drone_interfaces/msg/detail/task__functions.h\n'}
[0.899230] (drone_interfaces) StdoutLine: {'line': b'-- Up-to-date: /home/orangepi/Multitask-Drone/install/drone_interfaces/include/drone_interfaces/drone_interfaces/msg/detail/panel_box__functions.h\n'}
[0.899611] (drone_interfaces) StdoutLine: {'line': b'-- Up-to-date: /home/orangepi/Multitask-Drone/install/drone_interfaces/include/drone_interfaces/drone_interfaces/msg/detail/raw_waypoint__functions.c\n'}
[0.900073] (drone_interfaces) StdoutLine: {'line': b'-- Up-to-date: /home/orangepi/Multitask-Drone/install/drone_interfaces/include/drone_interfaces/drone_interfaces/msg/detail/raw_waypoint__struct.h\n'}
[0.900451] (drone_interfaces) StdoutLine: {'line': b'-- Up-to-date: /home/orangepi/Multitask-Drone/install/drone_interfaces/include/drone_interfaces/drone_interfaces/msg/raw_waypoint.h\n'}
[0.900835] (drone_interfaces) StdoutLine: {'line': b'-- Up-to-date: /home/orangepi/Multitask-Drone/install/drone_interfaces/include/drone_interfaces/drone_interfaces/msg/yaw.h\n'}
[0.901206] (-) TimerEvent: {}
[0.901706] (drone_interfaces) StdoutLine: {'line': b'-- Up-to-date: /home/orangepi/Multitask-Drone/install/drone_interfaces/include/drone_interfaces/drone_interfaces/msg/task.h\n'}
[0.902167] (drone_interfaces) StdoutLine: {'line': b'-- Up-to-date: /home/orangepi/Multitask-Drone/install/drone_interfaces/include/drone_interfaces/drone_interfaces/msg/task_state.h\n'}
[0.902607] (drone_interfaces) StdoutLine: {'line': b'-- Up-to-date: /home/orangepi/Multitask-Drone/install/drone_interfaces/share/drone_interfaces/environment/library_path.sh\n'}
[0.902986] (drone_interfaces) StdoutLine: {'line': b'-- Up-to-date: /home/orangepi/Multitask-Drone/install/drone_interfaces/share/drone_interfaces/environment/library_path.dsv\n'}
[0.903364] (drone_interfaces) StdoutLine: {'line': b'-- Up-to-date: /home/orangepi/Multitask-Drone/install/drone_interfaces/lib/libdrone_interfaces__rosidl_generator_c.so\n'}
[0.903739] (drone_interfaces) StdoutLine: {'line': b'-- Up-to-date: /home/orangepi/Multitask-Drone/install/drone_interfaces/include/drone_interfaces/drone_interfaces\n'}
[0.904120] (drone_interfaces) StdoutLine: {'line': b'-- Up-to-date: /home/orangepi/Multitask-Drone/install/drone_interfaces/include/drone_interfaces/drone_interfaces/srv\n'}
[0.904497] (drone_interfaces) StdoutLine: {'line': b'-- Up-to-date: /home/orangepi/Multitask-Drone/install/drone_interfaces/include/drone_interfaces/drone_interfaces/srv/detail\n'}
[0.904874] (drone_interfaces) StdoutLine: {'line': b'-- Up-to-date: /home/orangepi/Multitask-Drone/install/drone_interfaces/include/drone_interfaces/drone_interfaces/srv/detail/task_dispatch__rosidl_typesupport_fastrtps_c.h\n'}
[0.905291] (drone_interfaces) StdoutLine: {'line': b'-- Up-to-date: /home/orangepi/Multitask-Drone/install/drone_interfaces/include/drone_interfaces/drone_interfaces/srv/detail/task_push__rosidl_typesupport_fastrtps_c.h\n'}
[0.905693] (drone_interfaces) StdoutLine: {'line': b'-- Up-to-date: /home/orangepi/Multitask-Drone/install/drone_interfaces/include/drone_interfaces/drone_interfaces/srv/detail/yolo_request__rosidl_typesupport_fastrtps_c.h\n'}
[0.906077] (drone_interfaces) StdoutLine: {'line': b'-- Up-to-date: /home/orangepi/Multitask-Drone/install/drone_interfaces/include/drone_interfaces/drone_interfaces/action\n'}
[0.906457] (drone_interfaces) StdoutLine: {'line': b'-- Up-to-date: /home/orangepi/Multitask-Drone/install/drone_interfaces/include/drone_interfaces/drone_interfaces/action/detail\n'}
[0.906835] (drone_interfaces) StdoutLine: {'line': b'-- Up-to-date: /home/orangepi/Multitask-Drone/install/drone_interfaces/include/drone_interfaces/drone_interfaces/action/detail/execute_waypoint__rosidl_typesupport_fastrtps_c.h\n'}
[0.907223] (drone_interfaces) StdoutLine: {'line': b'-- Up-to-date: /home/orangepi/Multitask-Drone/install/drone_interfaces/include/drone_interfaces/drone_interfaces/msg\n'}
[0.907608] (drone_interfaces) StdoutLine: {'line': b'-- Up-to-date: /home/orangepi/Multitask-Drone/install/drone_interfaces/include/drone_interfaces/drone_interfaces/msg/detail\n'}
[0.908052] (drone_interfaces) StdoutLine: {'line': b'-- Up-to-date: /home/orangepi/Multitask-Drone/install/drone_interfaces/include/drone_interfaces/drone_interfaces/msg/detail/raw_waypoint__rosidl_typesupport_fastrtps_c.h\n'}
[0.908433] (drone_interfaces) StdoutLine: {'line': b'-- Up-to-date: /home/orangepi/Multitask-Drone/install/drone_interfaces/include/drone_interfaces/drone_interfaces/msg/detail/task_state__rosidl_typesupport_fastrtps_c.h\n'}
[0.908862] (drone_interfaces) StdoutLine: {'line': b'-- Up-to-date: /home/orangepi/Multitask-Drone/install/drone_interfaces/include/drone_interfaces/drone_interfaces/msg/detail/task__rosidl_typesupport_fastrtps_c.h\n'}
[0.909257] (drone_interfaces) StdoutLine: {'line': b'-- Up-to-date: /home/orangepi/Multitask-Drone/install/drone_interfaces/include/drone_interfaces/drone_interfaces/msg/detail/yaw__rosidl_typesupport_fastrtps_c.h\n'}
[0.909642] (drone_interfaces) StdoutLine: {'line': b'-- Up-to-date: /home/orangepi/Multitask-Drone/install/drone_interfaces/include/drone_interfaces/drone_interfaces/msg/detail/panel_box__rosidl_typesupport_fastrtps_c.h\n'}
[0.910024] (drone_interfaces) StdoutLine: {'line': b'-- Up-to-date: /home/orangepi/Multitask-Drone/install/drone_interfaces/include/drone_interfaces/drone_interfaces/msg/rosidl_typesupport_fastrtps_c__visibility_control.h\n'}
[0.910415] (drone_interfaces) StdoutLine: {'line': b'-- Up-to-date: /home/orangepi/Multitask-Drone/install/drone_interfaces/lib/libdrone_interfaces__rosidl_typesupport_fastrtps_c.so\n'}
[0.910864] (drone_interfaces) StdoutLine: {'line': b'-- Up-to-date: /home/orangepi/Multitask-Drone/install/drone_interfaces/include/drone_interfaces/drone_interfaces\n'}
[0.911247] (drone_interfaces) StdoutLine: {'line': b'-- Up-to-date: /home/orangepi/Multitask-Drone/install/drone_interfaces/include/drone_interfaces/drone_interfaces/srv\n'}
[0.911629] (drone_interfaces) StdoutLine: {'line': b'-- Up-to-date: /home/orangepi/Multitask-Drone/install/drone_interfaces/include/drone_interfaces/drone_interfaces/srv/detail\n'}
[0.912150] (drone_interfaces) StdoutLine: {'line': b'-- Up-to-date: /home/orangepi/Multitask-Drone/install/drone_interfaces/include/drone_interfaces/drone_interfaces/srv/detail/yolo_request__rosidl_typesupport_introspection_c.h\n'}
[0.912558] (drone_interfaces) StdoutLine: {'line': b'-- Up-to-date: /home/orangepi/Multitask-Drone/install/drone_interfaces/include/drone_interfaces/drone_interfaces/srv/detail/task_push__type_support.c\n'}
[0.912944] (drone_interfaces) StdoutLine: {'line': b'-- Up-to-date: /home/orangepi/Multitask-Drone/install/drone_interfaces/include/drone_interfaces/drone_interfaces/srv/detail/yolo_request__type_support.c\n'}
[0.913325] (drone_interfaces) StdoutLine: {'line': b'-- Up-to-date: /home/orangepi/Multitask-Drone/install/drone_interfaces/include/drone_interfaces/drone_interfaces/srv/detail/task_push__rosidl_typesupport_introspection_c.h\n'}
[0.913709] (drone_interfaces) StdoutLine: {'line': b'-- Up-to-date: /home/orangepi/Multitask-Drone/install/drone_interfaces/include/drone_interfaces/drone_interfaces/srv/detail/task_dispatch__type_support.c\n'}
[0.914096] (drone_interfaces) StdoutLine: {'line': b'-- Up-to-date: /home/orangepi/Multitask-Drone/install/drone_interfaces/include/drone_interfaces/drone_interfaces/srv/detail/task_dispatch__rosidl_typesupport_introspection_c.h\n'}
[0.914475] (drone_interfaces) StdoutLine: {'line': b'-- Up-to-date: /home/orangepi/Multitask-Drone/install/drone_interfaces/include/drone_interfaces/drone_interfaces/action\n'}
[0.914854] (drone_interfaces) StdoutLine: {'line': b'-- Up-to-date: /home/orangepi/Multitask-Drone/install/drone_interfaces/include/drone_interfaces/drone_interfaces/action/detail\n'}
[0.915228] (drone_interfaces) StdoutLine: {'line': b'-- Up-to-date: /home/orangepi/Multitask-Drone/install/drone_interfaces/include/drone_interfaces/drone_interfaces/action/detail/execute_waypoint__type_support.c\n'}
[0.915655] (drone_interfaces) StdoutLine: {'line': b'-- Up-to-date: /home/orangepi/Multitask-Drone/install/drone_interfaces/include/drone_interfaces/drone_interfaces/action/detail/execute_waypoint__rosidl_typesupport_introspection_c.h\n'}
[0.916041] (drone_interfaces) StdoutLine: {'line': b'-- Up-to-date: /home/orangepi/Multitask-Drone/install/drone_interfaces/include/drone_interfaces/drone_interfaces/msg\n'}
[0.916416] (drone_interfaces) StdoutLine: {'line': b'-- Up-to-date: /home/orangepi/Multitask-Drone/install/drone_interfaces/include/drone_interfaces/drone_interfaces/msg/detail\n'}
[0.916790] (drone_interfaces) StdoutLine: {'line': b'-- Up-to-date: /home/orangepi/Multitask-Drone/install/drone_interfaces/include/drone_interfaces/drone_interfaces/msg/detail/yaw__type_support.c\n'}
[0.917164] (drone_interfaces) StdoutLine: {'line': b'-- Up-to-date: /home/orangepi/Multitask-Drone/install/drone_interfaces/include/drone_interfaces/drone_interfaces/msg/detail/raw_waypoint__type_support.c\n'}
[0.917538] (drone_interfaces) StdoutLine: {'line': b'-- Up-to-date: /home/orangepi/Multitask-Drone/install/drone_interfaces/include/drone_interfaces/drone_interfaces/msg/detail/task__rosidl_typesupport_introspection_c.h\n'}
[0.917919] (drone_interfaces) StdoutLine: {'line': b'-- Up-to-date: /home/orangepi/Multitask-Drone/install/drone_interfaces/include/drone_interfaces/drone_interfaces/msg/detail/task_state__type_support.c\n'}
[0.918359] (drone_interfaces) StdoutLine: {'line': b'-- Up-to-date: /home/orangepi/Multitask-Drone/install/drone_interfaces/include/drone_interfaces/drone_interfaces/msg/detail/raw_waypoint__rosidl_typesupport_introspection_c.h\n'}
[0.918836] (drone_interfaces) StdoutLine: {'line': b'-- Up-to-date: /home/orangepi/Multitask-Drone/install/drone_interfaces/include/drone_interfaces/drone_interfaces/msg/detail/task__type_support.c\n'}
[0.919240] (drone_interfaces) StdoutLine: {'line': b'-- Up-to-date: /home/orangepi/Multitask-Drone/install/drone_interfaces/include/drone_interfaces/drone_interfaces/msg/detail/yaw__rosidl_typesupport_introspection_c.h\n'}
[0.919632] (drone_interfaces) StdoutLine: {'line': b'-- Up-to-date: /home/orangepi/Multitask-Drone/install/drone_interfaces/include/drone_interfaces/drone_interfaces/msg/detail/task_state__rosidl_typesupport_introspection_c.h\n'}
[0.920017] (drone_interfaces) StdoutLine: {'line': b'-- Up-to-date: /home/orangepi/Multitask-Drone/install/drone_interfaces/include/drone_interfaces/drone_interfaces/msg/detail/panel_box__type_support.c\n'}
[0.920398] (drone_interfaces) StdoutLine: {'line': b'-- Up-to-date: /home/orangepi/Multitask-Drone/install/drone_interfaces/include/drone_interfaces/drone_interfaces/msg/detail/panel_box__rosidl_typesupport_introspection_c.h\n'}
[0.920778] (drone_interfaces) StdoutLine: {'line': b'-- Up-to-date: /home/orangepi/Multitask-Drone/install/drone_interfaces/include/drone_interfaces/drone_interfaces/msg/rosidl_typesupport_introspection_c__visibility_control.h\n'}
[0.921162] (drone_interfaces) StdoutLine: {'line': b'-- Up-to-date: /home/orangepi/Multitask-Drone/install/drone_interfaces/lib/libdrone_interfaces__rosidl_typesupport_introspection_c.so\n'}
[0.921546] (drone_interfaces) StdoutLine: {'line': b'-- Up-to-date: /home/orangepi/Multitask-Drone/install/drone_interfaces/lib/libdrone_interfaces__rosidl_typesupport_c.so\n'}
[0.921966] (drone_interfaces) StdoutLine: {'line': b'-- Up-to-date: /home/orangepi/Multitask-Drone/install/drone_interfaces/include/drone_interfaces/drone_interfaces\n'}
[0.922369] (drone_interfaces) StdoutLine: {'line': b'-- Up-to-date: /home/orangepi/Multitask-Drone/install/drone_interfaces/include/drone_interfaces/drone_interfaces/srv\n'}
[0.922845] (drone_interfaces) StdoutLine: {'line': b'-- Up-to-date: /home/orangepi/Multitask-Drone/install/drone_interfaces/include/drone_interfaces/drone_interfaces/srv/task_dispatch.hpp\n'}
[0.923230] (drone_interfaces) StdoutLine: {'line': b'-- Up-to-date: /home/orangepi/Multitask-Drone/install/drone_interfaces/include/drone_interfaces/drone_interfaces/srv/detail\n'}
[0.923612] (drone_interfaces) StdoutLine: {'line': b'-- Up-to-date: /home/orangepi/Multitask-Drone/install/drone_interfaces/include/drone_interfaces/drone_interfaces/srv/detail/task_dispatch__builder.hpp\n'}
[0.923994] (drone_interfaces) StdoutLine: {'line': b'-- Up-to-date: /home/orangepi/Multitask-Drone/install/drone_interfaces/include/drone_interfaces/drone_interfaces/srv/detail/yolo_request__traits.hpp\n'}
[0.924380] (drone_interfaces) StdoutLine: {'line': b'-- Up-to-date: /home/orangepi/Multitask-Drone/install/drone_interfaces/include/drone_interfaces/drone_interfaces/srv/detail/task_dispatch__struct.hpp\n'}
[0.924758] (drone_interfaces) StdoutLine: {'line': b'-- Up-to-date: /home/orangepi/Multitask-Drone/install/drone_interfaces/include/drone_interfaces/drone_interfaces/srv/detail/task_dispatch__type_support.hpp\n'}
[0.925137] (drone_interfaces) StdoutLine: {'line': b'-- Up-to-date: /home/orangepi/Multitask-Drone/install/drone_interfaces/include/drone_interfaces/drone_interfaces/srv/detail/yolo_request__type_support.hpp\n'}
[0.925570] (drone_interfaces) StdoutLine: {'line': b'-- Up-to-date: /home/orangepi/Multitask-Drone/install/drone_interfaces/include/drone_interfaces/drone_interfaces/srv/detail/task_push__traits.hpp\n'}
[0.925953] (drone_interfaces) StdoutLine: {'line': b'-- Up-to-date: /home/orangepi/Multitask-Drone/install/drone_interfaces/include/drone_interfaces/drone_interfaces/srv/detail/task_dispatch__traits.hpp\n'}
[0.926329] (drone_interfaces) StdoutLine: {'line': b'-- Up-to-date: /home/orangepi/Multitask-Drone/install/drone_interfaces/include/drone_interfaces/drone_interfaces/srv/detail/yolo_request__struct.hpp\n'}
[0.926759] (drone_interfaces) StdoutLine: {'line': b'-- Up-to-date: /home/orangepi/Multitask-Drone/install/drone_interfaces/include/drone_interfaces/drone_interfaces/srv/detail/yolo_request__builder.hpp\n'}
[0.927137] (drone_interfaces) StdoutLine: {'line': b'-- Up-to-date: /home/orangepi/Multitask-Drone/install/drone_interfaces/include/drone_interfaces/drone_interfaces/srv/detail/task_push__struct.hpp\n'}
[0.927511] (drone_interfaces) StdoutLine: {'line': b'-- Up-to-date: /home/orangepi/Multitask-Drone/install/drone_interfaces/include/drone_interfaces/drone_interfaces/srv/detail/task_push__type_support.hpp\n'}
[0.927884] (drone_interfaces) StdoutLine: {'line': b'-- Up-to-date: /home/orangepi/Multitask-Drone/install/drone_interfaces/include/drone_interfaces/drone_interfaces/srv/detail/task_push__builder.hpp\n'}
[0.928262] (drone_interfaces) StdoutLine: {'line': b'-- Up-to-date: /home/orangepi/Multitask-Drone/install/drone_interfaces/include/drone_interfaces/drone_interfaces/srv/yolo_request.hpp\n'}
[0.928748] (drone_interfaces) StdoutLine: {'line': b'-- Up-to-date: /home/orangepi/Multitask-Drone/install/drone_interfaces/include/drone_interfaces/drone_interfaces/srv/task_push.hpp\n'}
[0.928908] (drone_interfaces) StdoutLine: {'line': b'-- Up-to-date: /home/orangepi/Multitask-Drone/install/drone_interfaces/include/drone_interfaces/drone_interfaces/action\n'}
[0.928999] (drone_interfaces) StdoutLine: {'line': b'-- Up-to-date: /home/orangepi/Multitask-Drone/install/drone_interfaces/include/drone_interfaces/drone_interfaces/action/detail\n'}
[0.929082] (drone_interfaces) StdoutLine: {'line': b'-- Up-to-date: /home/orangepi/Multitask-Drone/install/drone_interfaces/include/drone_interfaces/drone_interfaces/action/detail/execute_waypoint__type_support.hpp\n'}
[0.929164] (drone_interfaces) StdoutLine: {'line': b'-- Up-to-date: /home/orangepi/Multitask-Drone/install/drone_interfaces/include/drone_interfaces/drone_interfaces/action/detail/execute_waypoint__builder.hpp\n'}
[0.929245] (drone_interfaces) StdoutLine: {'line': b'-- Up-to-date: /home/orangepi/Multitask-Drone/install/drone_interfaces/include/drone_interfaces/drone_interfaces/action/detail/execute_waypoint__struct.hpp\n'}
[0.929323] (drone_interfaces) StdoutLine: {'line': b'-- Up-to-date: /home/orangepi/Multitask-Drone/install/drone_interfaces/include/drone_interfaces/drone_interfaces/action/detail/execute_waypoint__traits.hpp\n'}
[0.929400] (drone_interfaces) StdoutLine: {'line': b'-- Up-to-date: /home/orangepi/Multitask-Drone/install/drone_interfaces/include/drone_interfaces/drone_interfaces/action/execute_waypoint.hpp\n'}
[0.929476] (drone_interfaces) StdoutLine: {'line': b'-- Up-to-date: /home/orangepi/Multitask-Drone/install/drone_interfaces/include/drone_interfaces/drone_interfaces/msg\n'}
[0.929552] (drone_interfaces) StdoutLine: {'line': b'-- Up-to-date: /home/orangepi/Multitask-Drone/install/drone_interfaces/include/drone_interfaces/drone_interfaces/msg/detail\n'}
[0.929628] (drone_interfaces) StdoutLine: {'line': b'-- Up-to-date: /home/orangepi/Multitask-Drone/install/drone_interfaces/include/drone_interfaces/drone_interfaces/msg/detail/yaw__traits.hpp\n'}
[0.929705] (drone_interfaces) StdoutLine: {'line': b'-- Up-to-date: /home/orangepi/Multitask-Drone/install/drone_interfaces/include/drone_interfaces/drone_interfaces/msg/detail/task_state__type_support.hpp\n'}
[0.929782] (drone_interfaces) StdoutLine: {'line': b'-- Up-to-date: /home/orangepi/Multitask-Drone/install/drone_interfaces/include/drone_interfaces/drone_interfaces/msg/detail/task__builder.hpp\n'}
[0.929858] (drone_interfaces) StdoutLine: {'line': b'-- Up-to-date: /home/orangepi/Multitask-Drone/install/drone_interfaces/include/drone_interfaces/drone_interfaces/msg/detail/task_state__struct.hpp\n'}
[0.929981] (drone_interfaces) StdoutLine: {'line': b'-- Up-to-date: /home/orangepi/Multitask-Drone/install/drone_interfaces/include/drone_interfaces/drone_interfaces/msg/detail/yaw__builder.hpp\n'}
[0.930059] (drone_interfaces) StdoutLine: {'line': b'-- Up-to-date: /home/orangepi/Multitask-Drone/install/drone_interfaces/include/drone_interfaces/drone_interfaces/msg/detail/raw_waypoint__builder.hpp\n'}
[0.930151] (drone_interfaces) StdoutLine: {'line': b'-- Up-to-date: /home/orangepi/Multitask-Drone/install/drone_interfaces/include/drone_interfaces/drone_interfaces/msg/detail/task_state__builder.hpp\n'}
[0.930228] (drone_interfaces) StdoutLine: {'line': b'-- Up-to-date: /home/orangepi/Multitask-Drone/install/drone_interfaces/include/drone_interfaces/drone_interfaces/msg/detail/yaw__type_support.hpp\n'}
[0.930303] (drone_interfaces) StdoutLine: {'line': b'-- Up-to-date: /home/orangepi/Multitask-Drone/install/drone_interfaces/include/drone_interfaces/drone_interfaces/msg/detail/raw_waypoint__type_support.hpp\n'}
[0.930381] (drone_interfaces) StdoutLine: {'line': b'-- Up-to-date: /home/orangepi/Multitask-Drone/install/drone_interfaces/include/drone_interfaces/drone_interfaces/msg/detail/panel_box__type_support.hpp\n'}
[0.930455] (drone_interfaces) StdoutLine: {'line': b'-- Up-to-date: /home/orangepi/Multitask-Drone/install/drone_interfaces/include/drone_interfaces/drone_interfaces/msg/detail/panel_box__builder.hpp\n'}
[0.930529] (drone_interfaces) StdoutLine: {'line': b'-- Up-to-date: /home/orangepi/Multitask-Drone/install/drone_interfaces/include/drone_interfaces/drone_interfaces/msg/detail/task__type_support.hpp\n'}
[0.930605] (drone_interfaces) StdoutLine: {'line': b'-- Up-to-date: /home/orangepi/Multitask-Drone/install/drone_interfaces/include/drone_interfaces/drone_interfaces/msg/detail/raw_waypoint__traits.hpp\n'}
[0.930680] (drone_interfaces) StdoutLine: {'line': b'-- Up-to-date: /home/orangepi/Multitask-Drone/install/drone_interfaces/include/drone_interfaces/drone_interfaces/msg/detail/task__traits.hpp\n'}
[0.930757] (drone_interfaces) StdoutLine: {'line': b'-- Up-to-date: /home/orangepi/Multitask-Drone/install/drone_interfaces/include/drone_interfaces/drone_interfaces/msg/detail/task__struct.hpp\n'}
[0.930831] (drone_interfaces) StdoutLine: {'line': b'-- Up-to-date: /home/orangepi/Multitask-Drone/install/drone_interfaces/include/drone_interfaces/drone_interfaces/msg/detail/yaw__struct.hpp\n'}
[0.930906] (drone_interfaces) StdoutLine: {'line': b'-- Up-to-date: /home/orangepi/Multitask-Drone/install/drone_interfaces/include/drone_interfaces/drone_interfaces/msg/detail/panel_box__traits.hpp\n'}
[0.930996] (drone_interfaces) StdoutLine: {'line': b'-- Up-to-date: /home/orangepi/Multitask-Drone/install/drone_interfaces/include/drone_interfaces/drone_interfaces/msg/detail/raw_waypoint__struct.hpp\n'}
[0.931075] (drone_interfaces) StdoutLine: {'line': b'-- Up-to-date: /home/orangepi/Multitask-Drone/install/drone_interfaces/include/drone_interfaces/drone_interfaces/msg/detail/task_state__traits.hpp\n'}
[0.931152] (drone_interfaces) StdoutLine: {'line': b'-- Up-to-date: /home/orangepi/Multitask-Drone/install/drone_interfaces/include/drone_interfaces/drone_interfaces/msg/detail/panel_box__struct.hpp\n'}
[0.931227] (drone_interfaces) StdoutLine: {'line': b'-- Up-to-date: /home/orangepi/Multitask-Drone/install/drone_interfaces/include/drone_interfaces/drone_interfaces/msg/yaw.hpp\n'}
[0.931303] (drone_interfaces) StdoutLine: {'line': b'-- Up-to-date: /home/orangepi/Multitask-Drone/install/drone_interfaces/include/drone_interfaces/drone_interfaces/msg/task.hpp\n'}
[0.931379] (drone_interfaces) StdoutLine: {'line': b'-- Up-to-date: /home/orangepi/Multitask-Drone/install/drone_interfaces/include/drone_interfaces/drone_interfaces/msg/panel_box.hpp\n'}
[0.931454] (drone_interfaces) StdoutLine: {'line': b'-- Up-to-date: /home/orangepi/Multitask-Drone/install/drone_interfaces/include/drone_interfaces/drone_interfaces/msg/raw_waypoint.hpp\n'}
[0.931530] (drone_interfaces) StdoutLine: {'line': b'-- Up-to-date: /home/orangepi/Multitask-Drone/install/drone_interfaces/include/drone_interfaces/drone_interfaces/msg/rosidl_generator_cpp__visibility_control.hpp\n'}
[0.931608] (drone_interfaces) StdoutLine: {'line': b'-- Up-to-date: /home/orangepi/Multitask-Drone/install/drone_interfaces/include/drone_interfaces/drone_interfaces/msg/task_state.hpp\n'}
[0.931697] (drone_interfaces) StdoutLine: {'line': b'-- Up-to-date: /home/orangepi/Multitask-Drone/install/drone_interfaces/include/drone_interfaces/drone_interfaces\n'}
[0.931773] (drone_interfaces) StdoutLine: {'line': b'-- Up-to-date: /home/orangepi/Multitask-Drone/install/drone_interfaces/include/drone_interfaces/drone_interfaces/srv\n'}
[0.931849] (drone_interfaces) StdoutLine: {'line': b'-- Up-to-date: /home/orangepi/Multitask-Drone/install/drone_interfaces/include/drone_interfaces/drone_interfaces/srv/detail\n'}
[0.931924] (drone_interfaces) StdoutLine: {'line': b'-- Up-to-date: /home/orangepi/Multitask-Drone/install/drone_interfaces/include/drone_interfaces/drone_interfaces/srv/detail/task_dispatch__rosidl_typesupport_fastrtps_cpp.hpp\n'}
[0.932044] (drone_interfaces) StdoutLine: {'line': b'-- Up-to-date: /home/orangepi/Multitask-Drone/install/drone_interfaces/include/drone_interfaces/drone_interfaces/srv/detail/yolo_request__rosidl_typesupport_fastrtps_cpp.hpp\n'}
[0.932123] (drone_interfaces) StdoutLine: {'line': b'-- Up-to-date: /home/orangepi/Multitask-Drone/install/drone_interfaces/include/drone_interfaces/drone_interfaces/srv/detail/dds_fastrtps\n'}
[0.932227] (drone_interfaces) StdoutLine: {'line': b'-- Up-to-date: /home/orangepi/Multitask-Drone/install/drone_interfaces/include/drone_interfaces/drone_interfaces/srv/detail/task_push__rosidl_typesupport_fastrtps_cpp.hpp\n'}
[0.932306] (drone_interfaces) StdoutLine: {'line': b'-- Up-to-date: /home/orangepi/Multitask-Drone/install/drone_interfaces/include/drone_interfaces/drone_interfaces/action\n'}
[0.932384] (drone_interfaces) StdoutLine: {'line': b'-- Up-to-date: /home/orangepi/Multitask-Drone/install/drone_interfaces/include/drone_interfaces/drone_interfaces/action/detail\n'}
[0.932460] (drone_interfaces) StdoutLine: {'line': b'-- Up-to-date: /home/orangepi/Multitask-Drone/install/drone_interfaces/include/drone_interfaces/drone_interfaces/action/detail/dds_fastrtps\n'}
[0.932535] (drone_interfaces) StdoutLine: {'line': b'-- Up-to-date: /home/orangepi/Multitask-Drone/install/drone_interfaces/include/drone_interfaces/drone_interfaces/action/detail/execute_waypoint__rosidl_typesupport_fastrtps_cpp.hpp\n'}
[0.932615] (drone_interfaces) StdoutLine: {'line': b'-- Up-to-date: /home/orangepi/Multitask-Drone/install/drone_interfaces/include/drone_interfaces/drone_interfaces/msg\n'}
[0.932688] (drone_interfaces) StdoutLine: {'line': b'-- Up-to-date: /home/orangepi/Multitask-Drone/install/drone_interfaces/include/drone_interfaces/drone_interfaces/msg/detail\n'}
[0.932766] (drone_interfaces) StdoutLine: {'line': b'-- Up-to-date: /home/orangepi/Multitask-Drone/install/drone_interfaces/include/drone_interfaces/drone_interfaces/msg/detail/yaw__rosidl_typesupport_fastrtps_cpp.hpp\n'}
[0.932845] (drone_interfaces) StdoutLine: {'line': b'-- Up-to-date: /home/orangepi/Multitask-Drone/install/drone_interfaces/include/drone_interfaces/drone_interfaces/msg/detail/task_state__rosidl_typesupport_fastrtps_cpp.hpp\n'}
[0.932922] (drone_interfaces) StdoutLine: {'line': b'-- Up-to-date: /home/orangepi/Multitask-Drone/install/drone_interfaces/include/drone_interfaces/drone_interfaces/msg/detail/panel_box__rosidl_typesupport_fastrtps_cpp.hpp\n'}
[0.932999] (drone_interfaces) StdoutLine: {'line': b'-- Up-to-date: /home/orangepi/Multitask-Drone/install/drone_interfaces/include/drone_interfaces/drone_interfaces/msg/detail/dds_fastrtps\n'}
[0.933074] (drone_interfaces) StdoutLine: {'line': b'-- Up-to-date: /home/orangepi/Multitask-Drone/install/drone_interfaces/include/drone_interfaces/drone_interfaces/msg/detail/raw_waypoint__rosidl_typesupport_fastrtps_cpp.hpp\n'}
[0.933165] (drone_interfaces) StdoutLine: {'line': b'-- Up-to-date: /home/orangepi/Multitask-Drone/install/drone_interfaces/include/drone_interfaces/drone_interfaces/msg/detail/task__rosidl_typesupport_fastrtps_cpp.hpp\n'}
[0.933246] (drone_interfaces) StdoutLine: {'line': b'-- Up-to-date: /home/orangepi/Multitask-Drone/install/drone_interfaces/include/drone_interfaces/drone_interfaces/msg/rosidl_typesupport_fastrtps_cpp__visibility_control.h\n'}
[0.933342] (drone_interfaces) StdoutLine: {'line': b'-- Up-to-date: /home/orangepi/Multitask-Drone/install/drone_interfaces/lib/libdrone_interfaces__rosidl_typesupport_fastrtps_cpp.so\n'}
[0.933420] (drone_interfaces) StdoutLine: {'line': b'-- Up-to-date: /home/orangepi/Multitask-Drone/install/drone_interfaces/include/drone_interfaces/drone_interfaces\n'}
[0.933495] (drone_interfaces) StdoutLine: {'line': b'-- Up-to-date: /home/orangepi/Multitask-Drone/install/drone_interfaces/include/drone_interfaces/drone_interfaces/srv\n'}
[0.933571] (drone_interfaces) StdoutLine: {'line': b'-- Up-to-date: /home/orangepi/Multitask-Drone/install/drone_interfaces/include/drone_interfaces/drone_interfaces/srv/detail\n'}
[0.933646] (drone_interfaces) StdoutLine: {'line': b'-- Up-to-date: /home/orangepi/Multitask-Drone/install/drone_interfaces/include/drone_interfaces/drone_interfaces/srv/detail/task_push__rosidl_typesupport_introspection_cpp.hpp\n'}
[0.933722] (drone_interfaces) StdoutLine: {'line': b'-- Up-to-date: /home/orangepi/Multitask-Drone/install/drone_interfaces/include/drone_interfaces/drone_interfaces/srv/detail/yolo_request__type_support.cpp\n'}
[0.933800] (drone_interfaces) StdoutLine: {'line': b'-- Up-to-date: /home/orangepi/Multitask-Drone/install/drone_interfaces/include/drone_interfaces/drone_interfaces/srv/detail/yolo_request__rosidl_typesupport_introspection_cpp.hpp\n'}
[0.933875] (drone_interfaces) StdoutLine: {'line': b'-- Up-to-date: /home/orangepi/Multitask-Drone/install/drone_interfaces/include/drone_interfaces/drone_interfaces/srv/detail/task_dispatch__rosidl_typesupport_introspection_cpp.hpp\n'}
[0.933949] (drone_interfaces) StdoutLine: {'line': b'-- Up-to-date: /home/orangepi/Multitask-Drone/install/drone_interfaces/include/drone_interfaces/drone_interfaces/srv/detail/task_push__type_support.cpp\n'}
[0.934025] (drone_interfaces) StdoutLine: {'line': b'-- Up-to-date: /home/orangepi/Multitask-Drone/install/drone_interfaces/include/drone_interfaces/drone_interfaces/srv/detail/task_dispatch__type_support.cpp\n'}
[0.934100] (drone_interfaces) StdoutLine: {'line': b'-- Up-to-date: /home/orangepi/Multitask-Drone/install/drone_interfaces/include/drone_interfaces/drone_interfaces/action\n'}
[0.934177] (drone_interfaces) StdoutLine: {'line': b'-- Up-to-date: /home/orangepi/Multitask-Drone/install/drone_interfaces/include/drone_interfaces/drone_interfaces/action/detail\n'}
[0.934254] (drone_interfaces) StdoutLine: {'line': b'-- Up-to-date: /home/orangepi/Multitask-Drone/install/drone_interfaces/include/drone_interfaces/drone_interfaces/action/detail/execute_waypoint__rosidl_typesupport_introspection_cpp.hpp\n'}
[0.934331] (drone_interfaces) StdoutLine: {'line': b'-- Up-to-date: /home/orangepi/Multitask-Drone/install/drone_interfaces/include/drone_interfaces/drone_interfaces/action/detail/execute_waypoint__type_support.cpp\n'}
[0.934433] (drone_interfaces) StdoutLine: {'line': b'-- Up-to-date: /home/orangepi/Multitask-Drone/install/drone_interfaces/include/drone_interfaces/drone_interfaces/msg\n'}
[0.934511] (drone_interfaces) StdoutLine: {'line': b'-- Up-to-date: /home/orangepi/Multitask-Drone/install/drone_interfaces/include/drone_interfaces/drone_interfaces/msg/detail\n'}
[0.934590] (drone_interfaces) StdoutLine: {'line': b'-- Up-to-date: /home/orangepi/Multitask-Drone/install/drone_interfaces/include/drone_interfaces/drone_interfaces/msg/detail/task_state__rosidl_typesupport_introspection_cpp.hpp\n'}
[0.934667] (drone_interfaces) StdoutLine: {'line': b'-- Up-to-date: /home/orangepi/Multitask-Drone/install/drone_interfaces/include/drone_interfaces/drone_interfaces/msg/detail/task__rosidl_typesupport_introspection_cpp.hpp\n'}
[0.934743] (drone_interfaces) StdoutLine: {'line': b'-- Up-to-date: /home/orangepi/Multitask-Drone/install/drone_interfaces/include/drone_interfaces/drone_interfaces/msg/detail/task__type_support.cpp\n'}
[0.934818] (drone_interfaces) StdoutLine: {'line': b'-- Up-to-date: /home/orangepi/Multitask-Drone/install/drone_interfaces/include/drone_interfaces/drone_interfaces/msg/detail/panel_box__rosidl_typesupport_introspection_cpp.hpp\n'}
[0.934906] (drone_interfaces) StdoutLine: {'line': b'-- Up-to-date: /home/orangepi/Multitask-Drone/install/drone_interfaces/include/drone_interfaces/drone_interfaces/msg/detail/task_state__type_support.cpp\n'}
[0.934987] (drone_interfaces) StdoutLine: {'line': b'-- Up-to-date: /home/orangepi/Multitask-Drone/install/drone_interfaces/include/drone_interfaces/drone_interfaces/msg/detail/raw_waypoint__rosidl_typesupport_introspection_cpp.hpp\n'}
[0.935063] (drone_interfaces) StdoutLine: {'line': b'-- Up-to-date: /home/orangepi/Multitask-Drone/install/drone_interfaces/include/drone_interfaces/drone_interfaces/msg/detail/panel_box__type_support.cpp\n'}
[0.935149] (drone_interfaces) StdoutLine: {'line': b'-- Up-to-date: /home/orangepi/Multitask-Drone/install/drone_interfaces/include/drone_interfaces/drone_interfaces/msg/detail/raw_waypoint__type_support.cpp\n'}
[0.935227] (drone_interfaces) StdoutLine: {'line': b'-- Up-to-date: /home/orangepi/Multitask-Drone/install/drone_interfaces/include/drone_interfaces/drone_interfaces/msg/detail/yaw__type_support.cpp\n'}
[0.935332] (drone_interfaces) StdoutLine: {'line': b'-- Up-to-date: /home/orangepi/Multitask-Drone/install/drone_interfaces/include/drone_interfaces/drone_interfaces/msg/detail/yaw__rosidl_typesupport_introspection_cpp.hpp\n'}
[0.935418] (drone_interfaces) StdoutLine: {'line': b'-- Up-to-date: /home/orangepi/Multitask-Drone/install/drone_interfaces/lib/libdrone_interfaces__rosidl_typesupport_introspection_cpp.so\n'}
[0.935495] (drone_interfaces) StdoutLine: {'line': b'-- Up-to-date: /home/orangepi/Multitask-Drone/install/drone_interfaces/lib/libdrone_interfaces__rosidl_typesupport_cpp.so\n'}
[0.935573] (drone_interfaces) StdoutLine: {'line': b'-- Up-to-date: /home/orangepi/Multitask-Drone/install/drone_interfaces/share/drone_interfaces/environment/pythonpath.sh\n'}
[0.935654] (drone_interfaces) StdoutLine: {'line': b'-- Up-to-date: /home/orangepi/Multitask-Drone/install/drone_interfaces/share/drone_interfaces/environment/pythonpath.dsv\n'}
[0.935733] (drone_interfaces) StdoutLine: {'line': b'-- Up-to-date: /home/orangepi/Multitask-Drone/install/drone_interfaces/local/lib/python3.10/dist-packages/drone_interfaces-0.0.0-py3.10.egg-info\n'}
[0.935810] (drone_interfaces) StdoutLine: {'line': b'-- Installing: /home/orangepi/Multitask-Drone/install/drone_interfaces/local/lib/python3.10/dist-packages/drone_interfaces-0.0.0-py3.10.egg-info/top_level.txt\n'}
[0.935888] (drone_interfaces) StdoutLine: {'line': b'-- Installing: /home/orangepi/Multitask-Drone/install/drone_interfaces/local/lib/python3.10/dist-packages/drone_interfaces-0.0.0-py3.10.egg-info/dependency_links.txt\n'}
[0.935966] (drone_interfaces) StdoutLine: {'line': b'-- Installing: /home/orangepi/Multitask-Drone/install/drone_interfaces/local/lib/python3.10/dist-packages/drone_interfaces-0.0.0-py3.10.egg-info/SOURCES.txt\n'}
[0.936042] (drone_interfaces) StdoutLine: {'line': b'-- Installing: /home/orangepi/Multitask-Drone/install/drone_interfaces/local/lib/python3.10/dist-packages/drone_interfaces-0.0.0-py3.10.egg-info/PKG-INFO\n'}
[0.936119] (drone_interfaces) StdoutLine: {'line': b'-- Up-to-date: /home/orangepi/Multitask-Drone/install/drone_interfaces/local/lib/python3.10/dist-packages/drone_interfaces\n'}
[0.936196] (drone_interfaces) StdoutLine: {'line': b'-- Up-to-date: /home/orangepi/Multitask-Drone/install/drone_interfaces/local/lib/python3.10/dist-packages/drone_interfaces/__init__.py\n'}
[0.936272] (drone_interfaces) StdoutLine: {'line': b'-- Up-to-date: /home/orangepi/Multitask-Drone/install/drone_interfaces/local/lib/python3.10/dist-packages/drone_interfaces/srv\n'}
[0.936350] (drone_interfaces) StdoutLine: {'line': b'-- Up-to-date: /home/orangepi/Multitask-Drone/install/drone_interfaces/local/lib/python3.10/dist-packages/drone_interfaces/srv/_task_dispatch.py\n'}
[0.936425] (drone_interfaces) StdoutLine: {'line': b'-- Up-to-date: /home/orangepi/Multitask-Drone/install/drone_interfaces/local/lib/python3.10/dist-packages/drone_interfaces/srv/_task_dispatch_s.c\n'}
[0.936521] (drone_interfaces) StdoutLine: {'line': b'-- Up-to-date: /home/orangepi/Multitask-Drone/install/drone_interfaces/local/lib/python3.10/dist-packages/drone_interfaces/srv/__init__.py\n'}
[0.936597] (drone_interfaces) StdoutLine: {'line': b'-- Up-to-date: /home/orangepi/Multitask-Drone/install/drone_interfaces/local/lib/python3.10/dist-packages/drone_interfaces/srv/_task_push_s.c\n'}
[0.936691] (drone_interfaces) StdoutLine: {'line': b'-- Up-to-date: /home/orangepi/Multitask-Drone/install/drone_interfaces/local/lib/python3.10/dist-packages/drone_interfaces/srv/_task_push.py\n'}
[0.936768] (drone_interfaces) StdoutLine: {'line': b'-- Up-to-date: /home/orangepi/Multitask-Drone/install/drone_interfaces/local/lib/python3.10/dist-packages/drone_interfaces/srv/_yolo_request.py\n'}
[0.936841] (drone_interfaces) StdoutLine: {'line': b'-- Up-to-date: /home/orangepi/Multitask-Drone/install/drone_interfaces/local/lib/python3.10/dist-packages/drone_interfaces/srv/_yolo_request_s.c\n'}
[0.936916] (drone_interfaces) StdoutLine: {'line': b'-- Up-to-date: /home/orangepi/Multitask-Drone/install/drone_interfaces/local/lib/python3.10/dist-packages/drone_interfaces/action\n'}
[0.936993] (drone_interfaces) StdoutLine: {'line': b'-- Up-to-date: /home/orangepi/Multitask-Drone/install/drone_interfaces/local/lib/python3.10/dist-packages/drone_interfaces/action/_execute_waypoint_s.c\n'}
[0.937068] (drone_interfaces) StdoutLine: {'line': b'-- Up-to-date: /home/orangepi/Multitask-Drone/install/drone_interfaces/local/lib/python3.10/dist-packages/drone_interfaces/action/__init__.py\n'}
[0.937145] (drone_interfaces) StdoutLine: {'line': b'-- Up-to-date: /home/orangepi/Multitask-Drone/install/drone_interfaces/local/lib/python3.10/dist-packages/drone_interfaces/action/_execute_waypoint.py\n'}
[0.937220] (drone_interfaces) StdoutLine: {'line': b'-- Up-to-date: /home/orangepi/Multitask-Drone/install/drone_interfaces/local/lib/python3.10/dist-packages/drone_interfaces/libdrone_interfaces__rosidl_generator_py.so\n'}
[0.937312] (drone_interfaces) StdoutLine: {'line': b'-- Up-to-date: /home/orangepi/Multitask-Drone/install/drone_interfaces/local/lib/python3.10/dist-packages/drone_interfaces/_drone_interfaces_s.ep.rosidl_typesupport_fastrtps_c.c\n'}
[0.937393] (drone_interfaces) StdoutLine: {'line': b'-- Up-to-date: /home/orangepi/Multitask-Drone/install/drone_interfaces/local/lib/python3.10/dist-packages/drone_interfaces/drone_interfaces_s__rosidl_typesupport_c.cpython-310-aarch64-linux-gnu.so\n'}
[0.937473] (drone_interfaces) StdoutLine: {'line': b'-- Up-to-date: /home/orangepi/Multitask-Drone/install/drone_interfaces/local/lib/python3.10/dist-packages/drone_interfaces/_drone_interfaces_s.ep.rosidl_typesupport_c.c\n'}
[0.937549] (drone_interfaces) StdoutLine: {'line': b'-- Up-to-date: /home/orangepi/Multitask-Drone/install/drone_interfaces/local/lib/python3.10/dist-packages/drone_interfaces/msg\n'}
[0.937625] (drone_interfaces) StdoutLine: {'line': b'-- Up-to-date: /home/orangepi/Multitask-Drone/install/drone_interfaces/local/lib/python3.10/dist-packages/drone_interfaces/msg/_yaw.py\n'}
[0.937704] (drone_interfaces) StdoutLine: {'line': b'-- Up-to-date: /home/orangepi/Multitask-Drone/install/drone_interfaces/local/lib/python3.10/dist-packages/drone_interfaces/msg/_panel_box_s.c\n'}
[0.937783] (drone_interfaces) StdoutLine: {'line': b'-- Up-to-date: /home/orangepi/Multitask-Drone/install/drone_interfaces/local/lib/python3.10/dist-packages/drone_interfaces/msg/__init__.py\n'}
[0.937859] (drone_interfaces) StdoutLine: {'line': b'-- Up-to-date: /home/orangepi/Multitask-Drone/install/drone_interfaces/local/lib/python3.10/dist-packages/drone_interfaces/msg/_yaw_s.c\n'}
[0.937949] (drone_interfaces) StdoutLine: {'line': b'-- Up-to-date: /home/orangepi/Multitask-Drone/install/drone_interfaces/local/lib/python3.10/dist-packages/drone_interfaces/msg/_task_state.py\n'}
[0.938031] (drone_interfaces) StdoutLine: {'line': b'-- Up-to-date: /home/orangepi/Multitask-Drone/install/drone_interfaces/local/lib/python3.10/dist-packages/drone_interfaces/msg/_raw_waypoint.py\n'}
[0.938121] (drone_interfaces) StdoutLine: {'line': b'-- Up-to-date: /home/orangepi/Multitask-Drone/install/drone_interfaces/local/lib/python3.10/dist-packages/drone_interfaces/msg/_raw_waypoint_s.c\n'}
[0.938197] (drone_interfaces) StdoutLine: {'line': b'-- Up-to-date: /home/orangepi/Multitask-Drone/install/drone_interfaces/local/lib/python3.10/dist-packages/drone_interfaces/msg/_task.py\n'}
[0.938274] (drone_interfaces) StdoutLine: {'line': b'-- Up-to-date: /home/orangepi/Multitask-Drone/install/drone_interfaces/local/lib/python3.10/dist-packages/drone_interfaces/msg/_task_s.c\n'}
[0.938348] (drone_interfaces) StdoutLine: {'line': b'-- Up-to-date: /home/orangepi/Multitask-Drone/install/drone_interfaces/local/lib/python3.10/dist-packages/drone_interfaces/msg/_task_state_s.c\n'}
[0.938425] (drone_interfaces) StdoutLine: {'line': b'-- Up-to-date: /home/orangepi/Multitask-Drone/install/drone_interfaces/local/lib/python3.10/dist-packages/drone_interfaces/msg/_panel_box.py\n'}
[0.938499] (drone_interfaces) StdoutLine: {'line': b'-- Up-to-date: /home/orangepi/Multitask-Drone/install/drone_interfaces/local/lib/python3.10/dist-packages/drone_interfaces/drone_interfaces_s__rosidl_typesupport_introspection_c.cpython-310-aarch64-linux-gnu.so\n'}
[0.938578] (drone_interfaces) StdoutLine: {'line': b'-- Up-to-date: /home/orangepi/Multitask-Drone/install/drone_interfaces/local/lib/python3.10/dist-packages/drone_interfaces/drone_interfaces_s__rosidl_typesupport_fastrtps_c.cpython-310-aarch64-linux-gnu.so\n'}
[0.938739] (drone_interfaces) StdoutLine: {'line': b'-- Up-to-date: /home/orangepi/Multitask-Drone/install/drone_interfaces/local/lib/python3.10/dist-packages/drone_interfaces/_drone_interfaces_s.ep.rosidl_typesupport_introspection_c.c\n'}
[0.940806] (drone_interfaces) StdoutLine: {'line': b"Listing '/home/orangepi/Multitask-Drone/install/drone_interfaces/local/lib/python3.10/dist-packages/drone_interfaces'...\n"}
[0.941532] (drone_interfaces) StdoutLine: {'line': b"Listing '/home/orangepi/Multitask-Drone/install/drone_interfaces/local/lib/python3.10/dist-packages/drone_interfaces/action'...\n"}
[0.942112] (drone_interfaces) StdoutLine: {'line': b"Listing '/home/orangepi/Multitask-Drone/install/drone_interfaces/local/lib/python3.10/dist-packages/drone_interfaces/msg'...\n"}
[0.942647] (drone_interfaces) StdoutLine: {'line': b"Listing '/home/orangepi/Multitask-Drone/install/drone_interfaces/local/lib/python3.10/dist-packages/drone_interfaces/srv'...\n"}
[0.956284] (drone_interfaces) StdoutLine: {'line': b'-- Up-to-date: /home/orangepi/Multitask-Drone/install/drone_interfaces/local/lib/python3.10/dist-packages/drone_interfaces/drone_interfaces_s__rosidl_typesupport_fastrtps_c.cpython-310-aarch64-linux-gnu.so\n'}
[0.956954] (drone_interfaces) StdoutLine: {'line': b'-- Up-to-date: /home/orangepi/Multitask-Drone/install/drone_interfaces/local/lib/python3.10/dist-packages/drone_interfaces/drone_interfaces_s__rosidl_typesupport_introspection_c.cpython-310-aarch64-linux-gnu.so\n'}
[0.957167] (drone_interfaces) StdoutLine: {'line': b'-- Up-to-date: /home/orangepi/Multitask-Drone/install/drone_interfaces/local/lib/python3.10/dist-packages/drone_interfaces/drone_interfaces_s__rosidl_typesupport_c.cpython-310-aarch64-linux-gnu.so\n'}
[0.957420] (drone_interfaces) StdoutLine: {'line': b'-- Up-to-date: /home/orangepi/Multitask-Drone/install/drone_interfaces/lib/libdrone_interfaces__rosidl_generator_py.so\n'}
[0.957682] (drone_interfaces) StdoutLine: {'line': b'-- Up-to-date: /home/orangepi/Multitask-Drone/install/drone_interfaces/share/drone_interfaces/msg/Yaw.idl\n'}
[0.957785] (drone_interfaces) StdoutLine: {'line': b'-- Up-to-date: /home/orangepi/Multitask-Drone/install/drone_interfaces/share/drone_interfaces/msg/PanelBox.idl\n'}
[0.957988] (drone_interfaces) StdoutLine: {'line': b'-- Up-to-date: /home/orangepi/Multitask-Drone/install/drone_interfaces/share/drone_interfaces/msg/Task.idl\n'}
[0.958502] (drone_interfaces) StdoutLine: {'line': b'-- Up-to-date: /home/orangepi/Multitask-Drone/install/drone_interfaces/share/drone_interfaces/msg/TaskState.idl\n'}
[0.959174] (drone_interfaces) StdoutLine: {'line': b'-- Up-to-date: /home/orangepi/Multitask-Drone/install/drone_interfaces/share/drone_interfaces/msg/RawWaypoint.idl\n'}
[0.959295] (drone_interfaces) StdoutLine: {'line': b'-- Up-to-date: /home/orangepi/Multitask-Drone/install/drone_interfaces/share/drone_interfaces/srv/TaskDispatch.idl\n'}
[0.959388] (drone_interfaces) StdoutLine: {'line': b'-- Up-to-date: /home/orangepi/Multitask-Drone/install/drone_interfaces/share/drone_interfaces/srv/YoloRequest.idl\n'}
[0.959472] (drone_interfaces) StdoutLine: {'line': b'-- Up-to-date: /home/orangepi/Multitask-Drone/install/drone_interfaces/share/drone_interfaces/srv/TaskPush.idl\n'}
[0.959557] (drone_interfaces) StdoutLine: {'line': b'-- Up-to-date: /home/orangepi/Multitask-Drone/install/drone_interfaces/share/drone_interfaces/action/ExecuteWaypoint.idl\n'}
[0.959643] (drone_interfaces) StdoutLine: {'line': b'-- Up-to-date: /home/orangepi/Multitask-Drone/install/drone_interfaces/share/drone_interfaces/msg/Yaw.msg\n'}
[0.959732] (drone_interfaces) StdoutLine: {'line': b'-- Up-to-date: /home/orangepi/Multitask-Drone/install/drone_interfaces/share/drone_interfaces/msg/PanelBox.msg\n'}
[0.959817] (drone_interfaces) StdoutLine: {'line': b'-- Up-to-date: /home/orangepi/Multitask-Drone/install/drone_interfaces/share/drone_interfaces/msg/Task.msg\n'}
[0.959903] (drone_interfaces) StdoutLine: {'line': b'-- Up-to-date: /home/orangepi/Multitask-Drone/install/drone_interfaces/share/drone_interfaces/msg/TaskState.msg\n'}
[0.959986] (drone_interfaces) StdoutLine: {'line': b'-- Up-to-date: /home/orangepi/Multitask-Drone/install/drone_interfaces/share/drone_interfaces/msg/RawWaypoint.msg\n'}
[0.960070] (drone_interfaces) StdoutLine: {'line': b'-- Up-to-date: /home/orangepi/Multitask-Drone/install/drone_interfaces/share/drone_interfaces/srv/TaskDispatch.srv\n'}
[0.960154] (drone_interfaces) StdoutLine: {'line': b'-- Up-to-date: /home/orangepi/Multitask-Drone/install/drone_interfaces/share/drone_interfaces/srv/TaskDispatch_Request.msg\n'}
[0.960240] (drone_interfaces) StdoutLine: {'line': b'-- Up-to-date: /home/orangepi/Multitask-Drone/install/drone_interfaces/share/drone_interfaces/srv/TaskDispatch_Response.msg\n'}
[0.960325] (drone_interfaces) StdoutLine: {'line': b'-- Up-to-date: /home/orangepi/Multitask-Drone/install/drone_interfaces/share/drone_interfaces/srv/YoloRequest.srv\n'}
[0.960408] (drone_interfaces) StdoutLine: {'line': b'-- Up-to-date: /home/orangepi/Multitask-Drone/install/drone_interfaces/share/drone_interfaces/srv/YoloRequest_Request.msg\n'}
[0.960495] (drone_interfaces) StdoutLine: {'line': b'-- Up-to-date: /home/orangepi/Multitask-Drone/install/drone_interfaces/share/drone_interfaces/srv/YoloRequest_Response.msg\n'}
[0.960580] (drone_interfaces) StdoutLine: {'line': b'-- Up-to-date: /home/orangepi/Multitask-Drone/install/drone_interfaces/share/drone_interfaces/srv/TaskPush.srv\n'}
[0.960667] (drone_interfaces) StdoutLine: {'line': b'-- Up-to-date: /home/orangepi/Multitask-Drone/install/drone_interfaces/share/drone_interfaces/srv/TaskPush_Request.msg\n'}
[0.960752] (drone_interfaces) StdoutLine: {'line': b'-- Up-to-date: /home/orangepi/Multitask-Drone/install/drone_interfaces/share/drone_interfaces/srv/TaskPush_Response.msg\n'}
[0.960954] (drone_interfaces) StdoutLine: {'line': b'-- Up-to-date: /home/orangepi/Multitask-Drone/install/drone_interfaces/share/drone_interfaces/action/ExecuteWaypoint.action\n'}
[0.961362] (drone_interfaces) StdoutLine: {'line': b'-- Up-to-date: /home/orangepi/Multitask-Drone/install/drone_interfaces/share/ament_index/resource_index/package_run_dependencies/drone_interfaces\n'}
[0.961576] (drone_interfaces) StdoutLine: {'line': b'-- Up-to-date: /home/orangepi/Multitask-Drone/install/drone_interfaces/share/ament_index/resource_index/parent_prefix_path/drone_interfaces\n'}
[0.961672] (drone_interfaces) StdoutLine: {'line': b'-- Up-to-date: /home/orangepi/Multitask-Drone/install/drone_interfaces/share/drone_interfaces/environment/ament_prefix_path.sh\n'}
[0.961825] (drone_interfaces) StdoutLine: {'line': b'-- Up-to-date: /home/orangepi/Multitask-Drone/install/drone_interfaces/share/drone_interfaces/environment/ament_prefix_path.dsv\n'}
[0.961913] (drone_interfaces) StdoutLine: {'line': b'-- Up-to-date: /home/orangepi/Multitask-Drone/install/drone_interfaces/share/drone_interfaces/environment/path.sh\n'}
[0.962041] (drone_interfaces) StdoutLine: {'line': b'-- Up-to-date: /home/orangepi/Multitask-Drone/install/drone_interfaces/share/drone_interfaces/environment/path.dsv\n'}
[0.962131] (drone_interfaces) StdoutLine: {'line': b'-- Up-to-date: /home/orangepi/Multitask-Drone/install/drone_interfaces/share/drone_interfaces/local_setup.bash\n'}
[0.962318] (drone_interfaces) StdoutLine: {'line': b'-- Up-to-date: /home/orangepi/Multitask-Drone/install/drone_interfaces/share/drone_interfaces/local_setup.sh\n'}
[0.962415] (drone_interfaces) StdoutLine: {'line': b'-- Up-to-date: /home/orangepi/Multitask-Drone/install/drone_interfaces/share/drone_interfaces/local_setup.zsh\n'}
[0.962503] (drone_interfaces) StdoutLine: {'line': b'-- Up-to-date: /home/orangepi/Multitask-Drone/install/drone_interfaces/share/drone_interfaces/local_setup.dsv\n'}
[0.962587] (drone_interfaces) StdoutLine: {'line': b'-- Installing: /home/orangepi/Multitask-Drone/install/drone_interfaces/share/drone_interfaces/package.dsv\n'}
[0.962672] (drone_interfaces) StdoutLine: {'line': b'-- Up-to-date: /home/orangepi/Multitask-Drone/install/drone_interfaces/share/ament_index/resource_index/packages/drone_interfaces\n'}
[0.962759] (drone_interfaces) StdoutLine: {'line': b'-- Up-to-date: /home/orangepi/Multitask-Drone/install/drone_interfaces/share/drone_interfaces/cmake/export_drone_interfaces__rosidl_generator_cExport.cmake\n'}
[0.962847] (drone_interfaces) StdoutLine: {'line': b'-- Up-to-date: /home/orangepi/Multitask-Drone/install/drone_interfaces/share/drone_interfaces/cmake/export_drone_interfaces__rosidl_generator_cExport-noconfig.cmake\n'}
[0.962934] (drone_interfaces) StdoutLine: {'line': b'-- Up-to-date: /home/orangepi/Multitask-Drone/install/drone_interfaces/share/drone_interfaces/cmake/export_drone_interfaces__rosidl_typesupport_fastrtps_cExport.cmake\n'}
[0.963018] (drone_interfaces) StdoutLine: {'line': b'-- Up-to-date: /home/orangepi/Multitask-Drone/install/drone_interfaces/share/drone_interfaces/cmake/export_drone_interfaces__rosidl_typesupport_fastrtps_cExport-noconfig.cmake\n'}
[0.963105] (drone_interfaces) StdoutLine: {'line': b'-- Up-to-date: /home/orangepi/Multitask-Drone/install/drone_interfaces/share/drone_interfaces/cmake/drone_interfaces__rosidl_typesupport_introspection_cExport.cmake\n'}
[0.963192] (drone_interfaces) StdoutLine: {'line': b'-- Up-to-date: /home/orangepi/Multitask-Drone/install/drone_interfaces/share/drone_interfaces/cmake/drone_interfaces__rosidl_typesupport_introspection_cExport-noconfig.cmake\n'}
[0.963276] (drone_interfaces) StdoutLine: {'line': b'-- Up-to-date: /home/orangepi/Multitask-Drone/install/drone_interfaces/share/drone_interfaces/cmake/drone_interfaces__rosidl_typesupport_cExport.cmake\n'}
[0.963361] (drone_interfaces) StdoutLine: {'line': b'-- Up-to-date: /home/orangepi/Multitask-Drone/install/drone_interfaces/share/drone_interfaces/cmake/drone_interfaces__rosidl_typesupport_cExport-noconfig.cmake\n'}
[0.963445] (drone_interfaces) StdoutLine: {'line': b'-- Up-to-date: /home/orangepi/Multitask-Drone/install/drone_interfaces/share/drone_interfaces/cmake/export_drone_interfaces__rosidl_generator_cppExport.cmake\n'}
[0.963529] (drone_interfaces) StdoutLine: {'line': b'-- Up-to-date: /home/orangepi/Multitask-Drone/install/drone_interfaces/share/drone_interfaces/cmake/export_drone_interfaces__rosidl_typesupport_fastrtps_cppExport.cmake\n'}
[0.963613] (drone_interfaces) StdoutLine: {'line': b'-- Up-to-date: /home/orangepi/Multitask-Drone/install/drone_interfaces/share/drone_interfaces/cmake/export_drone_interfaces__rosidl_typesupport_fastrtps_cppExport-noconfig.cmake\n'}
[0.963698] (drone_interfaces) StdoutLine: {'line': b'-- Up-to-date: /home/orangepi/Multitask-Drone/install/drone_interfaces/share/drone_interfaces/cmake/drone_interfaces__rosidl_typesupport_introspection_cppExport.cmake\n'}
[0.963936] (drone_interfaces) StdoutLine: {'line': b'-- Up-to-date: /home/orangepi/Multitask-Drone/install/drone_interfaces/share/drone_interfaces/cmake/drone_interfaces__rosidl_typesupport_introspection_cppExport-noconfig.cmake\n'}
[0.964024] (drone_interfaces) StdoutLine: {'line': b'-- Up-to-date: /home/orangepi/Multitask-Drone/install/drone_interfaces/share/drone_interfaces/cmake/drone_interfaces__rosidl_typesupport_cppExport.cmake\n'}
[0.964109] (drone_interfaces) StdoutLine: {'line': b'-- Up-to-date: /home/orangepi/Multitask-Drone/install/drone_interfaces/share/drone_interfaces/cmake/drone_interfaces__rosidl_typesupport_cppExport-noconfig.cmake\n'}
[0.964197] (drone_interfaces) StdoutLine: {'line': b'-- Up-to-date: /home/orangepi/Multitask-Drone/install/drone_interfaces/share/drone_interfaces/cmake/export_drone_interfaces__rosidl_generator_pyExport.cmake\n'}
[0.964283] (drone_interfaces) StdoutLine: {'line': b'-- Up-to-date: /home/orangepi/Multitask-Drone/install/drone_interfaces/share/drone_interfaces/cmake/export_drone_interfaces__rosidl_generator_pyExport-noconfig.cmake\n'}
[0.964560] (drone_interfaces) StdoutLine: {'line': b'-- Up-to-date: /home/orangepi/Multitask-Drone/install/drone_interfaces/share/drone_interfaces/cmake/rosidl_cmake-extras.cmake\n'}
[0.964644] (drone_interfaces) StdoutLine: {'line': b'-- Up-to-date: /home/orangepi/Multitask-Drone/install/drone_interfaces/share/drone_interfaces/cmake/ament_cmake_export_dependencies-extras.cmake\n'}
[0.964723] (drone_interfaces) StdoutLine: {'line': b'-- Up-to-date: /home/orangepi/Multitask-Drone/install/drone_interfaces/share/drone_interfaces/cmake/ament_cmake_export_include_directories-extras.cmake\n'}
[0.964799] (drone_interfaces) StdoutLine: {'line': b'-- Up-to-date: /home/orangepi/Multitask-Drone/install/drone_interfaces/share/drone_interfaces/cmake/ament_cmake_export_libraries-extras.cmake\n'}
[0.964889] (drone_interfaces) StdoutLine: {'line': b'-- Up-to-date: /home/orangepi/Multitask-Drone/install/drone_interfaces/share/drone_interfaces/cmake/ament_cmake_export_targets-extras.cmake\n'}
[0.964970] (drone_interfaces) StdoutLine: {'line': b'-- Up-to-date: /home/orangepi/Multitask-Drone/install/drone_interfaces/share/drone_interfaces/cmake/rosidl_cmake_export_typesupport_targets-extras.cmake\n'}
[0.965048] (drone_interfaces) StdoutLine: {'line': b'-- Up-to-date: /home/orangepi/Multitask-Drone/install/drone_interfaces/share/drone_interfaces/cmake/rosidl_cmake_export_typesupport_libraries-extras.cmake\n'}
[0.965126] (drone_interfaces) StdoutLine: {'line': b'-- Up-to-date: /home/orangepi/Multitask-Drone/install/drone_interfaces/share/drone_interfaces/cmake/drone_interfacesConfig.cmake\n'}
[0.965207] (drone_interfaces) StdoutLine: {'line': b'-- Up-to-date: /home/orangepi/Multitask-Drone/install/drone_interfaces/share/drone_interfaces/cmake/drone_interfacesConfig-version.cmake\n'}
[0.965360] (drone_interfaces) StdoutLine: {'line': b'-- Up-to-date: /home/orangepi/Multitask-Drone/install/drone_interfaces/share/drone_interfaces/package.xml\n'}
[0.971356] (drone_interfaces) CommandEnded: {'returncode': 0}
[1.001781] (-) TimerEvent: {}
[1.059401] (drone_interfaces) JobEnded: {'identifier': 'drone_interfaces', 'rc': 0}
[1.062639] (drone_controller) JobStarted: {'identifier': 'drone_controller'}
[1.071580] (drone_vision) JobStarted: {'identifier': 'drone_vision'}
[1.086180] (drone_monitor) Command: {'cmd': ['/usr/bin/python3', '-W', 'ignore:setup.py install is deprecated', '-W', 'ignore:easy_install command is deprecated', 'setup.py', 'egg_info', '--egg-base', '../../build/drone_monitor', 'build', '--build-base', '/home/orangepi/Multitask-Drone/build/drone_monitor/build', 'install', '--record', '/home/orangepi/Multitask-Drone/build/drone_monitor/install.log', '--single-version-externally-managed', 'install_data'], 'cwd': '/home/orangepi/Multitask-Drone/src/drone_monitor', 'env': {'LESSOPEN': '| /usr/bin/lesspipe %s', 'UMS_MOUNTPOINT': '/mnt/ums', 'GST_V4L2_PREFERRED_FOURCC': 'NV12:YU12:NV16:YUY2', 'LANGUAGE': 'en_US.UTF-8', 'USER': 'orangepi', 'SSH_CLIENT': '192.168.137.1 27009 22', 'XDG_SESSION_TYPE': 'tty', 'GIT_ASKPASS': '/home/orangepi/.vscode-server/cli/servers/Stable-fabdb6a30b49f79a7aba0f2ad9df9b399473380f/server/extensions/git/dist/askpass.sh', 'SHLVL': '2', 'USB_FUNCS': 'adb', 'LD_LIBRARY_PATH': '/opt/ros/humble/opt/rviz_ogre_vendor/lib:/opt/ros/humble/lib/aarch64-linux-gnu:/opt/ros/humble/lib', 'BROWSER': '/home/orangepi/.vscode-server/cli/servers/Stable-fabdb6a30b49f79a7aba0f2ad9df9b399473380f/server/bin/helpers/browser.sh', 'MOTD_SHOWN': 'pam', 'HOME': '/home/orangepi', 'OLDPWD': '/home/orangepi', 'TERM_PROGRAM_VERSION': '1.96.2', 'VSCODE_IPC_HOOK_CLI': '/run/user/1000/vscode-ipc-3ad536e0-12ba-46d1-8bbf-c7b85e32e074.sock', 'GST_INSPECT_NO_COLORS': '1', 'GST_MPP_NO_RGA': '1', 'ROS_PYTHON_VERSION': '3', 'COGL_DRIVER': 'gles2', 'VSCODE_GIT_ASKPASS_MAIN': '/home/orangepi/.vscode-server/cli/servers/Stable-fabdb6a30b49f79a7aba0f2ad9df9b399473380f/server/extensions/git/dist/askpass-main.js', 'VSCODE_GIT_ASKPASS_NODE': '/home/orangepi/.vscode-server/cli/servers/Stable-fabdb6a30b49f79a7aba0f2ad9df9b399473380f/server/node', 'SSL_CERT_FILE': '/usr/lib/ssl/certs/ca-certificates.crt', 'DBUS_SESSION_BUS_ADDRESS': 'unix:path=/run/user/1000/bus', 'COLORTERM': 'truecolor', 'GST_V4L2SRC_MAX_RESOLUTION': '3840x2160', 'ROS_DISTRO': 'humble', 'LOGNAME': 'orangepi', '_': '/usr/bin/colcon', 'ROS_VERSION': '2', 'XDG_SESSION_CLASS': 'user', 'TERM': 'xterm-256color', 'GST_GL_API': 'gles2', 'XDG_SESSION_ID': '5', 'GST_VIDEO_CONVERT_PREFERRED_FORMAT': 'NV12:NV16:I420:YUY2', 'GST_V4L2SRC_RK_DEVICES': '_mainpath:_selfpath:_bypass:_scale', 'ROS_LOCALHOST_ONLY': '0', 'PATH': '/home/orangepi/.vscode-server/cli/servers/Stable-fabdb6a30b49f79a7aba0f2ad9df9b399473380f/server/bin/remote-cli:/home/orangepi/.local/bin:/opt/ros/humble/bin:/usr/local/sbin:/usr/local/bin:/usr/sbin:/usr/bin:/sbin:/bin:/usr/games:/usr/local/games:/snap/bin', 'XDG_RUNTIME_DIR': '/run/user/1000', 'GST_GL_PLATFORM': 'egl', 'GST_DEBUG_NO_COLOR': '1', 'SSL_CERT_DIR': '/usr/lib/ssl/certs', 'GST_V4L2SRC_DEFAULT_DEVICE': '/dev/video-camera0', 'DISPLAY': ':0', 'LANG': 'en_US.UTF-8', 'LS_COLORS': 'rs=0:di=01;34:ln=01;36:mh=00:pi=40;33:so=01;35:do=01;35:bd=40;33;01:cd=40;33;01:or=40;31;01:mi=00:su=37;41:sg=30;43:ca=30;41:tw=30;42:ow=34;42:st=37;44:ex=01;32:*.tar=01;31:*.tgz=01;31:*.arc=01;31:*.arj=01;31:*.taz=01;31:*.lha=01;31:*.lz4=01;31:*.lzh=01;31:*.lzma=01;31:*.tlz=01;31:*.txz=01;31:*.tzo=01;31:*.t7z=01;31:*.zip=01;31:*.z=01;31:*.dz=01;31:*.gz=01;31:*.lrz=01;31:*.lz=01;31:*.lzo=01;31:*.xz=01;31:*.zst=01;31:*.tzst=01;31:*.bz2=01;31:*.bz=01;31:*.tbz=01;31:*.tbz2=01;31:*.tz=01;31:*.deb=01;31:*.rpm=01;31:*.jar=01;31:*.war=01;31:*.ear=01;31:*.sar=01;31:*.rar=01;31:*.alz=01;31:*.ace=01;31:*.zoo=01;31:*.cpio=01;31:*.7z=01;31:*.rz=01;31:*.cab=01;31:*.wim=01;31:*.swm=01;31:*.dwm=01;31:*.esd=01;31:*.jpg=01;35:*.jpeg=01;35:*.mjpg=01;35:*.mjpeg=01;35:*.gif=01;35:*.bmp=01;35:*.pbm=01;35:*.pgm=01;35:*.ppm=01;35:*.tga=01;35:*.xbm=01;35:*.xpm=01;35:*.tif=01;35:*.tiff=01;35:*.png=01;35:*.svg=01;35:*.svgz=01;35:*.mng=01;35:*.pcx=01;35:*.mov=01;35:*.mpg=01;35:*.mpeg=01;35:*.m2v=01;35:*.mkv=01;35:*.webm=01;35:*.webp=01;35:*.ogm=01;35:*.mp4=01;35:*.m4v=01;35:*.mp4v=01;35:*.vob=01;35:*.qt=01;35:*.nuv=01;35:*.wmv=01;35:*.asf=01;35:*.rm=01;35:*.rmvb=01;35:*.flc=01;35:*.avi=01;35:*.fli=01;35:*.flv=01;35:*.gl=01;35:*.dl=01;35:*.xcf=01;35:*.xwd=01;35:*.yuv=01;35:*.cgm=01;35:*.emf=01;35:*.ogv=01;35:*.ogx=01;35:*.aac=00;36:*.au=00;36:*.flac=00;36:*.m4a=00;36:*.mid=00;36:*.midi=00;36:*.mka=00;36:*.mp3=00;36:*.mpc=00;36:*.ogg=00;36:*.ra=00;36:*.wav=00;36:*.oga=00;36:*.opus=00;36:*.spx=00;36:*.xspf=00;36:', 'VSCODE_GIT_IPC_HANDLE': '/run/user/1000/vscode-git-d88bdced48.sock', 'TERM_PROGRAM': 'vscode', 'GST_V4L2_USE_LIBV4L2': '1', 'UMS_SIZE': '256M', 'AMENT_PREFIX_PATH': '/opt/ros/humble', 'LC_MESSAGES': 'en_US.UTF-8', 'SHELL': '/bin/bash', 'UMS_RO': '0', 'LESSCLOSE': '/usr/bin/lesspipe %s %s', 'UMS_FSTYPE': 'vfat', 'VSCODE_GIT_ASKPASS_EXTRA_ARGS': '', 'PWD': '/home/orangepi/Multitask-Drone/build/drone_monitor', 'LC_ALL': 'en_US.UTF-8', 'SSH_CONNECTION': '192.168.137.1 27009 192.168.137.2 22', 'PYTHONPATH': '/home/orangepi/Multitask-Drone/build/drone_monitor/prefix_override:/usr/lib/python3/dist-packages/colcon_core/task/python/colcon_distutils_commands:/home/orangepi/Multitask-Drone/install/drone_monitor/lib/python3.10/site-packages:/opt/ros/humble/lib/python3.10/site-packages:/opt/ros/humble/local/lib/python3.10/dist-packages', 'UMS_MOUNT': '0', 'COLCON': '1', 'UMS_FILE': '/userdata/ums_shared.img'}, 'shell': False}
[1.101955] (-) TimerEvent: {}
[1.202670] (-) TimerEvent: {}
[1.303914] (-) TimerEvent: {}
[1.405117] (-) TimerEvent: {}
[1.430302] (drone_monitor) StdoutLine: {'line': b'running egg_info\n'}
[1.431726] (drone_monitor) StdoutLine: {'line': b'writing ../../build/drone_monitor/drone_monitor.egg-info/PKG-INFO\n'}
[1.432698] (drone_monitor) StdoutLine: {'line': b'writing dependency_links to ../../build/drone_monitor/drone_monitor.egg-info/dependency_links.txt\n'}
[1.433586] (drone_monitor) StdoutLine: {'line': b'writing entry points to ../../build/drone_monitor/drone_monitor.egg-info/entry_points.txt\n'}
[1.434131] (drone_monitor) StdoutLine: {'line': b'writing requirements to ../../build/drone_monitor/drone_monitor.egg-info/requires.txt\n'}
[1.434600] (drone_monitor) StdoutLine: {'line': b'writing top-level names to ../../build/drone_monitor/drone_monitor.egg-info/top_level.txt\n'}
[1.436898] (drone_monitor) StdoutLine: {'line': b"reading manifest file '../../build/drone_monitor/drone_monitor.egg-info/SOURCES.txt'\n"}
[1.437576] (drone_monitor) StdoutLine: {'line': b"adding license file 'LICENSE'\n"}
[1.438207] (drone_monitor) StdoutLine: {'line': b"writing manifest file '../../build/drone_monitor/drone_monitor.egg-info/SOURCES.txt'\n"}
[1.438709] (drone_monitor) StdoutLine: {'line': b'running build\n'}
[1.439124] (drone_monitor) StdoutLine: {'line': b'running build_py\n'}
[1.439586] (drone_monitor) StdoutLine: {'line': b'running install\n'}
[1.439962] (drone_monitor) StdoutLine: {'line': b'running install_lib\n'}
[1.441134] (drone_monitor) StdoutLine: {'line': b'running install_data\n'}
[1.441513] (drone_monitor) StdoutLine: {'line': b'running install_egg_info\n'}
[1.444241] (drone_monitor) StdoutLine: {'line': b"removing '/home/orangepi/Multitask-Drone/install/drone_monitor/lib/python3.10/site-packages/drone_monitor-0.0.0-py3.10.egg-info' (and everything under it)\n"}
[1.444879] (drone_monitor) StdoutLine: {'line': b'Copying ../../build/drone_monitor/drone_monitor.egg-info to /home/orangepi/Multitask-Drone/install/drone_monitor/lib/python3.10/site-packages/drone_monitor-0.0.0-py3.10.egg-info\n'}
[1.445901] (drone_monitor) StdoutLine: {'line': b'running install_scripts\n'}
[1.483108] (drone_monitor) StdoutLine: {'line': b"writing list of installed files to '/home/orangepi/Multitask-Drone/build/drone_monitor/install.log'\n"}
[1.505770] (-) TimerEvent: {}
[1.607507] (-) TimerEvent: {}
[1.708772] (-) TimerEvent: {}
[1.809959] (-) TimerEvent: {}
[1.911187] (-) TimerEvent: {}
[2.012836] (-) TimerEvent: {}
[2.033210] (drone_monitor) CommandEnded: {'returncode': 0}
[2.052507] (drone_monitor) JobEnded: {'identifier': 'drone_monitor', 'rc': 0}
[2.113153] (-) TimerEvent: {}
[2.214586] (-) TimerEvent: {}
[2.315751] (-) TimerEvent: {}
[2.417035] (-) TimerEvent: {}
[2.518456] (-) TimerEvent: {}
[2.620124] (-) TimerEvent: {}
[2.641789] (drone_controller) Command: {'cmd': ['/usr/bin/python3', '-W', 'ignore:setup.py install is deprecated', '-W', 'ignore:easy_install command is deprecated', 'setup.py', 'egg_info', '--egg-base', '../../build/drone_controller', 'build', '--build-base', '/home/orangepi/Multitask-Drone/build/drone_controller/build', 'install', '--record', '/home/orangepi/Multitask-Drone/build/drone_controller/install.log', '--single-version-externally-managed', 'install_data'], 'cwd': '/home/orangepi/Multitask-Drone/src/drone_controller', 'env': {'LESSOPEN': '| /usr/bin/lesspipe %s', 'UMS_MOUNTPOINT': '/mnt/ums', 'GST_V4L2_PREFERRED_FOURCC': 'NV12:YU12:NV16:YUY2', 'LANGUAGE': 'en_US.UTF-8', 'USER': 'orangepi', 'SSH_CLIENT': '192.168.137.1 27009 22', 'XDG_SESSION_TYPE': 'tty', 'GIT_ASKPASS': '/home/orangepi/.vscode-server/cli/servers/Stable-fabdb6a30b49f79a7aba0f2ad9df9b399473380f/server/extensions/git/dist/askpass.sh', 'SHLVL': '2', 'USB_FUNCS': 'adb', 'LD_LIBRARY_PATH': '/home/orangepi/Multitask-Drone/install/drone_interfaces/lib:/opt/ros/humble/opt/rviz_ogre_vendor/lib:/opt/ros/humble/lib/aarch64-linux-gnu:/opt/ros/humble/lib', 'BROWSER': '/home/orangepi/.vscode-server/cli/servers/Stable-fabdb6a30b49f79a7aba0f2ad9df9b399473380f/server/bin/helpers/browser.sh', 'MOTD_SHOWN': 'pam', 'HOME': '/home/orangepi', 'OLDPWD': '/home/orangepi', 'TERM_PROGRAM_VERSION': '1.96.2', 'VSCODE_IPC_HOOK_CLI': '/run/user/1000/vscode-ipc-3ad536e0-12ba-46d1-8bbf-c7b85e32e074.sock', 'GST_INSPECT_NO_COLORS': '1', 'GST_MPP_NO_RGA': '1', 'ROS_PYTHON_VERSION': '3', 'COGL_DRIVER': 'gles2', 'VSCODE_GIT_ASKPASS_MAIN': '/home/orangepi/.vscode-server/cli/servers/Stable-fabdb6a30b49f79a7aba0f2ad9df9b399473380f/server/extensions/git/dist/askpass-main.js', 'VSCODE_GIT_ASKPASS_NODE': '/home/orangepi/.vscode-server/cli/servers/Stable-fabdb6a30b49f79a7aba0f2ad9df9b399473380f/server/node', 'SSL_CERT_FILE': '/usr/lib/ssl/certs/ca-certificates.crt', 'DBUS_SESSION_BUS_ADDRESS': 'unix:path=/run/user/1000/bus', 'COLORTERM': 'truecolor', 'GST_V4L2SRC_MAX_RESOLUTION': '3840x2160', 'ROS_DISTRO': 'humble', 'LOGNAME': 'orangepi', '_': '/usr/bin/colcon', 'ROS_VERSION': '2', 'XDG_SESSION_CLASS': 'user', 'TERM': 'xterm-256color', 'GST_GL_API': 'gles2', 'XDG_SESSION_ID': '5', 'GST_VIDEO_CONVERT_PREFERRED_FORMAT': 'NV12:NV16:I420:YUY2', 'GST_V4L2SRC_RK_DEVICES': '_mainpath:_selfpath:_bypass:_scale', 'ROS_LOCALHOST_ONLY': '0', 'PATH': '/home/orangepi/.vscode-server/cli/servers/Stable-fabdb6a30b49f79a7aba0f2ad9df9b399473380f/server/bin/remote-cli:/home/orangepi/.local/bin:/opt/ros/humble/bin:/usr/local/sbin:/usr/local/bin:/usr/sbin:/usr/bin:/sbin:/bin:/usr/games:/usr/local/games:/snap/bin', 'XDG_RUNTIME_DIR': '/run/user/1000', 'GST_GL_PLATFORM': 'egl', 'GST_DEBUG_NO_COLOR': '1', 'SSL_CERT_DIR': '/usr/lib/ssl/certs', 'GST_V4L2SRC_DEFAULT_DEVICE': '/dev/video-camera0', 'DISPLAY': ':0', 'LANG': 'en_US.UTF-8', 'LS_COLORS': 'rs=0:di=01;34:ln=01;36:mh=00:pi=40;33:so=01;35:do=01;35:bd=40;33;01:cd=40;33;01:or=40;31;01:mi=00:su=37;41:sg=30;43:ca=30;41:tw=30;42:ow=34;42:st=37;44:ex=01;32:*.tar=01;31:*.tgz=01;31:*.arc=01;31:*.arj=01;31:*.taz=01;31:*.lha=01;31:*.lz4=01;31:*.lzh=01;31:*.lzma=01;31:*.tlz=01;31:*.txz=01;31:*.tzo=01;31:*.t7z=01;31:*.zip=01;31:*.z=01;31:*.dz=01;31:*.gz=01;31:*.lrz=01;31:*.lz=01;31:*.lzo=01;31:*.xz=01;31:*.zst=01;31:*.tzst=01;31:*.bz2=01;31:*.bz=01;31:*.tbz=01;31:*.tbz2=01;31:*.tz=01;31:*.deb=01;31:*.rpm=01;31:*.jar=01;31:*.war=01;31:*.ear=01;31:*.sar=01;31:*.rar=01;31:*.alz=01;31:*.ace=01;31:*.zoo=01;31:*.cpio=01;31:*.7z=01;31:*.rz=01;31:*.cab=01;31:*.wim=01;31:*.swm=01;31:*.dwm=01;31:*.esd=01;31:*.jpg=01;35:*.jpeg=01;35:*.mjpg=01;35:*.mjpeg=01;35:*.gif=01;35:*.bmp=01;35:*.pbm=01;35:*.pgm=01;35:*.ppm=01;35:*.tga=01;35:*.xbm=01;35:*.xpm=01;35:*.tif=01;35:*.tiff=01;35:*.png=01;35:*.svg=01;35:*.svgz=01;35:*.mng=01;35:*.pcx=01;35:*.mov=01;35:*.mpg=01;35:*.mpeg=01;35:*.m2v=01;35:*.mkv=01;35:*.webm=01;35:*.webp=01;35:*.ogm=01;35:*.mp4=01;35:*.m4v=01;35:*.mp4v=01;35:*.vob=01;35:*.qt=01;35:*.nuv=01;35:*.wmv=01;35:*.asf=01;35:*.rm=01;35:*.rmvb=01;35:*.flc=01;35:*.avi=01;35:*.fli=01;35:*.flv=01;35:*.gl=01;35:*.dl=01;35:*.xcf=01;35:*.xwd=01;35:*.yuv=01;35:*.cgm=01;35:*.emf=01;35:*.ogv=01;35:*.ogx=01;35:*.aac=00;36:*.au=00;36:*.flac=00;36:*.m4a=00;36:*.mid=00;36:*.midi=00;36:*.mka=00;36:*.mp3=00;36:*.mpc=00;36:*.ogg=00;36:*.ra=00;36:*.wav=00;36:*.oga=00;36:*.opus=00;36:*.spx=00;36:*.xspf=00;36:', 'VSCODE_GIT_IPC_HANDLE': '/run/user/1000/vscode-git-d88bdced48.sock', 'TERM_PROGRAM': 'vscode', 'GST_V4L2_USE_LIBV4L2': '1', 'UMS_SIZE': '256M', 'AMENT_PREFIX_PATH': '/home/orangepi/Multitask-Drone/install/drone_interfaces:/opt/ros/humble', 'LC_MESSAGES': 'en_US.UTF-8', 'SHELL': '/bin/bash', 'UMS_RO': '0', 'LESSCLOSE': '/usr/bin/lesspipe %s %s', 'UMS_FSTYPE': 'vfat', 'VSCODE_GIT_ASKPASS_EXTRA_ARGS': '', 'PWD': '/home/orangepi/Multitask-Drone/build/drone_controller', 'LC_ALL': 'en_US.UTF-8', 'SSH_CONNECTION': '192.168.137.1 27009 192.168.137.2 22', 'PYTHONPATH': '/home/orangepi/Multitask-Drone/build/drone_controller/prefix_override:/usr/lib/python3/dist-packages/colcon_core/task/python/colcon_distutils_commands:/home/orangepi/Multitask-Drone/install/drone_controller/lib/python3.10/site-packages:/home/orangepi/Multitask-Drone/install/drone_interfaces/local/lib/python3.10/dist-packages:/opt/ros/humble/lib/python3.10/site-packages:/opt/ros/humble/local/lib/python3.10/dist-packages', 'UMS_MOUNT': '0', 'COLCON': '1', 'UMS_FILE': '/userdata/ums_shared.img', 'CMAKE_PREFIX_PATH': '/home/orangepi/Multitask-Drone/install/drone_interfaces'}, 'shell': False}
[2.654466] (drone_vision) Command: {'cmd': ['/usr/bin/python3', '-W', 'ignore:setup.py install is deprecated', '-W', 'ignore:easy_install command is deprecated', 'setup.py', 'egg_info', '--egg-base', '../../build/drone_vision', 'build', '--build-base', '/home/orangepi/Multitask-Drone/build/drone_vision/build', 'install', '--record', '/home/orangepi/Multitask-Drone/build/drone_vision/install.log', '--single-version-externally-managed', 'install_data'], 'cwd': '/home/orangepi/Multitask-Drone/src/drone_vision', 'env': {'LESSOPEN': '| /usr/bin/lesspipe %s', 'UMS_MOUNTPOINT': '/mnt/ums', 'GST_V4L2_PREFERRED_FOURCC': 'NV12:YU12:NV16:YUY2', 'LANGUAGE': 'en_US.UTF-8', 'USER': 'orangepi', 'SSH_CLIENT': '192.168.137.1 27009 22', 'XDG_SESSION_TYPE': 'tty', 'GIT_ASKPASS': '/home/orangepi/.vscode-server/cli/servers/Stable-fabdb6a30b49f79a7aba0f2ad9df9b399473380f/server/extensions/git/dist/askpass.sh', 'SHLVL': '2', 'USB_FUNCS': 'adb', 'LD_LIBRARY_PATH': '/home/orangepi/Multitask-Drone/install/drone_interfaces/lib:/opt/ros/humble/opt/rviz_ogre_vendor/lib:/opt/ros/humble/lib/aarch64-linux-gnu:/opt/ros/humble/lib', 'BROWSER': '/home/orangepi/.vscode-server/cli/servers/Stable-fabdb6a30b49f79a7aba0f2ad9df9b399473380f/server/bin/helpers/browser.sh', 'MOTD_SHOWN': 'pam', 'HOME': '/home/orangepi', 'OLDPWD': '/home/orangepi', 'TERM_PROGRAM_VERSION': '1.96.2', 'VSCODE_IPC_HOOK_CLI': '/run/user/1000/vscode-ipc-3ad536e0-12ba-46d1-8bbf-c7b85e32e074.sock', 'GST_INSPECT_NO_COLORS': '1', 'GST_MPP_NO_RGA': '1', 'ROS_PYTHON_VERSION': '3', 'COGL_DRIVER': 'gles2', 'VSCODE_GIT_ASKPASS_MAIN': '/home/orangepi/.vscode-server/cli/servers/Stable-fabdb6a30b49f79a7aba0f2ad9df9b399473380f/server/extensions/git/dist/askpass-main.js', 'VSCODE_GIT_ASKPASS_NODE': '/home/orangepi/.vscode-server/cli/servers/Stable-fabdb6a30b49f79a7aba0f2ad9df9b399473380f/server/node', 'SSL_CERT_FILE': '/usr/lib/ssl/certs/ca-certificates.crt', 'DBUS_SESSION_BUS_ADDRESS': 'unix:path=/run/user/1000/bus', 'COLORTERM': 'truecolor', 'GST_V4L2SRC_MAX_RESOLUTION': '3840x2160', 'ROS_DISTRO': 'humble', 'LOGNAME': 'orangepi', '_': '/usr/bin/colcon', 'ROS_VERSION': '2', 'XDG_SESSION_CLASS': 'user', 'TERM': 'xterm-256color', 'GST_GL_API': 'gles2', 'XDG_SESSION_ID': '5', 'GST_VIDEO_CONVERT_PREFERRED_FORMAT': 'NV12:NV16:I420:YUY2', 'GST_V4L2SRC_RK_DEVICES': '_mainpath:_selfpath:_bypass:_scale', 'ROS_LOCALHOST_ONLY': '0', 'PATH': '/home/orangepi/.vscode-server/cli/servers/Stable-fabdb6a30b49f79a7aba0f2ad9df9b399473380f/server/bin/remote-cli:/home/orangepi/.local/bin:/opt/ros/humble/bin:/usr/local/sbin:/usr/local/bin:/usr/sbin:/usr/bin:/sbin:/bin:/usr/games:/usr/local/games:/snap/bin', 'XDG_RUNTIME_DIR': '/run/user/1000', 'GST_GL_PLATFORM': 'egl', 'GST_DEBUG_NO_COLOR': '1', 'SSL_CERT_DIR': '/usr/lib/ssl/certs', 'GST_V4L2SRC_DEFAULT_DEVICE': '/dev/video-camera0', 'DISPLAY': ':0', 'LANG': 'en_US.UTF-8', 'LS_COLORS': 'rs=0:di=01;34:ln=01;36:mh=00:pi=40;33:so=01;35:do=01;35:bd=40;33;01:cd=40;33;01:or=40;31;01:mi=00:su=37;41:sg=30;43:ca=30;41:tw=30;42:ow=34;42:st=37;44:ex=01;32:*.tar=01;31:*.tgz=01;31:*.arc=01;31:*.arj=01;31:*.taz=01;31:*.lha=01;31:*.lz4=01;31:*.lzh=01;31:*.lzma=01;31:*.tlz=01;31:*.txz=01;31:*.tzo=01;31:*.t7z=01;31:*.zip=01;31:*.z=01;31:*.dz=01;31:*.gz=01;31:*.lrz=01;31:*.lz=01;31:*.lzo=01;31:*.xz=01;31:*.zst=01;31:*.tzst=01;31:*.bz2=01;31:*.bz=01;31:*.tbz=01;31:*.tbz2=01;31:*.tz=01;31:*.deb=01;31:*.rpm=01;31:*.jar=01;31:*.war=01;31:*.ear=01;31:*.sar=01;31:*.rar=01;31:*.alz=01;31:*.ace=01;31:*.zoo=01;31:*.cpio=01;31:*.7z=01;31:*.rz=01;31:*.cab=01;31:*.wim=01;31:*.swm=01;31:*.dwm=01;31:*.esd=01;31:*.jpg=01;35:*.jpeg=01;35:*.mjpg=01;35:*.mjpeg=01;35:*.gif=01;35:*.bmp=01;35:*.pbm=01;35:*.pgm=01;35:*.ppm=01;35:*.tga=01;35:*.xbm=01;35:*.xpm=01;35:*.tif=01;35:*.tiff=01;35:*.png=01;35:*.svg=01;35:*.svgz=01;35:*.mng=01;35:*.pcx=01;35:*.mov=01;35:*.mpg=01;35:*.mpeg=01;35:*.m2v=01;35:*.mkv=01;35:*.webm=01;35:*.webp=01;35:*.ogm=01;35:*.mp4=01;35:*.m4v=01;35:*.mp4v=01;35:*.vob=01;35:*.qt=01;35:*.nuv=01;35:*.wmv=01;35:*.asf=01;35:*.rm=01;35:*.rmvb=01;35:*.flc=01;35:*.avi=01;35:*.fli=01;35:*.flv=01;35:*.gl=01;35:*.dl=01;35:*.xcf=01;35:*.xwd=01;35:*.yuv=01;35:*.cgm=01;35:*.emf=01;35:*.ogv=01;35:*.ogx=01;35:*.aac=00;36:*.au=00;36:*.flac=00;36:*.m4a=00;36:*.mid=00;36:*.midi=00;36:*.mka=00;36:*.mp3=00;36:*.mpc=00;36:*.ogg=00;36:*.ra=00;36:*.wav=00;36:*.oga=00;36:*.opus=00;36:*.spx=00;36:*.xspf=00;36:', 'VSCODE_GIT_IPC_HANDLE': '/run/user/1000/vscode-git-d88bdced48.sock', 'TERM_PROGRAM': 'vscode', 'GST_V4L2_USE_LIBV4L2': '1', 'UMS_SIZE': '256M', 'AMENT_PREFIX_PATH': '/home/orangepi/Multitask-Drone/install/drone_interfaces:/opt/ros/humble', 'LC_MESSAGES': 'en_US.UTF-8', 'SHELL': '/bin/bash', 'UMS_RO': '0', 'LESSCLOSE': '/usr/bin/lesspipe %s %s', 'UMS_FSTYPE': 'vfat', 'VSCODE_GIT_ASKPASS_EXTRA_ARGS': '', 'PWD': '/home/orangepi/Multitask-Drone/build/drone_vision', 'LC_ALL': 'en_US.UTF-8', 'SSH_CONNECTION': '192.168.137.1 27009 192.168.137.2 22', 'PYTHONPATH': '/home/orangepi/Multitask-Drone/build/drone_vision/prefix_override:/usr/lib/python3/dist-packages/colcon_core/task/python/colcon_distutils_commands:/home/orangepi/Multitask-Drone/install/drone_vision/lib/python3.10/site-packages:/home/orangepi/Multitask-Drone/install/drone_interfaces/local/lib/python3.10/dist-packages:/opt/ros/humble/lib/python3.10/site-packages:/opt/ros/humble/local/lib/python3.10/dist-packages', 'UMS_MOUNT': '0', 'COLCON': '1', 'UMS_FILE': '/userdata/ums_shared.img', 'CMAKE_PREFIX_PATH': '/home/orangepi/Multitask-Drone/install/drone_interfaces'}, 'shell': False}
[2.720312] (-) TimerEvent: {}
[2.821199] (-) TimerEvent: {}
[2.922343] (-) TimerEvent: {}
[2.966387] (drone_controller) StdoutLine: {'line': b'running egg_info\n'}
[2.967851] (drone_controller) StdoutLine: {'line': b'writing ../../build/drone_controller/drone_controller.egg-info/PKG-INFO\n'}
[2.968655] (drone_controller) StdoutLine: {'line': b'writing dependency_links to ../../build/drone_controller/drone_controller.egg-info/dependency_links.txt\n'}
[2.969454] (drone_controller) StdoutLine: {'line': b'writing entry points to ../../build/drone_controller/drone_controller.egg-info/entry_points.txt\n'}
[2.969950] (drone_controller) StdoutLine: {'line': b'writing requirements to ../../build/drone_controller/drone_controller.egg-info/requires.txt\n'}
[2.970376] (drone_controller) StdoutLine: {'line': b'writing top-level names to ../../build/drone_controller/drone_controller.egg-info/top_level.txt\n'}
[2.973240] (drone_controller) StdoutLine: {'line': b"reading manifest file '../../build/drone_controller/drone_controller.egg-info/SOURCES.txt'\n"}
[2.973931] (drone_controller) StdoutLine: {'line': b"adding license file 'LICENSE'\n"}
[2.974605] (drone_controller) StdoutLine: {'line': b"writing manifest file '../../build/drone_controller/drone_controller.egg-info/SOURCES.txt'\n"}
[2.975141] (drone_controller) StdoutLine: {'line': b'running build\n'}
[2.975594] (drone_controller) StdoutLine: {'line': b'running build_py\n'}
[2.976661] (drone_controller) StdoutLine: {'line': b'running install\n'}
[2.977261] (drone_controller) StdoutLine: {'line': b'running install_lib\n'}
[2.980147] (drone_controller) StdoutLine: {'line': b'running install_data\n'}
[2.980644] (drone_controller) StdoutLine: {'line': b'running install_egg_info\n'}
[2.983526] (drone_controller) StdoutLine: {'line': b"removing '/home/orangepi/Multitask-Drone/install/drone_controller/lib/python3.10/site-packages/drone_controller-0.0.0-py3.10.egg-info' (and everything under it)\n"}
[2.984395] (drone_controller) StdoutLine: {'line': b'Copying ../../build/drone_controller/drone_controller.egg-info to /home/orangepi/Multitask-Drone/install/drone_controller/lib/python3.10/site-packages/drone_controller-0.0.0-py3.10.egg-info\n'}
[2.985148] (drone_controller) StdoutLine: {'line': b'running install_scripts\n'}
[3.001174] (drone_vision) StdoutLine: {'line': b'running egg_info\n'}
[3.002787] (drone_vision) StdoutLine: {'line': b'writing ../../build/drone_vision/drone_vision.egg-info/PKG-INFO\n'}
[3.003685] (drone_vision) StdoutLine: {'line': b'writing dependency_links to ../../build/drone_vision/drone_vision.egg-info/dependency_links.txt\n'}
[3.004478] (drone_vision) StdoutLine: {'line': b'writing entry points to ../../build/drone_vision/drone_vision.egg-info/entry_points.txt\n'}
[3.005017] (drone_vision) StdoutLine: {'line': b'writing requirements to ../../build/drone_vision/drone_vision.egg-info/requires.txt\n'}
[3.005582] (drone_vision) StdoutLine: {'line': b'writing top-level names to ../../build/drone_vision/drone_vision.egg-info/top_level.txt\n'}
[3.008945] (drone_vision) StdoutLine: {'line': b"reading manifest file '../../build/drone_vision/drone_vision.egg-info/SOURCES.txt'\n"}
[3.010028] (drone_vision) StdoutLine: {'line': b"adding license file 'LICENSE'\n"}
[3.010838] (drone_vision) StdoutLine: {'line': b"writing manifest file '../../build/drone_vision/drone_vision.egg-info/SOURCES.txt'\n"}
[3.011283] (drone_vision) StdoutLine: {'line': b'running build\n'}
[3.011778] (drone_vision) StdoutLine: {'line': b'running build_py\n'}
[3.012305] (drone_vision) StdoutLine: {'line': b'running install\n'}
[3.012703] (drone_vision) StdoutLine: {'line': b'running install_lib\n'}
[3.014827] (drone_vision) StdoutLine: {'line': b'running install_data\n'}
[3.015293] (drone_vision) StdoutLine: {'line': b'running install_egg_info\n'}
[3.018446] (drone_vision) StdoutLine: {'line': b"removing '/home/orangepi/Multitask-Drone/install/drone_vision/lib/python3.10/site-packages/drone_vision-0.0.0-py3.10.egg-info' (and everything under it)\n"}
[3.019455] (drone_vision) StdoutLine: {'line': b'Copying ../../build/drone_vision/drone_vision.egg-info to /home/orangepi/Multitask-Drone/install/drone_vision/lib/python3.10/site-packages/drone_vision-0.0.0-py3.10.egg-info\n'}
[3.020118] (drone_vision) StdoutLine: {'line': b'running install_scripts\n'}
[3.022223] (drone_controller) StdoutLine: {'line': b'Installing drone_controller script to /home/orangepi/Multitask-Drone/install/drone_controller/lib/drone_controller\n'}
[3.023024] (-) TimerEvent: {}
[3.023515] (drone_controller) StdoutLine: {'line': b'Installing task_executor script to /home/orangepi/Multitask-Drone/install/drone_controller/lib/drone_controller\n'}
[3.024102] (drone_controller) StdoutLine: {'line': b'Installing waypoint_handler script to /home/orangepi/Multitask-Drone/install/drone_controller/lib/drone_controller\n'}
[3.024603] (drone_controller) StdoutLine: {'line': b'Installing yiku_test script to /home/orangepi/Multitask-Drone/install/drone_controller/lib/drone_controller\n'}
[3.025066] (drone_controller) StdoutLine: {'line': b"writing list of installed files to '/home/orangepi/Multitask-Drone/build/drone_controller/install.log'\n"}
[3.063175] (drone_vision) StdoutLine: {'line': b'Installing object_detector script to /home/orangepi/Multitask-Drone/install/drone_vision/lib/drone_vision\n'}
[3.064459] (drone_vision) StdoutLine: {'line': b"writing list of installed files to '/home/orangepi/Multitask-Drone/build/drone_vision/install.log'\n"}
[3.123676] (-) TimerEvent: {}
[3.138939] (drone_controller) CommandEnded: {'returncode': 0}
[3.162043] (drone_controller) JobEnded: {'identifier': 'drone_controller', 'rc': 0}
[3.170103] (drone_vision) CommandEnded: {'returncode': 0}
[3.201048] (drone_vision) JobEnded: {'identifier': 'drone_vision', 'rc': 0}
[3.203584] (-) EventReactorShutdown: {}
