[0.000000] (-) TimerEvent: {}
[0.000230] (drone_interfaces) JobQueued: {'identifier': 'drone_interfaces', 'dependencies': OrderedDict()}
[0.000326] (drone_monitor) JobQueued: {'identifier': 'drone_monitor', 'dependencies': OrderedDict()}
[0.000382] (drone_controller) JobQueued: {'identifier': 'drone_controller', 'dependencies': OrderedDict([('drone_interfaces', '/home/ccl/Multitask-Drone/install/drone_interfaces')])}
[0.000436] (drone_vision) JobQueued: {'identifier': 'drone_vision', 'dependencies': OrderedDict([('drone_interfaces', '/home/ccl/Multitask-Drone/install/drone_interfaces')])}
[0.000487] (drone_interfaces) JobStarted: {'identifier': 'drone_interfaces'}
[0.014694] (drone_monitor) JobStarted: {'identifier': 'drone_monitor'}
[0.030912] (drone_interfaces) JobProgress: {'identifier': 'drone_interfaces', 'progress': 'cmake'}
[0.037537] (drone_interfaces) JobProgress: {'identifier': 'drone_interfaces', 'progress': 'build'}
[0.037616] (drone_interfaces) Command: {'cmd': ['/usr/bin/cmake', '--build', '/home/ccl/Multitask-Drone/build/drone_interfaces', '--', '-j8', '-l8'], 'cwd': '/home/ccl/Multitask-Drone/build/drone_interfaces', 'env': OrderedDict([('GJS_DEBUG_TOPICS', 'JS ERROR;JS LOG'), ('LESSOPEN', '| /usr/bin/lesspipe %s'), ('SVGA_VGPU10', '0'), ('no_proxy', '127.0.0.1, localhost'), ('USER', 'ccl'), ('LC_TIME', 'zh_CN.UTF-8'), ('XDG_SESSION_TYPE', 'wayland'), ('GIT_ASKPASS', '/usr/share/code/resources/app/extensions/git/dist/askpass.sh'), ('SHLVL', '1'), ('LD_LIBRARY_PATH', '/home/ccl/Multitask-Drone/install/drone_interfaces/lib:/opt/ros/humble/opt/rviz_ogre_vendor/lib:/opt/ros/humble/lib/x86_64-linux-gnu:/opt/ros/humble/lib'), ('HOME', '/home/ccl'), ('CHROME_DESKTOP', 'code.desktop'), ('TERM_PROGRAM_VERSION', '1.98.0'), ('DESKTOP_SESSION', 'ubuntu'), ('GIO_LAUNCHED_DESKTOP_FILE', '/usr/share/applications/code.desktop'), ('ROS_PYTHON_VERSION', '3'), ('GNOME_SHELL_SESSION_MODE', 'ubuntu'), ('GTK_MODULES', 'gail:atk-bridge'), ('VSCODE_GIT_ASKPASS_MAIN', '/usr/share/code/resources/app/extensions/git/dist/askpass-main.js'), ('LC_MONETARY', 'zh_CN.UTF-8'), ('VSCODE_GIT_ASKPASS_NODE', '/usr/share/code/code'), ('MANAGERPID', '1158'), ('PYDEVD_DISABLE_FILE_VALIDATION', '1'), ('SYSTEMD_EXEC_PID', '1324'), ('BUNDLED_DEBUGPY_PATH', '/home/ccl/.vscode/extensions/ms-python.debugpy-2025.4.0-linux-x64/bundled/libs/debugpy'), ('IM_CONFIG_CHECK_ENV', '1'), ('DBUS_SESSION_BUS_ADDRESS', 'unix:path=/run/user/1000/bus'), ('COLORTERM', 'truecolor'), ('GIO_LAUNCHED_DESKTOP_FILE_PID', '4580'), ('IM_CONFIG_PHASE', '1'), ('WAYLAND_DISPLAY', 'wayland-0'), ('https_proxy', 'http://192.168.218.1:5555'), ('COLCON_PREFIX_PATH', '/home/ccl/Multitask-Drone/install'), ('ROS_DISTRO', 'humble'), ('GTK_IM_MODULE', 'fcitx'), ('LOGNAME', 'ccl'), ('http_proxy', 'http://192.168.218.1:5555'), ('JOURNAL_STREAM', '8:21923'), ('_', '/usr/bin/colcon'), ('ROS_VERSION', '2'), ('XDG_SESSION_CLASS', 'user'), ('USERNAME', 'ccl'), ('TERM', 'xterm-256color'), ('GNOME_DESKTOP_SESSION_ID', 'this-is-deprecated'), ('ROS_LOCALHOST_ONLY', '0'), ('PATH', '/home/ccl/.local/bin:/opt/ros/humble/bin:/home/ccl/.local/bin:/usr/local/sbin:/usr/local/bin:/usr/sbin:/usr/bin:/sbin:/bin:/usr/games:/usr/local/games:/snap/bin:/snap/bin:/usr/local/go/bin:/home/ccl/.vscode/extensions/ms-python.debugpy-2025.4.0-linux-x64/bundled/scripts/noConfigScripts:/usr/local/go/bin'), ('SESSION_MANAGER', 'local/ubuntu64:@/tmp/.ICE-unix/1286,unix/ubuntu64:/tmp/.ICE-unix/1286'), ('INVOCATION_ID', 'a2df986e80c248b180bb0004ea66587c'), ('XDG_MENU_PREFIX', 'gnome-'), ('LC_ADDRESS', 'zh_CN.UTF-8'), ('GNOME_SETUP_DISPLAY', ':1'), ('XDG_RUNTIME_DIR', '/run/user/1000'), ('GDK_BACKEND', 'x11'), ('DISPLAY', ':0'), ('VSCODE_DEBUGPY_ADAPTER_ENDPOINTS', '/home/ccl/.vscode/extensions/ms-python.debugpy-2025.4.0-linux-x64/.noConfigDebugAdapterEndpoints/endpoint-17a7e6cfd4e60750.txt'), ('LANG', 'en_US.UTF-8'), ('XDG_CURRENT_DESKTOP', 'Unity'), ('LC_TELEPHONE', 'zh_CN.UTF-8'), ('XMODIFIERS', '@im=fcitx'), ('XDG_SESSION_DESKTOP', 'ubuntu'), ('XAUTHORITY', '/run/user/1000/.mutter-Xwaylandauth.SG5222'), ('LS_COLORS', 'rs=0:di=01;34:ln=01;36:mh=00:pi=40;33:so=01;35:do=01;35:bd=40;33;01:cd=40;33;01:or=40;31;01:mi=00:su=37;41:sg=30;43:ca=30;41:tw=30;42:ow=34;42:st=37;44:ex=01;32:*.tar=01;31:*.tgz=01;31:*.arc=01;31:*.arj=01;31:*.taz=01;31:*.lha=01;31:*.lz4=01;31:*.lzh=01;31:*.lzma=01;31:*.tlz=01;31:*.txz=01;31:*.tzo=01;31:*.t7z=01;31:*.zip=01;31:*.z=01;31:*.dz=01;31:*.gz=01;31:*.lrz=01;31:*.lz=01;31:*.lzo=01;31:*.xz=01;31:*.zst=01;31:*.tzst=01;31:*.bz2=01;31:*.bz=01;31:*.tbz=01;31:*.tbz2=01;31:*.tz=01;31:*.deb=01;31:*.rpm=01;31:*.jar=01;31:*.war=01;31:*.ear=01;31:*.sar=01;31:*.rar=01;31:*.alz=01;31:*.ace=01;31:*.zoo=01;31:*.cpio=01;31:*.7z=01;31:*.rz=01;31:*.cab=01;31:*.wim=01;31:*.swm=01;31:*.dwm=01;31:*.esd=01;31:*.jpg=01;35:*.jpeg=01;35:*.mjpg=01;35:*.mjpeg=01;35:*.gif=01;35:*.bmp=01;35:*.pbm=01;35:*.pgm=01;35:*.ppm=01;35:*.tga=01;35:*.xbm=01;35:*.xpm=01;35:*.tif=01;35:*.tiff=01;35:*.png=01;35:*.svg=01;35:*.svgz=01;35:*.mng=01;35:*.pcx=01;35:*.mov=01;35:*.mpg=01;35:*.mpeg=01;35:*.m2v=01;35:*.mkv=01;35:*.webm=01;35:*.webp=01;35:*.ogm=01;35:*.mp4=01;35:*.m4v=01;35:*.mp4v=01;35:*.vob=01;35:*.qt=01;35:*.nuv=01;35:*.wmv=01;35:*.asf=01;35:*.rm=01;35:*.rmvb=01;35:*.flc=01;35:*.avi=01;35:*.fli=01;35:*.flv=01;35:*.gl=01;35:*.dl=01;35:*.xcf=01;35:*.xwd=01;35:*.yuv=01;35:*.cgm=01;35:*.emf=01;35:*.ogv=01;35:*.ogx=01;35:*.aac=00;36:*.au=00;36:*.flac=00;36:*.m4a=00;36:*.mid=00;36:*.midi=00;36:*.mka=00;36:*.mp3=00;36:*.mpc=00;36:*.ogg=00;36:*.ra=00;36:*.wav=00;36:*.oga=00;36:*.opus=00;36:*.spx=00;36:*.xspf=00;36:'), ('VSCODE_GIT_IPC_HANDLE', '/run/user/1000/vscode-git-9d2c69e155.sock'), ('TERM_PROGRAM', 'vscode'), ('SSH_AGENT_LAUNCHER', 'gnome-keyring'), ('SSH_AUTH_SOCK', '/run/user/1000/keyring/ssh'), ('AMENT_PREFIX_PATH', '/home/ccl/Multitask-Drone/install/drone_vision:/home/ccl/Multitask-Drone/install/drone_monitor:/home/ccl/Multitask-Drone/install/drone_controller:/home/ccl/Multitask-Drone/install/drone_interfaces:/opt/ros/humble'), ('QUIC_GO_LOG_LEVEL', 'debug'), ('ORIGINAL_XDG_CURRENT_DESKTOP', 'ubuntu:GNOME'), ('SHELL', '/bin/bash'), ('LC_NAME', 'zh_CN.UTF-8'), ('QT_ACCESSIBILITY', '1'), ('GDMSESSION', 'ubuntu'), ('LESSCLOSE', '/usr/bin/lesspipe %s %s'), ('LC_MEASUREMENT', 'zh_CN.UTF-8'), ('GJS_DEBUG_OUTPUT', 'stderr'), ('LC_IDENTIFICATION', 'zh_CN.UTF-8'), ('VSCODE_GIT_ASKPASS_EXTRA_ARGS', ''), ('QT_IM_MODULE', 'fcitx'), ('PWD', '/home/ccl/Multitask-Drone/build/drone_interfaces'), ('LC_ALL', 'en_US.UTF-8'), ('XDG_CONFIG_DIRS', '/etc/xdg/xdg-ubuntu:/etc/xdg'), ('CLUTTER_IM_MODULE', 'xim'), ('XDG_DATA_DIRS', '/usr/share/ubuntu:/usr/local/share/:/usr/share/:/var/lib/snapd/desktop'), ('PYTHONPATH', '/home/ccl/Multitask-Drone/install/drone_vision/lib/python3.10/site-packages:/home/ccl/Multitask-Drone/install/drone_monitor/lib/python3.10/site-packages:/home/ccl/Multitask-Drone/install/drone_controller/lib/python3.10/site-packages:/home/ccl/Multitask-Drone/install/drone_interfaces/local/lib/python3.10/dist-packages:/opt/ros/humble/lib/python3.10/site-packages:/opt/ros/humble/local/lib/python3.10/dist-packages'), ('LC_NUMERIC', 'zh_CN.UTF-8'), ('LC_PAPER', 'zh_CN.UTF-8'), ('COLCON', '1'), ('CMAKE_PREFIX_PATH', '/home/ccl/Multitask-Drone/install/drone_interfaces:/home/ccl/Multitask-Drone/install/drone_vision:/home/ccl/Multitask-Drone/install/drone_monitor:/home/ccl/Multitask-Drone/install/drone_controller:/opt/ros/humble')]), 'shell': False}
[0.099781] (-) TimerEvent: {}
[0.200272] (-) TimerEvent: {}
[0.247838] (drone_interfaces) StdoutLine: {'line': b'[  1%] Built target drone_interfaces__cpp\n'}
[0.300648] (-) TimerEvent: {}
[0.331681] (drone_interfaces) StdoutLine: {'line': b'[  1%] Built target ament_cmake_python_copy_drone_interfaces\n'}
[0.400983] (-) TimerEvent: {}
[0.408091] (drone_interfaces) StdoutLine: {'line': b'[ 12%] Built target drone_interfaces__rosidl_typesupport_introspection_cpp\n'}
[0.501962] (-) TimerEvent: {}
[0.604116] (-) TimerEvent: {}
[0.623795] (drone_interfaces) StdoutLine: {'line': b'running egg_info\n'}
[0.624034] (drone_interfaces) StdoutLine: {'line': b'writing drone_interfaces.egg-info/PKG-INFO\n'}
[0.624204] (drone_interfaces) StdoutLine: {'line': b'writing dependency_links to drone_interfaces.egg-info/dependency_links.txt\n'}
[0.624323] (drone_interfaces) StdoutLine: {'line': b'writing top-level names to drone_interfaces.egg-info/top_level.txt\n'}
[0.624570] (drone_interfaces) StdoutLine: {'line': b"reading manifest file 'drone_interfaces.egg-info/SOURCES.txt'\n"}
[0.625471] (drone_interfaces) StdoutLine: {'line': b"writing manifest file 'drone_interfaces.egg-info/SOURCES.txt'\n"}
[0.662931] (drone_interfaces) StdoutLine: {'line': b'[ 12%] Built target ament_cmake_python_build_drone_interfaces_egg\n'}
[0.704264] (-) TimerEvent: {}
[0.719648] (drone_interfaces) StdoutLine: {'line': b'[ 24%] Built target drone_interfaces__rosidl_typesupport_fastrtps_cpp\n'}
[0.783795] (drone_interfaces) StdoutLine: {'line': b'[ 35%] Built target drone_interfaces__rosidl_typesupport_cpp\n'}
[0.804400] (-) TimerEvent: {}
[0.835627] (drone_interfaces) StdoutLine: {'line': b'[ 47%] Built target drone_interfaces__rosidl_generator_c\n'}
[0.862781] (drone_monitor) Command: {'cmd': ['/usr/bin/python3', '-W', 'ignore:setup.py install is deprecated', '-W', 'ignore:easy_install command is deprecated', 'setup.py', 'egg_info', '--egg-base', '../../build/drone_monitor', 'build', '--build-base', '/home/ccl/Multitask-Drone/build/drone_monitor/build', 'install', '--record', '/home/ccl/Multitask-Drone/build/drone_monitor/install.log', '--single-version-externally-managed', 'install_data'], 'cwd': '/home/ccl/Multitask-Drone/src/drone_monitor', 'env': {'GJS_DEBUG_TOPICS': 'JS ERROR;JS LOG', 'LESSOPEN': '| /usr/bin/lesspipe %s', 'SVGA_VGPU10': '0', 'no_proxy': '127.0.0.1, localhost', 'USER': 'ccl', 'LC_TIME': 'zh_CN.UTF-8', 'XDG_SESSION_TYPE': 'wayland', 'GIT_ASKPASS': '/usr/share/code/resources/app/extensions/git/dist/askpass.sh', 'SHLVL': '1', 'LD_LIBRARY_PATH': '/home/ccl/Multitask-Drone/install/drone_interfaces/lib:/opt/ros/humble/opt/rviz_ogre_vendor/lib:/opt/ros/humble/lib/x86_64-linux-gnu:/opt/ros/humble/lib', 'HOME': '/home/ccl', 'CHROME_DESKTOP': 'code.desktop', 'TERM_PROGRAM_VERSION': '1.98.0', 'DESKTOP_SESSION': 'ubuntu', 'GIO_LAUNCHED_DESKTOP_FILE': '/usr/share/applications/code.desktop', 'ROS_PYTHON_VERSION': '3', 'GNOME_SHELL_SESSION_MODE': 'ubuntu', 'GTK_MODULES': 'gail:atk-bridge', 'VSCODE_GIT_ASKPASS_MAIN': '/usr/share/code/resources/app/extensions/git/dist/askpass-main.js', 'LC_MONETARY': 'zh_CN.UTF-8', 'VSCODE_GIT_ASKPASS_NODE': '/usr/share/code/code', 'MANAGERPID': '1158', 'PYDEVD_DISABLE_FILE_VALIDATION': '1', 'SYSTEMD_EXEC_PID': '1324', 'BUNDLED_DEBUGPY_PATH': '/home/ccl/.vscode/extensions/ms-python.debugpy-2025.4.0-linux-x64/bundled/libs/debugpy', 'IM_CONFIG_CHECK_ENV': '1', 'DBUS_SESSION_BUS_ADDRESS': 'unix:path=/run/user/1000/bus', 'COLORTERM': 'truecolor', 'GIO_LAUNCHED_DESKTOP_FILE_PID': '4580', 'IM_CONFIG_PHASE': '1', 'WAYLAND_DISPLAY': 'wayland-0', 'https_proxy': 'http://192.168.218.1:5555', 'COLCON_PREFIX_PATH': '/home/ccl/Multitask-Drone/install', 'ROS_DISTRO': 'humble', 'GTK_IM_MODULE': 'fcitx', 'LOGNAME': 'ccl', 'http_proxy': 'http://192.168.218.1:5555', 'JOURNAL_STREAM': '8:21923', '_': '/usr/bin/colcon', 'ROS_VERSION': '2', 'XDG_SESSION_CLASS': 'user', 'USERNAME': 'ccl', 'TERM': 'xterm-256color', 'GNOME_DESKTOP_SESSION_ID': 'this-is-deprecated', 'ROS_LOCALHOST_ONLY': '0', 'PATH': '/home/ccl/.local/bin:/opt/ros/humble/bin:/home/ccl/.local/bin:/usr/local/sbin:/usr/local/bin:/usr/sbin:/usr/bin:/sbin:/bin:/usr/games:/usr/local/games:/snap/bin:/snap/bin:/usr/local/go/bin:/home/ccl/.vscode/extensions/ms-python.debugpy-2025.4.0-linux-x64/bundled/scripts/noConfigScripts:/usr/local/go/bin', 'SESSION_MANAGER': 'local/ubuntu64:@/tmp/.ICE-unix/1286,unix/ubuntu64:/tmp/.ICE-unix/1286', 'INVOCATION_ID': 'a2df986e80c248b180bb0004ea66587c', 'XDG_MENU_PREFIX': 'gnome-', 'LC_ADDRESS': 'zh_CN.UTF-8', 'GNOME_SETUP_DISPLAY': ':1', 'XDG_RUNTIME_DIR': '/run/user/1000', 'GDK_BACKEND': 'x11', 'DISPLAY': ':0', 'VSCODE_DEBUGPY_ADAPTER_ENDPOINTS': '/home/ccl/.vscode/extensions/ms-python.debugpy-2025.4.0-linux-x64/.noConfigDebugAdapterEndpoints/endpoint-17a7e6cfd4e60750.txt', 'LANG': 'en_US.UTF-8', 'XDG_CURRENT_DESKTOP': 'Unity', 'LC_TELEPHONE': 'zh_CN.UTF-8', 'XMODIFIERS': '@im=fcitx', 'XDG_SESSION_DESKTOP': 'ubuntu', 'XAUTHORITY': '/run/user/1000/.mutter-Xwaylandauth.SG5222', 'LS_COLORS': 'rs=0:di=01;34:ln=01;36:mh=00:pi=40;33:so=01;35:do=01;35:bd=40;33;01:cd=40;33;01:or=40;31;01:mi=00:su=37;41:sg=30;43:ca=30;41:tw=30;42:ow=34;42:st=37;44:ex=01;32:*.tar=01;31:*.tgz=01;31:*.arc=01;31:*.arj=01;31:*.taz=01;31:*.lha=01;31:*.lz4=01;31:*.lzh=01;31:*.lzma=01;31:*.tlz=01;31:*.txz=01;31:*.tzo=01;31:*.t7z=01;31:*.zip=01;31:*.z=01;31:*.dz=01;31:*.gz=01;31:*.lrz=01;31:*.lz=01;31:*.lzo=01;31:*.xz=01;31:*.zst=01;31:*.tzst=01;31:*.bz2=01;31:*.bz=01;31:*.tbz=01;31:*.tbz2=01;31:*.tz=01;31:*.deb=01;31:*.rpm=01;31:*.jar=01;31:*.war=01;31:*.ear=01;31:*.sar=01;31:*.rar=01;31:*.alz=01;31:*.ace=01;31:*.zoo=01;31:*.cpio=01;31:*.7z=01;31:*.rz=01;31:*.cab=01;31:*.wim=01;31:*.swm=01;31:*.dwm=01;31:*.esd=01;31:*.jpg=01;35:*.jpeg=01;35:*.mjpg=01;35:*.mjpeg=01;35:*.gif=01;35:*.bmp=01;35:*.pbm=01;35:*.pgm=01;35:*.ppm=01;35:*.tga=01;35:*.xbm=01;35:*.xpm=01;35:*.tif=01;35:*.tiff=01;35:*.png=01;35:*.svg=01;35:*.svgz=01;35:*.mng=01;35:*.pcx=01;35:*.mov=01;35:*.mpg=01;35:*.mpeg=01;35:*.m2v=01;35:*.mkv=01;35:*.webm=01;35:*.webp=01;35:*.ogm=01;35:*.mp4=01;35:*.m4v=01;35:*.mp4v=01;35:*.vob=01;35:*.qt=01;35:*.nuv=01;35:*.wmv=01;35:*.asf=01;35:*.rm=01;35:*.rmvb=01;35:*.flc=01;35:*.avi=01;35:*.fli=01;35:*.flv=01;35:*.gl=01;35:*.dl=01;35:*.xcf=01;35:*.xwd=01;35:*.yuv=01;35:*.cgm=01;35:*.emf=01;35:*.ogv=01;35:*.ogx=01;35:*.aac=00;36:*.au=00;36:*.flac=00;36:*.m4a=00;36:*.mid=00;36:*.midi=00;36:*.mka=00;36:*.mp3=00;36:*.mpc=00;36:*.ogg=00;36:*.ra=00;36:*.wav=00;36:*.oga=00;36:*.opus=00;36:*.spx=00;36:*.xspf=00;36:', 'VSCODE_GIT_IPC_HANDLE': '/run/user/1000/vscode-git-9d2c69e155.sock', 'TERM_PROGRAM': 'vscode', 'SSH_AGENT_LAUNCHER': 'gnome-keyring', 'SSH_AUTH_SOCK': '/run/user/1000/keyring/ssh', 'AMENT_PREFIX_PATH': '/home/ccl/Multitask-Drone/install/drone_vision:/home/ccl/Multitask-Drone/install/drone_monitor:/home/ccl/Multitask-Drone/install/drone_controller:/home/ccl/Multitask-Drone/install/drone_interfaces:/opt/ros/humble', 'QUIC_GO_LOG_LEVEL': 'debug', 'ORIGINAL_XDG_CURRENT_DESKTOP': 'ubuntu:GNOME', 'SHELL': '/bin/bash', 'LC_NAME': 'zh_CN.UTF-8', 'QT_ACCESSIBILITY': '1', 'GDMSESSION': 'ubuntu', 'LESSCLOSE': '/usr/bin/lesspipe %s %s', 'LC_MEASUREMENT': 'zh_CN.UTF-8', 'GJS_DEBUG_OUTPUT': 'stderr', 'LC_IDENTIFICATION': 'zh_CN.UTF-8', 'VSCODE_GIT_ASKPASS_EXTRA_ARGS': '', 'QT_IM_MODULE': 'fcitx', 'PWD': '/home/ccl/Multitask-Drone/build/drone_monitor', 'LC_ALL': 'en_US.UTF-8', 'XDG_CONFIG_DIRS': '/etc/xdg/xdg-ubuntu:/etc/xdg', 'CLUTTER_IM_MODULE': 'xim', 'XDG_DATA_DIRS': '/usr/share/ubuntu:/usr/local/share/:/usr/share/:/var/lib/snapd/desktop', 'PYTHONPATH': '/home/ccl/Multitask-Drone/build/drone_monitor/prefix_override:/usr/lib/python3/dist-packages/colcon_core/task/python/colcon_distutils_commands:/home/ccl/Multitask-Drone/install/drone_monitor/lib/python3.10/site-packages:/home/ccl/Multitask-Drone/install/drone_vision/lib/python3.10/site-packages:/home/ccl/Multitask-Drone/install/drone_monitor/lib/python3.10/site-packages:/home/ccl/Multitask-Drone/install/drone_controller/lib/python3.10/site-packages:/home/ccl/Multitask-Drone/install/drone_interfaces/local/lib/python3.10/dist-packages:/opt/ros/humble/lib/python3.10/site-packages:/opt/ros/humble/local/lib/python3.10/dist-packages', 'LC_NUMERIC': 'zh_CN.UTF-8', 'LC_PAPER': 'zh_CN.UTF-8', 'COLCON': '1', 'CMAKE_PREFIX_PATH': '/home/ccl/Multitask-Drone/install/drone_interfaces'}, 'shell': False}
[0.901950] (drone_interfaces) StdoutLine: {'line': b'[ 58%] Built target drone_interfaces__rosidl_typesupport_fastrtps_c\n'}
[0.904556] (-) TimerEvent: {}
[0.951858] (drone_interfaces) StdoutLine: {'line': b'[ 70%] Built target drone_interfaces__rosidl_typesupport_c\n'}
[0.994673] (drone_interfaces) StdoutLine: {'line': b'[ 82%] Built target drone_interfaces__rosidl_typesupport_introspection_c\n'}
[1.004691] (-) TimerEvent: {}
[1.033481] (drone_interfaces) StdoutLine: {'line': b'[ 82%] Built target drone_interfaces\n'}
[1.076321] (drone_interfaces) StdoutLine: {'line': b'[ 83%] Built target drone_interfaces__py\n'}
[1.104828] (-) TimerEvent: {}
[1.106256] (drone_monitor) StdoutLine: {'line': b'running egg_info\n'}
[1.106730] (drone_monitor) StdoutLine: {'line': b'writing ../../build/drone_monitor/drone_monitor.egg-info/PKG-INFO\n'}
[1.107230] (drone_monitor) StdoutLine: {'line': b'writing dependency_links to ../../build/drone_monitor/drone_monitor.egg-info/dependency_links.txt\n'}
[1.107546] (drone_monitor) StdoutLine: {'line': b'writing entry points to ../../build/drone_monitor/drone_monitor.egg-info/entry_points.txt\n'}
[1.107753] (drone_monitor) StdoutLine: {'line': b'writing requirements to ../../build/drone_monitor/drone_monitor.egg-info/requires.txt\n'}
[1.107839] (drone_monitor) StdoutLine: {'line': b'writing top-level names to ../../build/drone_monitor/drone_monitor.egg-info/top_level.txt\n'}
[1.109100] (drone_monitor) StdoutLine: {'line': b"reading manifest file '../../build/drone_monitor/drone_monitor.egg-info/SOURCES.txt'\n"}
[1.111527] (drone_monitor) StdoutLine: {'line': b"adding license file 'LICENSE'\n"}
[1.111675] (drone_monitor) StdoutLine: {'line': b"writing manifest file '../../build/drone_monitor/drone_monitor.egg-info/SOURCES.txt'\n"}
[1.111734] (drone_monitor) StdoutLine: {'line': b'running build\n'}
[1.111778] (drone_monitor) StdoutLine: {'line': b'running build_py\n'}
[1.112289] (drone_monitor) StdoutLine: {'line': b'running install\n'}
[1.112417] (drone_monitor) StdoutLine: {'line': b'running install_lib\n'}
[1.113774] (drone_monitor) StdoutLine: {'line': b'running install_data\n'}
[1.114530] (drone_monitor) StdoutLine: {'line': b'running install_egg_info\n'}
[1.115608] (drone_monitor) StdoutLine: {'line': b"removing '/home/ccl/Multitask-Drone/install/drone_monitor/lib/python3.10/site-packages/drone_monitor-0.0.0-py3.10.egg-info' (and everything under it)\n"}
[1.117526] (drone_monitor) StdoutLine: {'line': b'Copying ../../build/drone_monitor/drone_monitor.egg-info to /home/ccl/Multitask-Drone/install/drone_monitor/lib/python3.10/site-packages/drone_monitor-0.0.0-py3.10.egg-info\n'}
[1.119400] (drone_monitor) StdoutLine: {'line': b'running install_scripts\n'}
[1.130189] (drone_interfaces) StdoutLine: {'line': b'[ 93%] Built target drone_interfaces__rosidl_generator_py\n'}
[1.140777] (drone_monitor) StdoutLine: {'line': b"writing list of installed files to '/home/ccl/Multitask-Drone/build/drone_monitor/install.log'\n"}
[1.163778] (drone_monitor) CommandEnded: {'returncode': 0}
[1.182385] (drone_interfaces) StdoutLine: {'line': b'[ 95%] Built target drone_interfaces__rosidl_typesupport_fastrtps_c__pyext\n'}
[1.197544] (drone_monitor) JobEnded: {'identifier': 'drone_monitor', 'rc': 0}
[1.204942] (-) TimerEvent: {}
[1.234389] (drone_interfaces) StdoutLine: {'line': b'[ 97%] Built target drone_interfaces__rosidl_typesupport_c__pyext\n'}
[1.285385] (drone_interfaces) StdoutLine: {'line': b'[100%] Built target drone_interfaces__rosidl_typesupport_introspection_c__pyext\n'}
[1.303811] (drone_interfaces) CommandEnded: {'returncode': 0}
[1.305027] (-) TimerEvent: {}
[1.307019] (drone_interfaces) JobProgress: {'identifier': 'drone_interfaces', 'progress': 'install'}
[1.322478] (drone_interfaces) Command: {'cmd': ['/usr/bin/cmake', '--install', '/home/ccl/Multitask-Drone/build/drone_interfaces'], 'cwd': '/home/ccl/Multitask-Drone/build/drone_interfaces', 'env': OrderedDict([('GJS_DEBUG_TOPICS', 'JS ERROR;JS LOG'), ('LESSOPEN', '| /usr/bin/lesspipe %s'), ('SVGA_VGPU10', '0'), ('no_proxy', '127.0.0.1, localhost'), ('USER', 'ccl'), ('LC_TIME', 'zh_CN.UTF-8'), ('XDG_SESSION_TYPE', 'wayland'), ('GIT_ASKPASS', '/usr/share/code/resources/app/extensions/git/dist/askpass.sh'), ('SHLVL', '1'), ('LD_LIBRARY_PATH', '/home/ccl/Multitask-Drone/install/drone_interfaces/lib:/opt/ros/humble/opt/rviz_ogre_vendor/lib:/opt/ros/humble/lib/x86_64-linux-gnu:/opt/ros/humble/lib'), ('HOME', '/home/ccl'), ('CHROME_DESKTOP', 'code.desktop'), ('TERM_PROGRAM_VERSION', '1.98.0'), ('DESKTOP_SESSION', 'ubuntu'), ('GIO_LAUNCHED_DESKTOP_FILE', '/usr/share/applications/code.desktop'), ('ROS_PYTHON_VERSION', '3'), ('GNOME_SHELL_SESSION_MODE', 'ubuntu'), ('GTK_MODULES', 'gail:atk-bridge'), ('VSCODE_GIT_ASKPASS_MAIN', '/usr/share/code/resources/app/extensions/git/dist/askpass-main.js'), ('LC_MONETARY', 'zh_CN.UTF-8'), ('VSCODE_GIT_ASKPASS_NODE', '/usr/share/code/code'), ('MANAGERPID', '1158'), ('PYDEVD_DISABLE_FILE_VALIDATION', '1'), ('SYSTEMD_EXEC_PID', '1324'), ('BUNDLED_DEBUGPY_PATH', '/home/ccl/.vscode/extensions/ms-python.debugpy-2025.4.0-linux-x64/bundled/libs/debugpy'), ('IM_CONFIG_CHECK_ENV', '1'), ('DBUS_SESSION_BUS_ADDRESS', 'unix:path=/run/user/1000/bus'), ('COLORTERM', 'truecolor'), ('GIO_LAUNCHED_DESKTOP_FILE_PID', '4580'), ('IM_CONFIG_PHASE', '1'), ('WAYLAND_DISPLAY', 'wayland-0'), ('https_proxy', 'http://192.168.218.1:5555'), ('COLCON_PREFIX_PATH', '/home/ccl/Multitask-Drone/install'), ('ROS_DISTRO', 'humble'), ('GTK_IM_MODULE', 'fcitx'), ('LOGNAME', 'ccl'), ('http_proxy', 'http://192.168.218.1:5555'), ('JOURNAL_STREAM', '8:21923'), ('_', '/usr/bin/colcon'), ('ROS_VERSION', '2'), ('XDG_SESSION_CLASS', 'user'), ('USERNAME', 'ccl'), ('TERM', 'xterm-256color'), ('GNOME_DESKTOP_SESSION_ID', 'this-is-deprecated'), ('ROS_LOCALHOST_ONLY', '0'), ('PATH', '/home/ccl/.local/bin:/opt/ros/humble/bin:/home/ccl/.local/bin:/usr/local/sbin:/usr/local/bin:/usr/sbin:/usr/bin:/sbin:/bin:/usr/games:/usr/local/games:/snap/bin:/snap/bin:/usr/local/go/bin:/home/ccl/.vscode/extensions/ms-python.debugpy-2025.4.0-linux-x64/bundled/scripts/noConfigScripts:/usr/local/go/bin'), ('SESSION_MANAGER', 'local/ubuntu64:@/tmp/.ICE-unix/1286,unix/ubuntu64:/tmp/.ICE-unix/1286'), ('INVOCATION_ID', 'a2df986e80c248b180bb0004ea66587c'), ('XDG_MENU_PREFIX', 'gnome-'), ('LC_ADDRESS', 'zh_CN.UTF-8'), ('GNOME_SETUP_DISPLAY', ':1'), ('XDG_RUNTIME_DIR', '/run/user/1000'), ('GDK_BACKEND', 'x11'), ('DISPLAY', ':0'), ('VSCODE_DEBUGPY_ADAPTER_ENDPOINTS', '/home/ccl/.vscode/extensions/ms-python.debugpy-2025.4.0-linux-x64/.noConfigDebugAdapterEndpoints/endpoint-17a7e6cfd4e60750.txt'), ('LANG', 'en_US.UTF-8'), ('XDG_CURRENT_DESKTOP', 'Unity'), ('LC_TELEPHONE', 'zh_CN.UTF-8'), ('XMODIFIERS', '@im=fcitx'), ('XDG_SESSION_DESKTOP', 'ubuntu'), ('XAUTHORITY', '/run/user/1000/.mutter-Xwaylandauth.SG5222'), ('LS_COLORS', 'rs=0:di=01;34:ln=01;36:mh=00:pi=40;33:so=01;35:do=01;35:bd=40;33;01:cd=40;33;01:or=40;31;01:mi=00:su=37;41:sg=30;43:ca=30;41:tw=30;42:ow=34;42:st=37;44:ex=01;32:*.tar=01;31:*.tgz=01;31:*.arc=01;31:*.arj=01;31:*.taz=01;31:*.lha=01;31:*.lz4=01;31:*.lzh=01;31:*.lzma=01;31:*.tlz=01;31:*.txz=01;31:*.tzo=01;31:*.t7z=01;31:*.zip=01;31:*.z=01;31:*.dz=01;31:*.gz=01;31:*.lrz=01;31:*.lz=01;31:*.lzo=01;31:*.xz=01;31:*.zst=01;31:*.tzst=01;31:*.bz2=01;31:*.bz=01;31:*.tbz=01;31:*.tbz2=01;31:*.tz=01;31:*.deb=01;31:*.rpm=01;31:*.jar=01;31:*.war=01;31:*.ear=01;31:*.sar=01;31:*.rar=01;31:*.alz=01;31:*.ace=01;31:*.zoo=01;31:*.cpio=01;31:*.7z=01;31:*.rz=01;31:*.cab=01;31:*.wim=01;31:*.swm=01;31:*.dwm=01;31:*.esd=01;31:*.jpg=01;35:*.jpeg=01;35:*.mjpg=01;35:*.mjpeg=01;35:*.gif=01;35:*.bmp=01;35:*.pbm=01;35:*.pgm=01;35:*.ppm=01;35:*.tga=01;35:*.xbm=01;35:*.xpm=01;35:*.tif=01;35:*.tiff=01;35:*.png=01;35:*.svg=01;35:*.svgz=01;35:*.mng=01;35:*.pcx=01;35:*.mov=01;35:*.mpg=01;35:*.mpeg=01;35:*.m2v=01;35:*.mkv=01;35:*.webm=01;35:*.webp=01;35:*.ogm=01;35:*.mp4=01;35:*.m4v=01;35:*.mp4v=01;35:*.vob=01;35:*.qt=01;35:*.nuv=01;35:*.wmv=01;35:*.asf=01;35:*.rm=01;35:*.rmvb=01;35:*.flc=01;35:*.avi=01;35:*.fli=01;35:*.flv=01;35:*.gl=01;35:*.dl=01;35:*.xcf=01;35:*.xwd=01;35:*.yuv=01;35:*.cgm=01;35:*.emf=01;35:*.ogv=01;35:*.ogx=01;35:*.aac=00;36:*.au=00;36:*.flac=00;36:*.m4a=00;36:*.mid=00;36:*.midi=00;36:*.mka=00;36:*.mp3=00;36:*.mpc=00;36:*.ogg=00;36:*.ra=00;36:*.wav=00;36:*.oga=00;36:*.opus=00;36:*.spx=00;36:*.xspf=00;36:'), ('VSCODE_GIT_IPC_HANDLE', '/run/user/1000/vscode-git-9d2c69e155.sock'), ('TERM_PROGRAM', 'vscode'), ('SSH_AGENT_LAUNCHER', 'gnome-keyring'), ('SSH_AUTH_SOCK', '/run/user/1000/keyring/ssh'), ('AMENT_PREFIX_PATH', '/home/ccl/Multitask-Drone/install/drone_vision:/home/ccl/Multitask-Drone/install/drone_monitor:/home/ccl/Multitask-Drone/install/drone_controller:/home/ccl/Multitask-Drone/install/drone_interfaces:/opt/ros/humble'), ('QUIC_GO_LOG_LEVEL', 'debug'), ('ORIGINAL_XDG_CURRENT_DESKTOP', 'ubuntu:GNOME'), ('SHELL', '/bin/bash'), ('LC_NAME', 'zh_CN.UTF-8'), ('QT_ACCESSIBILITY', '1'), ('GDMSESSION', 'ubuntu'), ('LESSCLOSE', '/usr/bin/lesspipe %s %s'), ('LC_MEASUREMENT', 'zh_CN.UTF-8'), ('GJS_DEBUG_OUTPUT', 'stderr'), ('LC_IDENTIFICATION', 'zh_CN.UTF-8'), ('VSCODE_GIT_ASKPASS_EXTRA_ARGS', ''), ('QT_IM_MODULE', 'fcitx'), ('PWD', '/home/ccl/Multitask-Drone/build/drone_interfaces'), ('LC_ALL', 'en_US.UTF-8'), ('XDG_CONFIG_DIRS', '/etc/xdg/xdg-ubuntu:/etc/xdg'), ('CLUTTER_IM_MODULE', 'xim'), ('XDG_DATA_DIRS', '/usr/share/ubuntu:/usr/local/share/:/usr/share/:/var/lib/snapd/desktop'), ('PYTHONPATH', '/home/ccl/Multitask-Drone/install/drone_vision/lib/python3.10/site-packages:/home/ccl/Multitask-Drone/install/drone_monitor/lib/python3.10/site-packages:/home/ccl/Multitask-Drone/install/drone_controller/lib/python3.10/site-packages:/home/ccl/Multitask-Drone/install/drone_interfaces/local/lib/python3.10/dist-packages:/opt/ros/humble/lib/python3.10/site-packages:/opt/ros/humble/local/lib/python3.10/dist-packages'), ('LC_NUMERIC', 'zh_CN.UTF-8'), ('LC_PAPER', 'zh_CN.UTF-8'), ('COLCON', '1'), ('CMAKE_PREFIX_PATH', '/home/ccl/Multitask-Drone/install/drone_interfaces:/home/ccl/Multitask-Drone/install/drone_vision:/home/ccl/Multitask-Drone/install/drone_monitor:/home/ccl/Multitask-Drone/install/drone_controller:/opt/ros/humble')]), 'shell': False}
[1.337309] (drone_interfaces) StdoutLine: {'line': b'-- Install configuration: ""\n'}
[1.339230] (drone_interfaces) StdoutLine: {'line': b'-- Up-to-date: /home/ccl/Multitask-Drone/install/drone_interfaces/share/ament_index/resource_index/rosidl_interfaces/drone_interfaces\n'}
[1.339484] (drone_interfaces) StdoutLine: {'line': b'-- Up-to-date: /home/ccl/Multitask-Drone/install/drone_interfaces/include/drone_interfaces/drone_interfaces\n'}
[1.339598] (drone_interfaces) StdoutLine: {'line': b'-- Up-to-date: /home/ccl/Multitask-Drone/install/drone_interfaces/include/drone_interfaces/drone_interfaces/msg\n'}
[1.339646] (drone_interfaces) StdoutLine: {'line': b'-- Up-to-date: /home/ccl/Multitask-Drone/install/drone_interfaces/include/drone_interfaces/drone_interfaces/msg/yaw.h\n'}
[1.339689] (drone_interfaces) StdoutLine: {'line': b'-- Up-to-date: /home/ccl/Multitask-Drone/install/drone_interfaces/include/drone_interfaces/drone_interfaces/msg/rosidl_generator_c__visibility_control.h\n'}
[1.339740] (drone_interfaces) StdoutLine: {'line': b'-- Up-to-date: /home/ccl/Multitask-Drone/install/drone_interfaces/include/drone_interfaces/drone_interfaces/msg/task_state.h\n'}
[1.339784] (drone_interfaces) StdoutLine: {'line': b'-- Up-to-date: /home/ccl/Multitask-Drone/install/drone_interfaces/include/drone_interfaces/drone_interfaces/msg/task.h\n'}
[1.340102] (drone_interfaces) StdoutLine: {'line': b'-- Up-to-date: /home/ccl/Multitask-Drone/install/drone_interfaces/include/drone_interfaces/drone_interfaces/msg/detail\n'}
[1.340164] (drone_interfaces) StdoutLine: {'line': b'-- Up-to-date: /home/ccl/Multitask-Drone/install/drone_interfaces/include/drone_interfaces/drone_interfaces/msg/detail/panel_box__functions.h\n'}
[1.340208] (drone_interfaces) StdoutLine: {'line': b'-- Up-to-date: /home/ccl/Multitask-Drone/install/drone_interfaces/include/drone_interfaces/drone_interfaces/msg/detail/raw_waypoint__struct.h\n'}
[1.340251] (drone_interfaces) StdoutLine: {'line': b'-- Up-to-date: /home/ccl/Multitask-Drone/install/drone_interfaces/include/drone_interfaces/drone_interfaces/msg/detail/task__functions.c\n'}
[1.340302] (drone_interfaces) StdoutLine: {'line': b'-- Up-to-date: /home/ccl/Multitask-Drone/install/drone_interfaces/include/drone_interfaces/drone_interfaces/msg/detail/task__functions.h\n'}
[1.340341] (drone_interfaces) StdoutLine: {'line': b'-- Up-to-date: /home/ccl/Multitask-Drone/install/drone_interfaces/include/drone_interfaces/drone_interfaces/msg/detail/task__struct.h\n'}
[1.340383] (drone_interfaces) StdoutLine: {'line': b'-- Up-to-date: /home/ccl/Multitask-Drone/install/drone_interfaces/include/drone_interfaces/drone_interfaces/msg/detail/task_state__type_support.h\n'}
[1.340426] (drone_interfaces) StdoutLine: {'line': b'-- Up-to-date: /home/ccl/Multitask-Drone/install/drone_interfaces/include/drone_interfaces/drone_interfaces/msg/detail/task_state__struct.h\n'}
[1.340468] (drone_interfaces) StdoutLine: {'line': b'-- Up-to-date: /home/ccl/Multitask-Drone/install/drone_interfaces/include/drone_interfaces/drone_interfaces/msg/detail/yaw__struct.h\n'}
[1.340509] (drone_interfaces) StdoutLine: {'line': b'-- Up-to-date: /home/ccl/Multitask-Drone/install/drone_interfaces/include/drone_interfaces/drone_interfaces/msg/detail/yaw__functions.c\n'}
[1.340549] (drone_interfaces) StdoutLine: {'line': b'-- Up-to-date: /home/ccl/Multitask-Drone/install/drone_interfaces/include/drone_interfaces/drone_interfaces/msg/detail/task_state__functions.h\n'}
[1.344611] (drone_interfaces) StdoutLine: {'line': b'-- Up-to-date: /home/ccl/Multitask-Drone/install/drone_interfaces/include/drone_interfaces/drone_interfaces/msg/detail/yaw__functions.h\n'}
[1.344746] (drone_interfaces) StdoutLine: {'line': b'-- Up-to-date: /home/ccl/Multitask-Drone/install/drone_interfaces/include/drone_interfaces/drone_interfaces/msg/detail/yaw__type_support.h\n'}
[1.344794] (drone_interfaces) StdoutLine: {'line': b'-- Up-to-date: /home/ccl/Multitask-Drone/install/drone_interfaces/include/drone_interfaces/drone_interfaces/msg/detail/raw_waypoint__functions.h\n'}
[1.346821] (drone_interfaces) StdoutLine: {'line': b'-- Up-to-date: /home/ccl/Multitask-Drone/install/drone_interfaces/include/drone_interfaces/drone_interfaces/msg/detail/raw_waypoint__type_support.h\n'}
[1.346894] (drone_interfaces) StdoutLine: {'line': b'-- Up-to-date: /home/ccl/Multitask-Drone/install/drone_interfaces/include/drone_interfaces/drone_interfaces/msg/detail/panel_box__functions.c\n'}
[1.346936] (drone_interfaces) StdoutLine: {'line': b'-- Up-to-date: /home/ccl/Multitask-Drone/install/drone_interfaces/include/drone_interfaces/drone_interfaces/msg/detail/task_state__functions.c\n'}
[1.346976] (drone_interfaces) StdoutLine: {'line': b'-- Up-to-date: /home/ccl/Multitask-Drone/install/drone_interfaces/include/drone_interfaces/drone_interfaces/msg/detail/panel_box__struct.h\n'}
[1.347016] (drone_interfaces) StdoutLine: {'line': b'-- Up-to-date: /home/ccl/Multitask-Drone/install/drone_interfaces/include/drone_interfaces/drone_interfaces/msg/detail/panel_box__type_support.h\n'}
[1.347055] (drone_interfaces) StdoutLine: {'line': b'-- Up-to-date: /home/ccl/Multitask-Drone/install/drone_interfaces/include/drone_interfaces/drone_interfaces/msg/detail/raw_waypoint__functions.c\n'}
[1.347094] (drone_interfaces) StdoutLine: {'line': b'-- Up-to-date: /home/ccl/Multitask-Drone/install/drone_interfaces/include/drone_interfaces/drone_interfaces/msg/detail/task__type_support.h\n'}
[1.347133] (drone_interfaces) StdoutLine: {'line': b'-- Up-to-date: /home/ccl/Multitask-Drone/install/drone_interfaces/include/drone_interfaces/drone_interfaces/msg/raw_waypoint.h\n'}
[1.347173] (drone_interfaces) StdoutLine: {'line': b'-- Up-to-date: /home/ccl/Multitask-Drone/install/drone_interfaces/include/drone_interfaces/drone_interfaces/msg/panel_box.h\n'}
[1.347212] (drone_interfaces) StdoutLine: {'line': b'-- Up-to-date: /home/ccl/Multitask-Drone/install/drone_interfaces/include/drone_interfaces/drone_interfaces/action\n'}
[1.347252] (drone_interfaces) StdoutLine: {'line': b'-- Up-to-date: /home/ccl/Multitask-Drone/install/drone_interfaces/include/drone_interfaces/drone_interfaces/action/execute_waypoint.h\n'}
[1.347291] (drone_interfaces) StdoutLine: {'line': b'-- Up-to-date: /home/ccl/Multitask-Drone/install/drone_interfaces/include/drone_interfaces/drone_interfaces/action/detail\n'}
[1.347330] (drone_interfaces) StdoutLine: {'line': b'-- Up-to-date: /home/ccl/Multitask-Drone/install/drone_interfaces/include/drone_interfaces/drone_interfaces/action/detail/execute_waypoint__functions.c\n'}
[1.347369] (drone_interfaces) StdoutLine: {'line': b'-- Up-to-date: /home/ccl/Multitask-Drone/install/drone_interfaces/include/drone_interfaces/drone_interfaces/action/detail/execute_waypoint__struct.h\n'}
[1.347412] (drone_interfaces) StdoutLine: {'line': b'-- Up-to-date: /home/ccl/Multitask-Drone/install/drone_interfaces/include/drone_interfaces/drone_interfaces/action/detail/execute_waypoint__type_support.h\n'}
[1.347456] (drone_interfaces) StdoutLine: {'line': b'-- Up-to-date: /home/ccl/Multitask-Drone/install/drone_interfaces/include/drone_interfaces/drone_interfaces/action/detail/execute_waypoint__functions.h\n'}
[1.347495] (drone_interfaces) StdoutLine: {'line': b'-- Up-to-date: /home/ccl/Multitask-Drone/install/drone_interfaces/include/drone_interfaces/drone_interfaces/srv\n'}
[1.347533] (drone_interfaces) StdoutLine: {'line': b'-- Up-to-date: /home/ccl/Multitask-Drone/install/drone_interfaces/include/drone_interfaces/drone_interfaces/srv/yolo_request.h\n'}
[1.347574] (drone_interfaces) StdoutLine: {'line': b'-- Up-to-date: /home/ccl/Multitask-Drone/install/drone_interfaces/include/drone_interfaces/drone_interfaces/srv/task_push.h\n'}
[1.347612] (drone_interfaces) StdoutLine: {'line': b'-- Up-to-date: /home/ccl/Multitask-Drone/install/drone_interfaces/include/drone_interfaces/drone_interfaces/srv/detail\n'}
[1.347650] (drone_interfaces) StdoutLine: {'line': b'-- Up-to-date: /home/ccl/Multitask-Drone/install/drone_interfaces/include/drone_interfaces/drone_interfaces/srv/detail/task_push__struct.h\n'}
[1.347688] (drone_interfaces) StdoutLine: {'line': b'-- Up-to-date: /home/ccl/Multitask-Drone/install/drone_interfaces/include/drone_interfaces/drone_interfaces/srv/detail/yolo_request__functions.c\n'}
[1.347733] (drone_interfaces) StdoutLine: {'line': b'-- Up-to-date: /home/ccl/Multitask-Drone/install/drone_interfaces/include/drone_interfaces/drone_interfaces/srv/detail/task_dispatch__type_support.h\n'}
[1.347774] (drone_interfaces) StdoutLine: {'line': b'-- Up-to-date: /home/ccl/Multitask-Drone/install/drone_interfaces/include/drone_interfaces/drone_interfaces/srv/detail/task_dispatch__struct.h\n'}
[1.347811] (drone_interfaces) StdoutLine: {'line': b'-- Up-to-date: /home/ccl/Multitask-Drone/install/drone_interfaces/include/drone_interfaces/drone_interfaces/srv/detail/task_dispatch__functions.h\n'}
[1.347848] (drone_interfaces) StdoutLine: {'line': b'-- Up-to-date: /home/ccl/Multitask-Drone/install/drone_interfaces/include/drone_interfaces/drone_interfaces/srv/detail/yolo_request__functions.h\n'}
[1.347891] (drone_interfaces) StdoutLine: {'line': b'-- Up-to-date: /home/ccl/Multitask-Drone/install/drone_interfaces/include/drone_interfaces/drone_interfaces/srv/detail/yolo_request__type_support.h\n'}
[1.347928] (drone_interfaces) StdoutLine: {'line': b'-- Up-to-date: /home/ccl/Multitask-Drone/install/drone_interfaces/include/drone_interfaces/drone_interfaces/srv/detail/task_push__type_support.h\n'}
[1.347965] (drone_interfaces) StdoutLine: {'line': b'-- Up-to-date: /home/ccl/Multitask-Drone/install/drone_interfaces/include/drone_interfaces/drone_interfaces/srv/detail/task_push__functions.c\n'}
[1.348003] (drone_interfaces) StdoutLine: {'line': b'-- Up-to-date: /home/ccl/Multitask-Drone/install/drone_interfaces/include/drone_interfaces/drone_interfaces/srv/detail/task_push__functions.h\n'}
[1.348044] (drone_interfaces) StdoutLine: {'line': b'-- Up-to-date: /home/ccl/Multitask-Drone/install/drone_interfaces/include/drone_interfaces/drone_interfaces/srv/detail/task_dispatch__functions.c\n'}
[1.348084] (drone_interfaces) StdoutLine: {'line': b'-- Up-to-date: /home/ccl/Multitask-Drone/install/drone_interfaces/include/drone_interfaces/drone_interfaces/srv/detail/yolo_request__struct.h\n'}
[1.348146] (drone_interfaces) StdoutLine: {'line': b'-- Up-to-date: /home/ccl/Multitask-Drone/install/drone_interfaces/include/drone_interfaces/drone_interfaces/srv/task_dispatch.h\n'}
[1.348191] (drone_interfaces) StdoutLine: {'line': b'-- Up-to-date: /home/ccl/Multitask-Drone/install/drone_interfaces/share/drone_interfaces/environment/library_path.sh\n'}
[1.348231] (drone_interfaces) StdoutLine: {'line': b'-- Up-to-date: /home/ccl/Multitask-Drone/install/drone_interfaces/share/drone_interfaces/environment/library_path.dsv\n'}
[1.350353] (drone_interfaces) StdoutLine: {'line': b'-- Up-to-date: /home/ccl/Multitask-Drone/install/drone_interfaces/lib/libdrone_interfaces__rosidl_generator_c.so\n'}
[1.350456] (drone_interfaces) StdoutLine: {'line': b'-- Up-to-date: /home/ccl/Multitask-Drone/install/drone_interfaces/include/drone_interfaces/drone_interfaces\n'}
[1.350499] (drone_interfaces) StdoutLine: {'line': b'-- Up-to-date: /home/ccl/Multitask-Drone/install/drone_interfaces/include/drone_interfaces/drone_interfaces/msg\n'}
[1.350539] (drone_interfaces) StdoutLine: {'line': b'-- Up-to-date: /home/ccl/Multitask-Drone/install/drone_interfaces/include/drone_interfaces/drone_interfaces/msg/rosidl_typesupport_fastrtps_c__visibility_control.h\n'}
[1.350872] (drone_interfaces) StdoutLine: {'line': b'-- Up-to-date: /home/ccl/Multitask-Drone/install/drone_interfaces/include/drone_interfaces/drone_interfaces/msg/detail\n'}
[1.350922] (drone_interfaces) StdoutLine: {'line': b'-- Up-to-date: /home/ccl/Multitask-Drone/install/drone_interfaces/include/drone_interfaces/drone_interfaces/msg/detail/raw_waypoint__rosidl_typesupport_fastrtps_c.h\n'}
[1.350963] (drone_interfaces) StdoutLine: {'line': b'-- Up-to-date: /home/ccl/Multitask-Drone/install/drone_interfaces/include/drone_interfaces/drone_interfaces/msg/detail/panel_box__rosidl_typesupport_fastrtps_c.h\n'}
[1.351031] (drone_interfaces) StdoutLine: {'line': b'-- Up-to-date: /home/ccl/Multitask-Drone/install/drone_interfaces/include/drone_interfaces/drone_interfaces/msg/detail/task_state__rosidl_typesupport_fastrtps_c.h\n'}
[1.351072] (drone_interfaces) StdoutLine: {'line': b'-- Up-to-date: /home/ccl/Multitask-Drone/install/drone_interfaces/include/drone_interfaces/drone_interfaces/msg/detail/yaw__rosidl_typesupport_fastrtps_c.h\n'}
[1.351111] (drone_interfaces) StdoutLine: {'line': b'-- Up-to-date: /home/ccl/Multitask-Drone/install/drone_interfaces/include/drone_interfaces/drone_interfaces/msg/detail/task__rosidl_typesupport_fastrtps_c.h\n'}
[1.351150] (drone_interfaces) StdoutLine: {'line': b'-- Up-to-date: /home/ccl/Multitask-Drone/install/drone_interfaces/include/drone_interfaces/drone_interfaces/action\n'}
[1.351200] (drone_interfaces) StdoutLine: {'line': b'-- Up-to-date: /home/ccl/Multitask-Drone/install/drone_interfaces/include/drone_interfaces/drone_interfaces/action/detail\n'}
[1.351271] (drone_interfaces) StdoutLine: {'line': b'-- Up-to-date: /home/ccl/Multitask-Drone/install/drone_interfaces/include/drone_interfaces/drone_interfaces/action/detail/execute_waypoint__rosidl_typesupport_fastrtps_c.h\n'}
[1.351352] (drone_interfaces) StdoutLine: {'line': b'-- Up-to-date: /home/ccl/Multitask-Drone/install/drone_interfaces/include/drone_interfaces/drone_interfaces/srv\n'}
[1.352723] (drone_interfaces) StdoutLine: {'line': b'-- Up-to-date: /home/ccl/Multitask-Drone/install/drone_interfaces/include/drone_interfaces/drone_interfaces/srv/detail\n'}
[1.353299] (drone_interfaces) StdoutLine: {'line': b'-- Up-to-date: /home/ccl/Multitask-Drone/install/drone_interfaces/include/drone_interfaces/drone_interfaces/srv/detail/yolo_request__rosidl_typesupport_fastrtps_c.h\n'}
[1.353530] (drone_interfaces) StdoutLine: {'line': b'-- Up-to-date: /home/ccl/Multitask-Drone/install/drone_interfaces/include/drone_interfaces/drone_interfaces/srv/detail/task_dispatch__rosidl_typesupport_fastrtps_c.h\n'}
[1.353577] (drone_interfaces) StdoutLine: {'line': b'-- Up-to-date: /home/ccl/Multitask-Drone/install/drone_interfaces/include/drone_interfaces/drone_interfaces/srv/detail/task_push__rosidl_typesupport_fastrtps_c.h\n'}
[1.353617] (drone_interfaces) StdoutLine: {'line': b'-- Up-to-date: /home/ccl/Multitask-Drone/install/drone_interfaces/lib/libdrone_interfaces__rosidl_typesupport_fastrtps_c.so\n'}
[1.353657] (drone_interfaces) StdoutLine: {'line': b'-- Up-to-date: /home/ccl/Multitask-Drone/install/drone_interfaces/include/drone_interfaces/drone_interfaces\n'}
[1.353696] (drone_interfaces) StdoutLine: {'line': b'-- Up-to-date: /home/ccl/Multitask-Drone/install/drone_interfaces/include/drone_interfaces/drone_interfaces/msg\n'}
[1.353755] (drone_interfaces) StdoutLine: {'line': b'-- Up-to-date: /home/ccl/Multitask-Drone/install/drone_interfaces/include/drone_interfaces/drone_interfaces/msg/rosidl_typesupport_introspection_c__visibility_control.h\n'}
[1.353796] (drone_interfaces) StdoutLine: {'line': b'-- Up-to-date: /home/ccl/Multitask-Drone/install/drone_interfaces/include/drone_interfaces/drone_interfaces/msg/detail\n'}
[1.353835] (drone_interfaces) StdoutLine: {'line': b'-- Up-to-date: /home/ccl/Multitask-Drone/install/drone_interfaces/include/drone_interfaces/drone_interfaces/msg/detail/task__type_support.c\n'}
[1.353892] (drone_interfaces) StdoutLine: {'line': b'-- Up-to-date: /home/ccl/Multitask-Drone/install/drone_interfaces/include/drone_interfaces/drone_interfaces/msg/detail/raw_waypoint__rosidl_typesupport_introspection_c.h\n'}
[1.353945] (drone_interfaces) StdoutLine: {'line': b'-- Up-to-date: /home/ccl/Multitask-Drone/install/drone_interfaces/include/drone_interfaces/drone_interfaces/msg/detail/task_state__type_support.c\n'}
[1.353986] (drone_interfaces) StdoutLine: {'line': b'-- Up-to-date: /home/ccl/Multitask-Drone/install/drone_interfaces/include/drone_interfaces/drone_interfaces/msg/detail/task__rosidl_typesupport_introspection_c.h\n'}
[1.354026] (drone_interfaces) StdoutLine: {'line': b'-- Up-to-date: /home/ccl/Multitask-Drone/install/drone_interfaces/include/drone_interfaces/drone_interfaces/msg/detail/yaw__type_support.c\n'}
[1.354068] (drone_interfaces) StdoutLine: {'line': b'-- Up-to-date: /home/ccl/Multitask-Drone/install/drone_interfaces/include/drone_interfaces/drone_interfaces/msg/detail/task_state__rosidl_typesupport_introspection_c.h\n'}
[1.354107] (drone_interfaces) StdoutLine: {'line': b'-- Up-to-date: /home/ccl/Multitask-Drone/install/drone_interfaces/include/drone_interfaces/drone_interfaces/msg/detail/yaw__rosidl_typesupport_introspection_c.h\n'}
[1.354147] (drone_interfaces) StdoutLine: {'line': b'-- Up-to-date: /home/ccl/Multitask-Drone/install/drone_interfaces/include/drone_interfaces/drone_interfaces/msg/detail/panel_box__rosidl_typesupport_introspection_c.h\n'}
[1.354186] (drone_interfaces) StdoutLine: {'line': b'-- Up-to-date: /home/ccl/Multitask-Drone/install/drone_interfaces/include/drone_interfaces/drone_interfaces/msg/detail/panel_box__type_support.c\n'}
[1.354226] (drone_interfaces) StdoutLine: {'line': b'-- Up-to-date: /home/ccl/Multitask-Drone/install/drone_interfaces/include/drone_interfaces/drone_interfaces/msg/detail/raw_waypoint__type_support.c\n'}
[1.354265] (drone_interfaces) StdoutLine: {'line': b'-- Up-to-date: /home/ccl/Multitask-Drone/install/drone_interfaces/include/drone_interfaces/drone_interfaces/action\n'}
[1.354304] (drone_interfaces) StdoutLine: {'line': b'-- Up-to-date: /home/ccl/Multitask-Drone/install/drone_interfaces/include/drone_interfaces/drone_interfaces/action/detail\n'}
[1.354343] (drone_interfaces) StdoutLine: {'line': b'-- Up-to-date: /home/ccl/Multitask-Drone/install/drone_interfaces/include/drone_interfaces/drone_interfaces/action/detail/execute_waypoint__rosidl_typesupport_introspection_c.h\n'}
[1.354382] (drone_interfaces) StdoutLine: {'line': b'-- Up-to-date: /home/ccl/Multitask-Drone/install/drone_interfaces/include/drone_interfaces/drone_interfaces/action/detail/execute_waypoint__type_support.c\n'}
[1.354425] (drone_interfaces) StdoutLine: {'line': b'-- Up-to-date: /home/ccl/Multitask-Drone/install/drone_interfaces/include/drone_interfaces/drone_interfaces/srv\n'}
[1.354463] (drone_interfaces) StdoutLine: {'line': b'-- Up-to-date: /home/ccl/Multitask-Drone/install/drone_interfaces/include/drone_interfaces/drone_interfaces/srv/detail\n'}
[1.354501] (drone_interfaces) StdoutLine: {'line': b'-- Up-to-date: /home/ccl/Multitask-Drone/install/drone_interfaces/include/drone_interfaces/drone_interfaces/srv/detail/yolo_request__type_support.c\n'}
[1.354540] (drone_interfaces) StdoutLine: {'line': b'-- Up-to-date: /home/ccl/Multitask-Drone/install/drone_interfaces/include/drone_interfaces/drone_interfaces/srv/detail/task_dispatch__type_support.c\n'}
[1.354581] (drone_interfaces) StdoutLine: {'line': b'-- Up-to-date: /home/ccl/Multitask-Drone/install/drone_interfaces/include/drone_interfaces/drone_interfaces/srv/detail/task_push__rosidl_typesupport_introspection_c.h\n'}
[1.354619] (drone_interfaces) StdoutLine: {'line': b'-- Up-to-date: /home/ccl/Multitask-Drone/install/drone_interfaces/include/drone_interfaces/drone_interfaces/srv/detail/task_dispatch__rosidl_typesupport_introspection_c.h\n'}
[1.354657] (drone_interfaces) StdoutLine: {'line': b'-- Up-to-date: /home/ccl/Multitask-Drone/install/drone_interfaces/include/drone_interfaces/drone_interfaces/srv/detail/task_push__type_support.c\n'}
[1.354697] (drone_interfaces) StdoutLine: {'line': b'-- Up-to-date: /home/ccl/Multitask-Drone/install/drone_interfaces/include/drone_interfaces/drone_interfaces/srv/detail/yolo_request__rosidl_typesupport_introspection_c.h\n'}
[1.354745] (drone_interfaces) StdoutLine: {'line': b'-- Up-to-date: /home/ccl/Multitask-Drone/install/drone_interfaces/lib/libdrone_interfaces__rosidl_typesupport_introspection_c.so\n'}
[1.354847] (drone_interfaces) StdoutLine: {'line': b'-- Up-to-date: /home/ccl/Multitask-Drone/install/drone_interfaces/lib/libdrone_interfaces__rosidl_typesupport_c.so\n'}
[1.354891] (drone_interfaces) StdoutLine: {'line': b'-- Up-to-date: /home/ccl/Multitask-Drone/install/drone_interfaces/include/drone_interfaces/drone_interfaces\n'}
[1.354931] (drone_interfaces) StdoutLine: {'line': b'-- Up-to-date: /home/ccl/Multitask-Drone/install/drone_interfaces/include/drone_interfaces/drone_interfaces/msg\n'}
[1.354971] (drone_interfaces) StdoutLine: {'line': b'-- Up-to-date: /home/ccl/Multitask-Drone/install/drone_interfaces/include/drone_interfaces/drone_interfaces/msg/task_state.hpp\n'}
[1.355010] (drone_interfaces) StdoutLine: {'line': b'-- Up-to-date: /home/ccl/Multitask-Drone/install/drone_interfaces/include/drone_interfaces/drone_interfaces/msg/raw_waypoint.hpp\n'}
[1.355049] (drone_interfaces) StdoutLine: {'line': b'-- Up-to-date: /home/ccl/Multitask-Drone/install/drone_interfaces/include/drone_interfaces/drone_interfaces/msg/rosidl_generator_cpp__visibility_control.hpp\n'}
[1.355089] (drone_interfaces) StdoutLine: {'line': b'-- Up-to-date: /home/ccl/Multitask-Drone/install/drone_interfaces/include/drone_interfaces/drone_interfaces/msg/panel_box.hpp\n'}
[1.355133] (drone_interfaces) StdoutLine: {'line': b'-- Up-to-date: /home/ccl/Multitask-Drone/install/drone_interfaces/include/drone_interfaces/drone_interfaces/msg/yaw.hpp\n'}
[1.355172] (drone_interfaces) StdoutLine: {'line': b'-- Up-to-date: /home/ccl/Multitask-Drone/install/drone_interfaces/include/drone_interfaces/drone_interfaces/msg/detail\n'}
[1.355209] (drone_interfaces) StdoutLine: {'line': b'-- Up-to-date: /home/ccl/Multitask-Drone/install/drone_interfaces/include/drone_interfaces/drone_interfaces/msg/detail/panel_box__traits.hpp\n'}
[1.355627] (drone_interfaces) StdoutLine: {'line': b'-- Up-to-date: /home/ccl/Multitask-Drone/install/drone_interfaces/include/drone_interfaces/drone_interfaces/msg/detail/task_state__type_support.hpp\n'}
[1.355679] (drone_interfaces) StdoutLine: {'line': b'-- Up-to-date: /home/ccl/Multitask-Drone/install/drone_interfaces/include/drone_interfaces/drone_interfaces/msg/detail/yaw__builder.hpp\n'}
[1.357281] (drone_interfaces) StdoutLine: {'line': b'-- Up-to-date: /home/ccl/Multitask-Drone/install/drone_interfaces/include/drone_interfaces/drone_interfaces/msg/detail/yaw__type_support.hpp\n'}
[1.357492] (drone_interfaces) StdoutLine: {'line': b'-- Up-to-date: /home/ccl/Multitask-Drone/install/drone_interfaces/include/drone_interfaces/drone_interfaces/msg/detail/raw_waypoint__struct.hpp\n'}
[1.357540] (drone_interfaces) StdoutLine: {'line': b'-- Up-to-date: /home/ccl/Multitask-Drone/install/drone_interfaces/include/drone_interfaces/drone_interfaces/msg/detail/task__struct.hpp\n'}
[1.357581] (drone_interfaces) StdoutLine: {'line': b'-- Up-to-date: /home/ccl/Multitask-Drone/install/drone_interfaces/include/drone_interfaces/drone_interfaces/msg/detail/task__builder.hpp\n'}
[1.357626] (drone_interfaces) StdoutLine: {'line': b'-- Up-to-date: /home/ccl/Multitask-Drone/install/drone_interfaces/include/drone_interfaces/drone_interfaces/msg/detail/raw_waypoint__type_support.hpp\n'}
[1.357667] (drone_interfaces) StdoutLine: {'line': b'-- Up-to-date: /home/ccl/Multitask-Drone/install/drone_interfaces/include/drone_interfaces/drone_interfaces/msg/detail/raw_waypoint__builder.hpp\n'}
[1.357775] (drone_interfaces) StdoutLine: {'line': b'-- Up-to-date: /home/ccl/Multitask-Drone/install/drone_interfaces/include/drone_interfaces/drone_interfaces/msg/detail/task_state__struct.hpp\n'}
[1.357831] (drone_interfaces) StdoutLine: {'line': b'-- Up-to-date: /home/ccl/Multitask-Drone/install/drone_interfaces/include/drone_interfaces/drone_interfaces/msg/detail/task__traits.hpp\n'}
[1.357871] (drone_interfaces) StdoutLine: {'line': b'-- Up-to-date: /home/ccl/Multitask-Drone/install/drone_interfaces/include/drone_interfaces/drone_interfaces/msg/detail/raw_waypoint__traits.hpp\n'}
[1.357935] (drone_interfaces) StdoutLine: {'line': b'-- Up-to-date: /home/ccl/Multitask-Drone/install/drone_interfaces/include/drone_interfaces/drone_interfaces/msg/detail/panel_box__type_support.hpp\n'}
[1.357980] (drone_interfaces) StdoutLine: {'line': b'-- Up-to-date: /home/ccl/Multitask-Drone/install/drone_interfaces/include/drone_interfaces/drone_interfaces/msg/detail/task__type_support.hpp\n'}
[1.358020] (drone_interfaces) StdoutLine: {'line': b'-- Up-to-date: /home/ccl/Multitask-Drone/install/drone_interfaces/include/drone_interfaces/drone_interfaces/msg/detail/panel_box__struct.hpp\n'}
[1.358059] (drone_interfaces) StdoutLine: {'line': b'-- Up-to-date: /home/ccl/Multitask-Drone/install/drone_interfaces/include/drone_interfaces/drone_interfaces/msg/detail/panel_box__builder.hpp\n'}
[1.358097] (drone_interfaces) StdoutLine: {'line': b'-- Up-to-date: /home/ccl/Multitask-Drone/install/drone_interfaces/include/drone_interfaces/drone_interfaces/msg/detail/task_state__traits.hpp\n'}
[1.358165] (drone_interfaces) StdoutLine: {'line': b'-- Up-to-date: /home/ccl/Multitask-Drone/install/drone_interfaces/include/drone_interfaces/drone_interfaces/msg/detail/task_state__builder.hpp\n'}
[1.358213] (drone_interfaces) StdoutLine: {'line': b'-- Up-to-date: /home/ccl/Multitask-Drone/install/drone_interfaces/include/drone_interfaces/drone_interfaces/msg/detail/yaw__traits.hpp\n'}
[1.358253] (drone_interfaces) StdoutLine: {'line': b'-- Up-to-date: /home/ccl/Multitask-Drone/install/drone_interfaces/include/drone_interfaces/drone_interfaces/msg/detail/yaw__struct.hpp\n'}
[1.358291] (drone_interfaces) StdoutLine: {'line': b'-- Up-to-date: /home/ccl/Multitask-Drone/install/drone_interfaces/include/drone_interfaces/drone_interfaces/msg/task.hpp\n'}
[1.358332] (drone_interfaces) StdoutLine: {'line': b'-- Up-to-date: /home/ccl/Multitask-Drone/install/drone_interfaces/include/drone_interfaces/drone_interfaces/action\n'}
[1.358369] (drone_interfaces) StdoutLine: {'line': b'-- Up-to-date: /home/ccl/Multitask-Drone/install/drone_interfaces/include/drone_interfaces/drone_interfaces/action/execute_waypoint.hpp\n'}
[1.358406] (drone_interfaces) StdoutLine: {'line': b'-- Up-to-date: /home/ccl/Multitask-Drone/install/drone_interfaces/include/drone_interfaces/drone_interfaces/action/detail\n'}
[1.358444] (drone_interfaces) StdoutLine: {'line': b'-- Up-to-date: /home/ccl/Multitask-Drone/install/drone_interfaces/include/drone_interfaces/drone_interfaces/action/detail/execute_waypoint__type_support.hpp\n'}
[1.358481] (drone_interfaces) StdoutLine: {'line': b'-- Up-to-date: /home/ccl/Multitask-Drone/install/drone_interfaces/include/drone_interfaces/drone_interfaces/action/detail/execute_waypoint__builder.hpp\n'}
[1.358519] (drone_interfaces) StdoutLine: {'line': b'-- Up-to-date: /home/ccl/Multitask-Drone/install/drone_interfaces/include/drone_interfaces/drone_interfaces/action/detail/execute_waypoint__traits.hpp\n'}
[1.359627] (drone_interfaces) StdoutLine: {'line': b'-- Up-to-date: /home/ccl/Multitask-Drone/install/drone_interfaces/include/drone_interfaces/drone_interfaces/action/detail/execute_waypoint__struct.hpp\n'}
[1.360028] (drone_interfaces) StdoutLine: {'line': b'-- Up-to-date: /home/ccl/Multitask-Drone/install/drone_interfaces/include/drone_interfaces/drone_interfaces/srv\n'}
[1.360113] (drone_interfaces) StdoutLine: {'line': b'-- Up-to-date: /home/ccl/Multitask-Drone/install/drone_interfaces/include/drone_interfaces/drone_interfaces/srv/task_push.hpp\n'}
[1.360204] (drone_interfaces) StdoutLine: {'line': b'-- Up-to-date: /home/ccl/Multitask-Drone/install/drone_interfaces/include/drone_interfaces/drone_interfaces/srv/task_dispatch.hpp\n'}
[1.360251] (drone_interfaces) StdoutLine: {'line': b'-- Up-to-date: /home/ccl/Multitask-Drone/install/drone_interfaces/include/drone_interfaces/drone_interfaces/srv/yolo_request.hpp\n'}
[1.360588] (drone_interfaces) StdoutLine: {'line': b'-- Up-to-date: /home/ccl/Multitask-Drone/install/drone_interfaces/include/drone_interfaces/drone_interfaces/srv/detail\n'}
[1.360658] (drone_interfaces) StdoutLine: {'line': b'-- Up-to-date: /home/ccl/Multitask-Drone/install/drone_interfaces/include/drone_interfaces/drone_interfaces/srv/detail/yolo_request__traits.hpp\n'}
[1.360743] (drone_interfaces) StdoutLine: {'line': b'-- Up-to-date: /home/ccl/Multitask-Drone/install/drone_interfaces/include/drone_interfaces/drone_interfaces/srv/detail/yolo_request__builder.hpp\n'}
[1.360860] (drone_interfaces) StdoutLine: {'line': b'-- Up-to-date: /home/ccl/Multitask-Drone/install/drone_interfaces/include/drone_interfaces/drone_interfaces/srv/detail/task_dispatch__builder.hpp\n'}
[1.360939] (drone_interfaces) StdoutLine: {'line': b'-- Up-to-date: /home/ccl/Multitask-Drone/install/drone_interfaces/include/drone_interfaces/drone_interfaces/srv/detail/task_push__type_support.hpp\n'}
[1.360981] (drone_interfaces) StdoutLine: {'line': b'-- Up-to-date: /home/ccl/Multitask-Drone/install/drone_interfaces/include/drone_interfaces/drone_interfaces/srv/detail/task_dispatch__struct.hpp\n'}
[1.361096] (drone_interfaces) StdoutLine: {'line': b'-- Up-to-date: /home/ccl/Multitask-Drone/install/drone_interfaces/include/drone_interfaces/drone_interfaces/srv/detail/task_dispatch__traits.hpp\n'}
[1.361308] (drone_interfaces) StdoutLine: {'line': b'-- Up-to-date: /home/ccl/Multitask-Drone/install/drone_interfaces/include/drone_interfaces/drone_interfaces/srv/detail/task_push__builder.hpp\n'}
[1.361479] (drone_interfaces) StdoutLine: {'line': b'-- Up-to-date: /home/ccl/Multitask-Drone/install/drone_interfaces/include/drone_interfaces/drone_interfaces/srv/detail/yolo_request__type_support.hpp\n'}
[1.361637] (drone_interfaces) StdoutLine: {'line': b'-- Up-to-date: /home/ccl/Multitask-Drone/install/drone_interfaces/include/drone_interfaces/drone_interfaces/srv/detail/yolo_request__struct.hpp\n'}
[1.361711] (drone_interfaces) StdoutLine: {'line': b'-- Up-to-date: /home/ccl/Multitask-Drone/install/drone_interfaces/include/drone_interfaces/drone_interfaces/srv/detail/task_push__struct.hpp\n'}
[1.361761] (drone_interfaces) StdoutLine: {'line': b'-- Up-to-date: /home/ccl/Multitask-Drone/install/drone_interfaces/include/drone_interfaces/drone_interfaces/srv/detail/task_dispatch__type_support.hpp\n'}
[1.361801] (drone_interfaces) StdoutLine: {'line': b'-- Up-to-date: /home/ccl/Multitask-Drone/install/drone_interfaces/include/drone_interfaces/drone_interfaces/srv/detail/task_push__traits.hpp\n'}
[1.361839] (drone_interfaces) StdoutLine: {'line': b'-- Up-to-date: /home/ccl/Multitask-Drone/install/drone_interfaces/include/drone_interfaces/drone_interfaces\n'}
[1.361878] (drone_interfaces) StdoutLine: {'line': b'-- Up-to-date: /home/ccl/Multitask-Drone/install/drone_interfaces/include/drone_interfaces/drone_interfaces/msg\n'}
[1.361917] (drone_interfaces) StdoutLine: {'line': b'-- Up-to-date: /home/ccl/Multitask-Drone/install/drone_interfaces/include/drone_interfaces/drone_interfaces/msg/rosidl_typesupport_fastrtps_cpp__visibility_control.h\n'}
[1.361956] (drone_interfaces) StdoutLine: {'line': b'-- Up-to-date: /home/ccl/Multitask-Drone/install/drone_interfaces/include/drone_interfaces/drone_interfaces/msg/detail\n'}
[1.362001] (drone_interfaces) StdoutLine: {'line': b'-- Up-to-date: /home/ccl/Multitask-Drone/install/drone_interfaces/include/drone_interfaces/drone_interfaces/msg/detail/panel_box__rosidl_typesupport_fastrtps_cpp.hpp\n'}
[1.362041] (drone_interfaces) StdoutLine: {'line': b'-- Up-to-date: /home/ccl/Multitask-Drone/install/drone_interfaces/include/drone_interfaces/drone_interfaces/msg/detail/task__rosidl_typesupport_fastrtps_cpp.hpp\n'}
[1.362126] (drone_interfaces) StdoutLine: {'line': b'-- Up-to-date: /home/ccl/Multitask-Drone/install/drone_interfaces/include/drone_interfaces/drone_interfaces/msg/detail/yaw__rosidl_typesupport_fastrtps_cpp.hpp\n'}
[1.362177] (drone_interfaces) StdoutLine: {'line': b'-- Up-to-date: /home/ccl/Multitask-Drone/install/drone_interfaces/include/drone_interfaces/drone_interfaces/msg/detail/dds_fastrtps\n'}
[1.362220] (drone_interfaces) StdoutLine: {'line': b'-- Up-to-date: /home/ccl/Multitask-Drone/install/drone_interfaces/include/drone_interfaces/drone_interfaces/msg/detail/task_state__rosidl_typesupport_fastrtps_cpp.hpp\n'}
[1.362262] (drone_interfaces) StdoutLine: {'line': b'-- Up-to-date: /home/ccl/Multitask-Drone/install/drone_interfaces/include/drone_interfaces/drone_interfaces/msg/detail/raw_waypoint__rosidl_typesupport_fastrtps_cpp.hpp\n'}
[1.362302] (drone_interfaces) StdoutLine: {'line': b'-- Up-to-date: /home/ccl/Multitask-Drone/install/drone_interfaces/include/drone_interfaces/drone_interfaces/action\n'}
[1.362341] (drone_interfaces) StdoutLine: {'line': b'-- Up-to-date: /home/ccl/Multitask-Drone/install/drone_interfaces/include/drone_interfaces/drone_interfaces/action/detail\n'}
[1.362385] (drone_interfaces) StdoutLine: {'line': b'-- Up-to-date: /home/ccl/Multitask-Drone/install/drone_interfaces/include/drone_interfaces/drone_interfaces/action/detail/execute_waypoint__rosidl_typesupport_fastrtps_cpp.hpp\n'}
[1.362425] (drone_interfaces) StdoutLine: {'line': b'-- Up-to-date: /home/ccl/Multitask-Drone/install/drone_interfaces/include/drone_interfaces/drone_interfaces/action/detail/dds_fastrtps\n'}
[1.362464] (drone_interfaces) StdoutLine: {'line': b'-- Up-to-date: /home/ccl/Multitask-Drone/install/drone_interfaces/include/drone_interfaces/drone_interfaces/srv\n'}
[1.362503] (drone_interfaces) StdoutLine: {'line': b'-- Up-to-date: /home/ccl/Multitask-Drone/install/drone_interfaces/include/drone_interfaces/drone_interfaces/srv/detail\n'}
[1.362542] (drone_interfaces) StdoutLine: {'line': b'-- Up-to-date: /home/ccl/Multitask-Drone/install/drone_interfaces/include/drone_interfaces/drone_interfaces/srv/detail/yolo_request__rosidl_typesupport_fastrtps_cpp.hpp\n'}
[1.362581] (drone_interfaces) StdoutLine: {'line': b'-- Up-to-date: /home/ccl/Multitask-Drone/install/drone_interfaces/include/drone_interfaces/drone_interfaces/srv/detail/task_dispatch__rosidl_typesupport_fastrtps_cpp.hpp\n'}
[1.362619] (drone_interfaces) StdoutLine: {'line': b'-- Up-to-date: /home/ccl/Multitask-Drone/install/drone_interfaces/include/drone_interfaces/drone_interfaces/srv/detail/dds_fastrtps\n'}
[1.362657] (drone_interfaces) StdoutLine: {'line': b'-- Up-to-date: /home/ccl/Multitask-Drone/install/drone_interfaces/include/drone_interfaces/drone_interfaces/srv/detail/task_push__rosidl_typesupport_fastrtps_cpp.hpp\n'}
[1.362697] (drone_interfaces) StdoutLine: {'line': b'-- Up-to-date: /home/ccl/Multitask-Drone/install/drone_interfaces/lib/libdrone_interfaces__rosidl_typesupport_fastrtps_cpp.so\n'}
[1.362769] (drone_interfaces) StdoutLine: {'line': b'-- Up-to-date: /home/ccl/Multitask-Drone/install/drone_interfaces/include/drone_interfaces/drone_interfaces\n'}
[1.362813] (drone_interfaces) StdoutLine: {'line': b'-- Up-to-date: /home/ccl/Multitask-Drone/install/drone_interfaces/include/drone_interfaces/drone_interfaces/msg\n'}
[1.363299] (drone_interfaces) StdoutLine: {'line': b'-- Up-to-date: /home/ccl/Multitask-Drone/install/drone_interfaces/include/drone_interfaces/drone_interfaces/msg/detail\n'}
[1.363351] (drone_interfaces) StdoutLine: {'line': b'-- Up-to-date: /home/ccl/Multitask-Drone/install/drone_interfaces/include/drone_interfaces/drone_interfaces/msg/detail/raw_waypoint__type_support.cpp\n'}
[1.363393] (drone_interfaces) StdoutLine: {'line': b'-- Up-to-date: /home/ccl/Multitask-Drone/install/drone_interfaces/include/drone_interfaces/drone_interfaces/msg/detail/task_state__rosidl_typesupport_introspection_cpp.hpp\n'}
[1.363434] (drone_interfaces) StdoutLine: {'line': b'-- Up-to-date: /home/ccl/Multitask-Drone/install/drone_interfaces/include/drone_interfaces/drone_interfaces/msg/detail/panel_box__rosidl_typesupport_introspection_cpp.hpp\n'}
[1.363473] (drone_interfaces) StdoutLine: {'line': b'-- Up-to-date: /home/ccl/Multitask-Drone/install/drone_interfaces/include/drone_interfaces/drone_interfaces/msg/detail/raw_waypoint__rosidl_typesupport_introspection_cpp.hpp\n'}
[1.363511] (drone_interfaces) StdoutLine: {'line': b'-- Up-to-date: /home/ccl/Multitask-Drone/install/drone_interfaces/include/drone_interfaces/drone_interfaces/msg/detail/task__type_support.cpp\n'}
[1.363549] (drone_interfaces) StdoutLine: {'line': b'-- Up-to-date: /home/ccl/Multitask-Drone/install/drone_interfaces/include/drone_interfaces/drone_interfaces/msg/detail/task_state__type_support.cpp\n'}
[1.363587] (drone_interfaces) StdoutLine: {'line': b'-- Up-to-date: /home/ccl/Multitask-Drone/install/drone_interfaces/include/drone_interfaces/drone_interfaces/msg/detail/yaw__type_support.cpp\n'}
[1.363925] (drone_interfaces) StdoutLine: {'line': b'-- Up-to-date: /home/ccl/Multitask-Drone/install/drone_interfaces/include/drone_interfaces/drone_interfaces/msg/detail/panel_box__type_support.cpp\n'}
[1.363973] (drone_interfaces) StdoutLine: {'line': b'-- Up-to-date: /home/ccl/Multitask-Drone/install/drone_interfaces/include/drone_interfaces/drone_interfaces/msg/detail/task__rosidl_typesupport_introspection_cpp.hpp\n'}
[1.364212] (drone_interfaces) StdoutLine: {'line': b'-- Up-to-date: /home/ccl/Multitask-Drone/install/drone_interfaces/include/drone_interfaces/drone_interfaces/msg/detail/yaw__rosidl_typesupport_introspection_cpp.hpp\n'}
[1.364256] (drone_interfaces) StdoutLine: {'line': b'-- Up-to-date: /home/ccl/Multitask-Drone/install/drone_interfaces/include/drone_interfaces/drone_interfaces/action\n'}
[1.364295] (drone_interfaces) StdoutLine: {'line': b'-- Up-to-date: /home/ccl/Multitask-Drone/install/drone_interfaces/include/drone_interfaces/drone_interfaces/action/detail\n'}
[1.364333] (drone_interfaces) StdoutLine: {'line': b'-- Up-to-date: /home/ccl/Multitask-Drone/install/drone_interfaces/include/drone_interfaces/drone_interfaces/action/detail/execute_waypoint__rosidl_typesupport_introspection_cpp.hpp\n'}
[1.364372] (drone_interfaces) StdoutLine: {'line': b'-- Up-to-date: /home/ccl/Multitask-Drone/install/drone_interfaces/include/drone_interfaces/drone_interfaces/action/detail/execute_waypoint__type_support.cpp\n'}
[1.364410] (drone_interfaces) StdoutLine: {'line': b'-- Up-to-date: /home/ccl/Multitask-Drone/install/drone_interfaces/include/drone_interfaces/drone_interfaces/srv\n'}
[1.364447] (drone_interfaces) StdoutLine: {'line': b'-- Up-to-date: /home/ccl/Multitask-Drone/install/drone_interfaces/include/drone_interfaces/drone_interfaces/srv/detail\n'}
[1.364493] (drone_interfaces) StdoutLine: {'line': b'-- Up-to-date: /home/ccl/Multitask-Drone/install/drone_interfaces/include/drone_interfaces/drone_interfaces/srv/detail/task_push__type_support.cpp\n'}
[1.364531] (drone_interfaces) StdoutLine: {'line': b'-- Up-to-date: /home/ccl/Multitask-Drone/install/drone_interfaces/include/drone_interfaces/drone_interfaces/srv/detail/task_dispatch__rosidl_typesupport_introspection_cpp.hpp\n'}
[1.364569] (drone_interfaces) StdoutLine: {'line': b'-- Up-to-date: /home/ccl/Multitask-Drone/install/drone_interfaces/include/drone_interfaces/drone_interfaces/srv/detail/yolo_request__type_support.cpp\n'}
[1.364606] (drone_interfaces) StdoutLine: {'line': b'-- Up-to-date: /home/ccl/Multitask-Drone/install/drone_interfaces/include/drone_interfaces/drone_interfaces/srv/detail/yolo_request__rosidl_typesupport_introspection_cpp.hpp\n'}
[1.364703] (drone_interfaces) StdoutLine: {'line': b'-- Up-to-date: /home/ccl/Multitask-Drone/install/drone_interfaces/include/drone_interfaces/drone_interfaces/srv/detail/task_push__rosidl_typesupport_introspection_cpp.hpp\n'}
[1.364756] (drone_interfaces) StdoutLine: {'line': b'-- Up-to-date: /home/ccl/Multitask-Drone/install/drone_interfaces/include/drone_interfaces/drone_interfaces/srv/detail/task_dispatch__type_support.cpp\n'}
[1.364798] (drone_interfaces) StdoutLine: {'line': b'-- Up-to-date: /home/ccl/Multitask-Drone/install/drone_interfaces/lib/libdrone_interfaces__rosidl_typesupport_introspection_cpp.so\n'}
[1.364860] (drone_interfaces) StdoutLine: {'line': b'-- Up-to-date: /home/ccl/Multitask-Drone/install/drone_interfaces/lib/libdrone_interfaces__rosidl_typesupport_cpp.so\n'}
[1.364907] (drone_interfaces) StdoutLine: {'line': b'-- Up-to-date: /home/ccl/Multitask-Drone/install/drone_interfaces/share/drone_interfaces/environment/pythonpath.sh\n'}
[1.364946] (drone_interfaces) StdoutLine: {'line': b'-- Up-to-date: /home/ccl/Multitask-Drone/install/drone_interfaces/share/drone_interfaces/environment/pythonpath.dsv\n'}
[1.364984] (drone_interfaces) StdoutLine: {'line': b'-- Up-to-date: /home/ccl/Multitask-Drone/install/drone_interfaces/local/lib/python3.10/dist-packages/drone_interfaces-0.0.0-py3.10.egg-info\n'}
[1.365024] (drone_interfaces) StdoutLine: {'line': b'-- Installing: /home/ccl/Multitask-Drone/install/drone_interfaces/local/lib/python3.10/dist-packages/drone_interfaces-0.0.0-py3.10.egg-info/top_level.txt\n'}
[1.365063] (drone_interfaces) StdoutLine: {'line': b'-- Installing: /home/ccl/Multitask-Drone/install/drone_interfaces/local/lib/python3.10/dist-packages/drone_interfaces-0.0.0-py3.10.egg-info/dependency_links.txt\n'}
[1.365101] (drone_interfaces) StdoutLine: {'line': b'-- Installing: /home/ccl/Multitask-Drone/install/drone_interfaces/local/lib/python3.10/dist-packages/drone_interfaces-0.0.0-py3.10.egg-info/SOURCES.txt\n'}
[1.365139] (drone_interfaces) StdoutLine: {'line': b'-- Installing: /home/ccl/Multitask-Drone/install/drone_interfaces/local/lib/python3.10/dist-packages/drone_interfaces-0.0.0-py3.10.egg-info/PKG-INFO\n'}
[1.365177] (drone_interfaces) StdoutLine: {'line': b'-- Up-to-date: /home/ccl/Multitask-Drone/install/drone_interfaces/local/lib/python3.10/dist-packages/drone_interfaces\n'}
[1.365229] (drone_interfaces) StdoutLine: {'line': b'-- Up-to-date: /home/ccl/Multitask-Drone/install/drone_interfaces/local/lib/python3.10/dist-packages/drone_interfaces/libdrone_interfaces__rosidl_generator_py.so\n'}
[1.365279] (drone_interfaces) StdoutLine: {'line': b'-- Up-to-date: /home/ccl/Multitask-Drone/install/drone_interfaces/local/lib/python3.10/dist-packages/drone_interfaces/drone_interfaces_s__rosidl_typesupport_c.cpython-310-x86_64-linux-gnu.so\n'}
[1.365321] (drone_interfaces) StdoutLine: {'line': b'-- Up-to-date: /home/ccl/Multitask-Drone/install/drone_interfaces/local/lib/python3.10/dist-packages/drone_interfaces/drone_interfaces_s__rosidl_typesupport_introspection_c.cpython-310-x86_64-linux-gnu.so\n'}
[1.365361] (drone_interfaces) StdoutLine: {'line': b'-- Up-to-date: /home/ccl/Multitask-Drone/install/drone_interfaces/local/lib/python3.10/dist-packages/drone_interfaces/__init__.py\n'}
[1.365400] (drone_interfaces) StdoutLine: {'line': b'-- Up-to-date: /home/ccl/Multitask-Drone/install/drone_interfaces/local/lib/python3.10/dist-packages/drone_interfaces/drone_interfaces_s__rosidl_typesupport_fastrtps_c.cpython-310-x86_64-linux-gnu.so\n'}
[1.365438] (drone_interfaces) StdoutLine: {'line': b'-- Up-to-date: /home/ccl/Multitask-Drone/install/drone_interfaces/local/lib/python3.10/dist-packages/drone_interfaces/msg\n'}
[1.365475] (drone_interfaces) StdoutLine: {'line': b'-- Up-to-date: /home/ccl/Multitask-Drone/install/drone_interfaces/local/lib/python3.10/dist-packages/drone_interfaces/msg/_panel_box_s.c\n'}
[1.365515] (drone_interfaces) StdoutLine: {'line': b'-- Up-to-date: /home/ccl/Multitask-Drone/install/drone_interfaces/local/lib/python3.10/dist-packages/drone_interfaces/msg/_task.py\n'}
[1.365555] (drone_interfaces) StdoutLine: {'line': b'-- Up-to-date: /home/ccl/Multitask-Drone/install/drone_interfaces/local/lib/python3.10/dist-packages/drone_interfaces/msg/__init__.py\n'}
[1.365591] (drone_interfaces) StdoutLine: {'line': b'-- Up-to-date: /home/ccl/Multitask-Drone/install/drone_interfaces/local/lib/python3.10/dist-packages/drone_interfaces/msg/_task_state_s.c\n'}
[1.365629] (drone_interfaces) StdoutLine: {'line': b'-- Up-to-date: /home/ccl/Multitask-Drone/install/drone_interfaces/local/lib/python3.10/dist-packages/drone_interfaces/msg/_task_s.c\n'}
[1.365666] (drone_interfaces) StdoutLine: {'line': b'-- Up-to-date: /home/ccl/Multitask-Drone/install/drone_interfaces/local/lib/python3.10/dist-packages/drone_interfaces/msg/_yaw.py\n'}
[1.365707] (drone_interfaces) StdoutLine: {'line': b'-- Up-to-date: /home/ccl/Multitask-Drone/install/drone_interfaces/local/lib/python3.10/dist-packages/drone_interfaces/msg/_panel_box.py\n'}
[1.365754] (drone_interfaces) StdoutLine: {'line': b'-- Up-to-date: /home/ccl/Multitask-Drone/install/drone_interfaces/local/lib/python3.10/dist-packages/drone_interfaces/msg/_raw_waypoint.py\n'}
[1.365792] (drone_interfaces) StdoutLine: {'line': b'-- Up-to-date: /home/ccl/Multitask-Drone/install/drone_interfaces/local/lib/python3.10/dist-packages/drone_interfaces/msg/_yaw_s.c\n'}
[1.365830] (drone_interfaces) StdoutLine: {'line': b'-- Up-to-date: /home/ccl/Multitask-Drone/install/drone_interfaces/local/lib/python3.10/dist-packages/drone_interfaces/msg/_raw_waypoint_s.c\n'}
[1.365869] (drone_interfaces) StdoutLine: {'line': b'-- Up-to-date: /home/ccl/Multitask-Drone/install/drone_interfaces/local/lib/python3.10/dist-packages/drone_interfaces/msg/_task_state.py\n'}
[1.365908] (drone_interfaces) StdoutLine: {'line': b'-- Up-to-date: /home/ccl/Multitask-Drone/install/drone_interfaces/local/lib/python3.10/dist-packages/drone_interfaces/_drone_interfaces_s.ep.rosidl_typesupport_c.c\n'}
[1.365946] (drone_interfaces) StdoutLine: {'line': b'-- Up-to-date: /home/ccl/Multitask-Drone/install/drone_interfaces/local/lib/python3.10/dist-packages/drone_interfaces/_drone_interfaces_s.ep.rosidl_typesupport_fastrtps_c.c\n'}
[1.365984] (drone_interfaces) StdoutLine: {'line': b'-- Up-to-date: /home/ccl/Multitask-Drone/install/drone_interfaces/local/lib/python3.10/dist-packages/drone_interfaces/action\n'}
[1.366021] (drone_interfaces) StdoutLine: {'line': b'-- Up-to-date: /home/ccl/Multitask-Drone/install/drone_interfaces/local/lib/python3.10/dist-packages/drone_interfaces/action/__init__.py\n'}
[1.366059] (drone_interfaces) StdoutLine: {'line': b'-- Up-to-date: /home/ccl/Multitask-Drone/install/drone_interfaces/local/lib/python3.10/dist-packages/drone_interfaces/action/_execute_waypoint.py\n'}
[1.366097] (drone_interfaces) StdoutLine: {'line': b'-- Up-to-date: /home/ccl/Multitask-Drone/install/drone_interfaces/local/lib/python3.10/dist-packages/drone_interfaces/action/_execute_waypoint_s.c\n'}
[1.366135] (drone_interfaces) StdoutLine: {'line': b'-- Up-to-date: /home/ccl/Multitask-Drone/install/drone_interfaces/local/lib/python3.10/dist-packages/drone_interfaces/_drone_interfaces_s.ep.rosidl_typesupport_introspection_c.c\n'}
[1.366172] (drone_interfaces) StdoutLine: {'line': b'-- Up-to-date: /home/ccl/Multitask-Drone/install/drone_interfaces/local/lib/python3.10/dist-packages/drone_interfaces/srv\n'}
[1.366209] (drone_interfaces) StdoutLine: {'line': b'-- Up-to-date: /home/ccl/Multitask-Drone/install/drone_interfaces/local/lib/python3.10/dist-packages/drone_interfaces/srv/__init__.py\n'}
[1.366246] (drone_interfaces) StdoutLine: {'line': b'-- Up-to-date: /home/ccl/Multitask-Drone/install/drone_interfaces/local/lib/python3.10/dist-packages/drone_interfaces/srv/_task_dispatch_s.c\n'}
[1.366285] (drone_interfaces) StdoutLine: {'line': b'-- Up-to-date: /home/ccl/Multitask-Drone/install/drone_interfaces/local/lib/python3.10/dist-packages/drone_interfaces/srv/_yolo_request_s.c\n'}
[1.366323] (drone_interfaces) StdoutLine: {'line': b'-- Up-to-date: /home/ccl/Multitask-Drone/install/drone_interfaces/local/lib/python3.10/dist-packages/drone_interfaces/srv/_yolo_request.py\n'}
[1.366363] (drone_interfaces) StdoutLine: {'line': b'-- Up-to-date: /home/ccl/Multitask-Drone/install/drone_interfaces/local/lib/python3.10/dist-packages/drone_interfaces/srv/_task_push.py\n'}
[1.366401] (drone_interfaces) StdoutLine: {'line': b'-- Up-to-date: /home/ccl/Multitask-Drone/install/drone_interfaces/local/lib/python3.10/dist-packages/drone_interfaces/srv/_task_dispatch.py\n'}
[1.366439] (drone_interfaces) StdoutLine: {'line': b'-- Up-to-date: /home/ccl/Multitask-Drone/install/drone_interfaces/local/lib/python3.10/dist-packages/drone_interfaces/srv/_task_push_s.c\n'}
[1.405863] (-) TimerEvent: {}
[1.416896] (drone_interfaces) StdoutLine: {'line': b"Listing '/home/ccl/Multitask-Drone/install/drone_interfaces/local/lib/python3.10/dist-packages/drone_interfaces'...\n"}
[1.417048] (drone_interfaces) StdoutLine: {'line': b"Listing '/home/ccl/Multitask-Drone/install/drone_interfaces/local/lib/python3.10/dist-packages/drone_interfaces/action'...\n"}
[1.417098] (drone_interfaces) StdoutLine: {'line': b"Listing '/home/ccl/Multitask-Drone/install/drone_interfaces/local/lib/python3.10/dist-packages/drone_interfaces/msg'...\n"}
[1.417140] (drone_interfaces) StdoutLine: {'line': b"Listing '/home/ccl/Multitask-Drone/install/drone_interfaces/local/lib/python3.10/dist-packages/drone_interfaces/srv'...\n"}
[1.422585] (drone_interfaces) StdoutLine: {'line': b'-- Up-to-date: /home/ccl/Multitask-Drone/install/drone_interfaces/local/lib/python3.10/dist-packages/drone_interfaces/drone_interfaces_s__rosidl_typesupport_fastrtps_c.cpython-310-x86_64-linux-gnu.so\n'}
[1.424322] (drone_interfaces) StdoutLine: {'line': b'-- Up-to-date: /home/ccl/Multitask-Drone/install/drone_interfaces/local/lib/python3.10/dist-packages/drone_interfaces/drone_interfaces_s__rosidl_typesupport_introspection_c.cpython-310-x86_64-linux-gnu.so\n'}
[1.424612] (drone_interfaces) StdoutLine: {'line': b'-- Up-to-date: /home/ccl/Multitask-Drone/install/drone_interfaces/local/lib/python3.10/dist-packages/drone_interfaces/drone_interfaces_s__rosidl_typesupport_c.cpython-310-x86_64-linux-gnu.so\n'}
[1.425052] (drone_interfaces) StdoutLine: {'line': b'-- Up-to-date: /home/ccl/Multitask-Drone/install/drone_interfaces/lib/libdrone_interfaces__rosidl_generator_py.so\n'}
[1.425192] (drone_interfaces) StdoutLine: {'line': b'-- Up-to-date: /home/ccl/Multitask-Drone/install/drone_interfaces/share/drone_interfaces/msg/Yaw.idl\n'}
[1.425292] (drone_interfaces) StdoutLine: {'line': b'-- Up-to-date: /home/ccl/Multitask-Drone/install/drone_interfaces/share/drone_interfaces/msg/PanelBox.idl\n'}
[1.425390] (drone_interfaces) StdoutLine: {'line': b'-- Up-to-date: /home/ccl/Multitask-Drone/install/drone_interfaces/share/drone_interfaces/msg/Task.idl\n'}
[1.425470] (drone_interfaces) StdoutLine: {'line': b'-- Up-to-date: /home/ccl/Multitask-Drone/install/drone_interfaces/share/drone_interfaces/msg/TaskState.idl\n'}
[1.425512] (drone_interfaces) StdoutLine: {'line': b'-- Up-to-date: /home/ccl/Multitask-Drone/install/drone_interfaces/share/drone_interfaces/msg/RawWaypoint.idl\n'}
[1.425555] (drone_interfaces) StdoutLine: {'line': b'-- Up-to-date: /home/ccl/Multitask-Drone/install/drone_interfaces/share/drone_interfaces/srv/TaskDispatch.idl\n'}
[1.425594] (drone_interfaces) StdoutLine: {'line': b'-- Up-to-date: /home/ccl/Multitask-Drone/install/drone_interfaces/share/drone_interfaces/srv/YoloRequest.idl\n'}
[1.425633] (drone_interfaces) StdoutLine: {'line': b'-- Up-to-date: /home/ccl/Multitask-Drone/install/drone_interfaces/share/drone_interfaces/srv/TaskPush.idl\n'}
[1.425672] (drone_interfaces) StdoutLine: {'line': b'-- Up-to-date: /home/ccl/Multitask-Drone/install/drone_interfaces/share/drone_interfaces/action/ExecuteWaypoint.idl\n'}
[1.425755] (drone_interfaces) StdoutLine: {'line': b'-- Up-to-date: /home/ccl/Multitask-Drone/install/drone_interfaces/share/drone_interfaces/msg/Yaw.msg\n'}
[1.425822] (drone_interfaces) StdoutLine: {'line': b'-- Up-to-date: /home/ccl/Multitask-Drone/install/drone_interfaces/share/drone_interfaces/msg/PanelBox.msg\n'}
[1.425892] (drone_interfaces) StdoutLine: {'line': b'-- Up-to-date: /home/ccl/Multitask-Drone/install/drone_interfaces/share/drone_interfaces/msg/Task.msg\n'}
[1.425956] (drone_interfaces) StdoutLine: {'line': b'-- Up-to-date: /home/ccl/Multitask-Drone/install/drone_interfaces/share/drone_interfaces/msg/TaskState.msg\n'}
[1.426032] (drone_interfaces) StdoutLine: {'line': b'-- Up-to-date: /home/ccl/Multitask-Drone/install/drone_interfaces/share/drone_interfaces/msg/RawWaypoint.msg\n'}
[1.426110] (drone_interfaces) StdoutLine: {'line': b'-- Up-to-date: /home/ccl/Multitask-Drone/install/drone_interfaces/share/drone_interfaces/srv/TaskDispatch.srv\n'}
[1.426186] (drone_interfaces) StdoutLine: {'line': b'-- Up-to-date: /home/ccl/Multitask-Drone/install/drone_interfaces/share/drone_interfaces/srv/TaskDispatch_Request.msg\n'}
[1.426261] (drone_interfaces) StdoutLine: {'line': b'-- Up-to-date: /home/ccl/Multitask-Drone/install/drone_interfaces/share/drone_interfaces/srv/TaskDispatch_Response.msg\n'}
[1.426348] (drone_interfaces) StdoutLine: {'line': b'-- Up-to-date: /home/ccl/Multitask-Drone/install/drone_interfaces/share/drone_interfaces/srv/YoloRequest.srv\n'}
[1.426423] (drone_interfaces) StdoutLine: {'line': b'-- Up-to-date: /home/ccl/Multitask-Drone/install/drone_interfaces/share/drone_interfaces/srv/YoloRequest_Request.msg\n'}
[1.426467] (drone_interfaces) StdoutLine: {'line': b'-- Up-to-date: /home/ccl/Multitask-Drone/install/drone_interfaces/share/drone_interfaces/srv/YoloRequest_Response.msg\n'}
[1.426506] (drone_interfaces) StdoutLine: {'line': b'-- Up-to-date: /home/ccl/Multitask-Drone/install/drone_interfaces/share/drone_interfaces/srv/TaskPush.srv\n'}
[1.426545] (drone_interfaces) StdoutLine: {'line': b'-- Up-to-date: /home/ccl/Multitask-Drone/install/drone_interfaces/share/drone_interfaces/srv/TaskPush_Request.msg\n'}
[1.426583] (drone_interfaces) StdoutLine: {'line': b'-- Up-to-date: /home/ccl/Multitask-Drone/install/drone_interfaces/share/drone_interfaces/srv/TaskPush_Response.msg\n'}
[1.426621] (drone_interfaces) StdoutLine: {'line': b'-- Up-to-date: /home/ccl/Multitask-Drone/install/drone_interfaces/share/drone_interfaces/action/ExecuteWaypoint.action\n'}
[1.426659] (drone_interfaces) StdoutLine: {'line': b'-- Up-to-date: /home/ccl/Multitask-Drone/install/drone_interfaces/share/ament_index/resource_index/package_run_dependencies/drone_interfaces\n'}
[1.426707] (drone_interfaces) StdoutLine: {'line': b'-- Up-to-date: /home/ccl/Multitask-Drone/install/drone_interfaces/share/ament_index/resource_index/parent_prefix_path/drone_interfaces\n'}
[1.426748] (drone_interfaces) StdoutLine: {'line': b'-- Up-to-date: /home/ccl/Multitask-Drone/install/drone_interfaces/share/drone_interfaces/environment/ament_prefix_path.sh\n'}
[1.426794] (drone_interfaces) StdoutLine: {'line': b'-- Up-to-date: /home/ccl/Multitask-Drone/install/drone_interfaces/share/drone_interfaces/environment/ament_prefix_path.dsv\n'}
[1.426833] (drone_interfaces) StdoutLine: {'line': b'-- Up-to-date: /home/ccl/Multitask-Drone/install/drone_interfaces/share/drone_interfaces/environment/path.sh\n'}
[1.426871] (drone_interfaces) StdoutLine: {'line': b'-- Up-to-date: /home/ccl/Multitask-Drone/install/drone_interfaces/share/drone_interfaces/environment/path.dsv\n'}
[1.426930] (drone_interfaces) StdoutLine: {'line': b'-- Up-to-date: /home/ccl/Multitask-Drone/install/drone_interfaces/share/drone_interfaces/local_setup.bash\n'}
[1.426982] (drone_interfaces) StdoutLine: {'line': b'-- Up-to-date: /home/ccl/Multitask-Drone/install/drone_interfaces/share/drone_interfaces/local_setup.sh\n'}
[1.427083] (drone_interfaces) StdoutLine: {'line': b'-- Up-to-date: /home/ccl/Multitask-Drone/install/drone_interfaces/share/drone_interfaces/local_setup.zsh\n'}
[1.427130] (drone_interfaces) StdoutLine: {'line': b'-- Up-to-date: /home/ccl/Multitask-Drone/install/drone_interfaces/share/drone_interfaces/local_setup.dsv\n'}
[1.427170] (drone_interfaces) StdoutLine: {'line': b'-- Installing: /home/ccl/Multitask-Drone/install/drone_interfaces/share/drone_interfaces/package.dsv\n'}
[1.428017] (drone_interfaces) StdoutLine: {'line': b'-- Up-to-date: /home/ccl/Multitask-Drone/install/drone_interfaces/share/ament_index/resource_index/packages/drone_interfaces\n'}
[1.430380] (drone_interfaces) StdoutLine: {'line': b'-- Up-to-date: /home/ccl/Multitask-Drone/install/drone_interfaces/share/drone_interfaces/cmake/export_drone_interfaces__rosidl_generator_cExport.cmake\n'}
[1.430518] (drone_interfaces) StdoutLine: {'line': b'-- Up-to-date: /home/ccl/Multitask-Drone/install/drone_interfaces/share/drone_interfaces/cmake/export_drone_interfaces__rosidl_generator_cExport-noconfig.cmake\n'}
[1.431477] (drone_interfaces) StdoutLine: {'line': b'-- Up-to-date: /home/ccl/Multitask-Drone/install/drone_interfaces/share/drone_interfaces/cmake/export_drone_interfaces__rosidl_typesupport_fastrtps_cExport.cmake\n'}
[1.432043] (drone_interfaces) StdoutLine: {'line': b'-- Up-to-date: /home/ccl/Multitask-Drone/install/drone_interfaces/share/drone_interfaces/cmake/export_drone_interfaces__rosidl_typesupport_fastrtps_cExport-noconfig.cmake\n'}
[1.432483] (drone_interfaces) StdoutLine: {'line': b'-- Up-to-date: /home/ccl/Multitask-Drone/install/drone_interfaces/share/drone_interfaces/cmake/drone_interfaces__rosidl_typesupport_introspection_cExport.cmake\n'}
[1.432563] (drone_interfaces) StdoutLine: {'line': b'-- Up-to-date: /home/ccl/Multitask-Drone/install/drone_interfaces/share/drone_interfaces/cmake/drone_interfaces__rosidl_typesupport_introspection_cExport-noconfig.cmake\n'}
[1.433253] (drone_interfaces) StdoutLine: {'line': b'-- Up-to-date: /home/ccl/Multitask-Drone/install/drone_interfaces/share/drone_interfaces/cmake/drone_interfaces__rosidl_typesupport_cExport.cmake\n'}
[1.433360] (drone_interfaces) StdoutLine: {'line': b'-- Up-to-date: /home/ccl/Multitask-Drone/install/drone_interfaces/share/drone_interfaces/cmake/drone_interfaces__rosidl_typesupport_cExport-noconfig.cmake\n'}
[1.433968] (drone_interfaces) StdoutLine: {'line': b'-- Up-to-date: /home/ccl/Multitask-Drone/install/drone_interfaces/share/drone_interfaces/cmake/export_drone_interfaces__rosidl_generator_cppExport.cmake\n'}
[1.434877] (drone_interfaces) StdoutLine: {'line': b'-- Up-to-date: /home/ccl/Multitask-Drone/install/drone_interfaces/share/drone_interfaces/cmake/export_drone_interfaces__rosidl_typesupport_fastrtps_cppExport.cmake\n'}
[1.434966] (drone_interfaces) StdoutLine: {'line': b'-- Up-to-date: /home/ccl/Multitask-Drone/install/drone_interfaces/share/drone_interfaces/cmake/export_drone_interfaces__rosidl_typesupport_fastrtps_cppExport-noconfig.cmake\n'}
[1.435863] (drone_interfaces) StdoutLine: {'line': b'-- Up-to-date: /home/ccl/Multitask-Drone/install/drone_interfaces/share/drone_interfaces/cmake/drone_interfaces__rosidl_typesupport_introspection_cppExport.cmake\n'}
[1.435988] (drone_interfaces) StdoutLine: {'line': b'-- Up-to-date: /home/ccl/Multitask-Drone/install/drone_interfaces/share/drone_interfaces/cmake/drone_interfaces__rosidl_typesupport_introspection_cppExport-noconfig.cmake\n'}
[1.437318] (drone_interfaces) StdoutLine: {'line': b'-- Up-to-date: /home/ccl/Multitask-Drone/install/drone_interfaces/share/drone_interfaces/cmake/drone_interfaces__rosidl_typesupport_cppExport.cmake\n'}
[1.437514] (drone_interfaces) StdoutLine: {'line': b'-- Up-to-date: /home/ccl/Multitask-Drone/install/drone_interfaces/share/drone_interfaces/cmake/drone_interfaces__rosidl_typesupport_cppExport-noconfig.cmake\n'}
[1.439239] (drone_interfaces) StdoutLine: {'line': b'-- Up-to-date: /home/ccl/Multitask-Drone/install/drone_interfaces/share/drone_interfaces/cmake/export_drone_interfaces__rosidl_generator_pyExport.cmake\n'}
[1.439647] (drone_interfaces) StdoutLine: {'line': b'-- Up-to-date: /home/ccl/Multitask-Drone/install/drone_interfaces/share/drone_interfaces/cmake/export_drone_interfaces__rosidl_generator_pyExport-noconfig.cmake\n'}
[1.439761] (drone_interfaces) StdoutLine: {'line': b'-- Up-to-date: /home/ccl/Multitask-Drone/install/drone_interfaces/share/drone_interfaces/cmake/rosidl_cmake-extras.cmake\n'}
[1.439852] (drone_interfaces) StdoutLine: {'line': b'-- Up-to-date: /home/ccl/Multitask-Drone/install/drone_interfaces/share/drone_interfaces/cmake/ament_cmake_export_dependencies-extras.cmake\n'}
[1.439924] (drone_interfaces) StdoutLine: {'line': b'-- Up-to-date: /home/ccl/Multitask-Drone/install/drone_interfaces/share/drone_interfaces/cmake/ament_cmake_export_include_directories-extras.cmake\n'}
[1.439995] (drone_interfaces) StdoutLine: {'line': b'-- Up-to-date: /home/ccl/Multitask-Drone/install/drone_interfaces/share/drone_interfaces/cmake/ament_cmake_export_libraries-extras.cmake\n'}
[1.440065] (drone_interfaces) StdoutLine: {'line': b'-- Up-to-date: /home/ccl/Multitask-Drone/install/drone_interfaces/share/drone_interfaces/cmake/ament_cmake_export_targets-extras.cmake\n'}
[1.440134] (drone_interfaces) StdoutLine: {'line': b'-- Up-to-date: /home/ccl/Multitask-Drone/install/drone_interfaces/share/drone_interfaces/cmake/rosidl_cmake_export_typesupport_targets-extras.cmake\n'}
[1.440202] (drone_interfaces) StdoutLine: {'line': b'-- Up-to-date: /home/ccl/Multitask-Drone/install/drone_interfaces/share/drone_interfaces/cmake/rosidl_cmake_export_typesupport_libraries-extras.cmake\n'}
[1.440271] (drone_interfaces) StdoutLine: {'line': b'-- Up-to-date: /home/ccl/Multitask-Drone/install/drone_interfaces/share/drone_interfaces/cmake/drone_interfacesConfig.cmake\n'}
[1.440339] (drone_interfaces) StdoutLine: {'line': b'-- Up-to-date: /home/ccl/Multitask-Drone/install/drone_interfaces/share/drone_interfaces/cmake/drone_interfacesConfig-version.cmake\n'}
[1.440408] (drone_interfaces) StdoutLine: {'line': b'-- Up-to-date: /home/ccl/Multitask-Drone/install/drone_interfaces/share/drone_interfaces/package.xml\n'}
[1.444851] (drone_interfaces) CommandEnded: {'returncode': 0}
[1.467929] (drone_interfaces) JobEnded: {'identifier': 'drone_interfaces', 'rc': 0}
[1.468346] (drone_controller) JobStarted: {'identifier': 'drone_controller'}
[1.476918] (drone_vision) JobStarted: {'identifier': 'drone_vision'}
[1.505993] (-) TimerEvent: {}
[1.606396] (-) TimerEvent: {}
[1.706903] (-) TimerEvent: {}
[1.807338] (-) TimerEvent: {}
[1.907647] (-) TimerEvent: {}
[2.008370] (-) TimerEvent: {}
[2.109389] (-) TimerEvent: {}
[2.210520] (-) TimerEvent: {}
[2.301518] (drone_controller) Command: {'cmd': ['/usr/bin/python3', '-W', 'ignore:setup.py install is deprecated', '-W', 'ignore:easy_install command is deprecated', 'setup.py', 'egg_info', '--egg-base', '../../build/drone_controller', 'build', '--build-base', '/home/ccl/Multitask-Drone/build/drone_controller/build', 'install', '--record', '/home/ccl/Multitask-Drone/build/drone_controller/install.log', '--single-version-externally-managed', 'install_data'], 'cwd': '/home/ccl/Multitask-Drone/src/drone_controller', 'env': {'GJS_DEBUG_TOPICS': 'JS ERROR;JS LOG', 'LESSOPEN': '| /usr/bin/lesspipe %s', 'SVGA_VGPU10': '0', 'no_proxy': '127.0.0.1, localhost', 'USER': 'ccl', 'LC_TIME': 'zh_CN.UTF-8', 'XDG_SESSION_TYPE': 'wayland', 'GIT_ASKPASS': '/usr/share/code/resources/app/extensions/git/dist/askpass.sh', 'SHLVL': '1', 'LD_LIBRARY_PATH': '/home/ccl/Multitask-Drone/install/drone_interfaces/lib:/opt/ros/humble/opt/rviz_ogre_vendor/lib:/opt/ros/humble/lib/x86_64-linux-gnu:/opt/ros/humble/lib', 'HOME': '/home/ccl', 'CHROME_DESKTOP': 'code.desktop', 'TERM_PROGRAM_VERSION': '1.98.0', 'DESKTOP_SESSION': 'ubuntu', 'GIO_LAUNCHED_DESKTOP_FILE': '/usr/share/applications/code.desktop', 'ROS_PYTHON_VERSION': '3', 'GNOME_SHELL_SESSION_MODE': 'ubuntu', 'GTK_MODULES': 'gail:atk-bridge', 'VSCODE_GIT_ASKPASS_MAIN': '/usr/share/code/resources/app/extensions/git/dist/askpass-main.js', 'LC_MONETARY': 'zh_CN.UTF-8', 'VSCODE_GIT_ASKPASS_NODE': '/usr/share/code/code', 'MANAGERPID': '1158', 'PYDEVD_DISABLE_FILE_VALIDATION': '1', 'SYSTEMD_EXEC_PID': '1324', 'BUNDLED_DEBUGPY_PATH': '/home/ccl/.vscode/extensions/ms-python.debugpy-2025.4.0-linux-x64/bundled/libs/debugpy', 'IM_CONFIG_CHECK_ENV': '1', 'DBUS_SESSION_BUS_ADDRESS': 'unix:path=/run/user/1000/bus', 'COLORTERM': 'truecolor', 'GIO_LAUNCHED_DESKTOP_FILE_PID': '4580', 'IM_CONFIG_PHASE': '1', 'WAYLAND_DISPLAY': 'wayland-0', 'https_proxy': 'http://192.168.218.1:5555', 'COLCON_PREFIX_PATH': '/home/ccl/Multitask-Drone/install', 'ROS_DISTRO': 'humble', 'GTK_IM_MODULE': 'fcitx', 'LOGNAME': 'ccl', 'http_proxy': 'http://192.168.218.1:5555', 'JOURNAL_STREAM': '8:21923', '_': '/usr/bin/colcon', 'ROS_VERSION': '2', 'XDG_SESSION_CLASS': 'user', 'USERNAME': 'ccl', 'TERM': 'xterm-256color', 'GNOME_DESKTOP_SESSION_ID': 'this-is-deprecated', 'ROS_LOCALHOST_ONLY': '0', 'PATH': '/home/ccl/.local/bin:/opt/ros/humble/bin:/home/ccl/.local/bin:/usr/local/sbin:/usr/local/bin:/usr/sbin:/usr/bin:/sbin:/bin:/usr/games:/usr/local/games:/snap/bin:/snap/bin:/usr/local/go/bin:/home/ccl/.vscode/extensions/ms-python.debugpy-2025.4.0-linux-x64/bundled/scripts/noConfigScripts:/usr/local/go/bin', 'SESSION_MANAGER': 'local/ubuntu64:@/tmp/.ICE-unix/1286,unix/ubuntu64:/tmp/.ICE-unix/1286', 'INVOCATION_ID': 'a2df986e80c248b180bb0004ea66587c', 'XDG_MENU_PREFIX': 'gnome-', 'LC_ADDRESS': 'zh_CN.UTF-8', 'GNOME_SETUP_DISPLAY': ':1', 'XDG_RUNTIME_DIR': '/run/user/1000', 'GDK_BACKEND': 'x11', 'DISPLAY': ':0', 'VSCODE_DEBUGPY_ADAPTER_ENDPOINTS': '/home/ccl/.vscode/extensions/ms-python.debugpy-2025.4.0-linux-x64/.noConfigDebugAdapterEndpoints/endpoint-17a7e6cfd4e60750.txt', 'LANG': 'en_US.UTF-8', 'XDG_CURRENT_DESKTOP': 'Unity', 'LC_TELEPHONE': 'zh_CN.UTF-8', 'XMODIFIERS': '@im=fcitx', 'XDG_SESSION_DESKTOP': 'ubuntu', 'XAUTHORITY': '/run/user/1000/.mutter-Xwaylandauth.SG5222', 'LS_COLORS': 'rs=0:di=01;34:ln=01;36:mh=00:pi=40;33:so=01;35:do=01;35:bd=40;33;01:cd=40;33;01:or=40;31;01:mi=00:su=37;41:sg=30;43:ca=30;41:tw=30;42:ow=34;42:st=37;44:ex=01;32:*.tar=01;31:*.tgz=01;31:*.arc=01;31:*.arj=01;31:*.taz=01;31:*.lha=01;31:*.lz4=01;31:*.lzh=01;31:*.lzma=01;31:*.tlz=01;31:*.txz=01;31:*.tzo=01;31:*.t7z=01;31:*.zip=01;31:*.z=01;31:*.dz=01;31:*.gz=01;31:*.lrz=01;31:*.lz=01;31:*.lzo=01;31:*.xz=01;31:*.zst=01;31:*.tzst=01;31:*.bz2=01;31:*.bz=01;31:*.tbz=01;31:*.tbz2=01;31:*.tz=01;31:*.deb=01;31:*.rpm=01;31:*.jar=01;31:*.war=01;31:*.ear=01;31:*.sar=01;31:*.rar=01;31:*.alz=01;31:*.ace=01;31:*.zoo=01;31:*.cpio=01;31:*.7z=01;31:*.rz=01;31:*.cab=01;31:*.wim=01;31:*.swm=01;31:*.dwm=01;31:*.esd=01;31:*.jpg=01;35:*.jpeg=01;35:*.mjpg=01;35:*.mjpeg=01;35:*.gif=01;35:*.bmp=01;35:*.pbm=01;35:*.pgm=01;35:*.ppm=01;35:*.tga=01;35:*.xbm=01;35:*.xpm=01;35:*.tif=01;35:*.tiff=01;35:*.png=01;35:*.svg=01;35:*.svgz=01;35:*.mng=01;35:*.pcx=01;35:*.mov=01;35:*.mpg=01;35:*.mpeg=01;35:*.m2v=01;35:*.mkv=01;35:*.webm=01;35:*.webp=01;35:*.ogm=01;35:*.mp4=01;35:*.m4v=01;35:*.mp4v=01;35:*.vob=01;35:*.qt=01;35:*.nuv=01;35:*.wmv=01;35:*.asf=01;35:*.rm=01;35:*.rmvb=01;35:*.flc=01;35:*.avi=01;35:*.fli=01;35:*.flv=01;35:*.gl=01;35:*.dl=01;35:*.xcf=01;35:*.xwd=01;35:*.yuv=01;35:*.cgm=01;35:*.emf=01;35:*.ogv=01;35:*.ogx=01;35:*.aac=00;36:*.au=00;36:*.flac=00;36:*.m4a=00;36:*.mid=00;36:*.midi=00;36:*.mka=00;36:*.mp3=00;36:*.mpc=00;36:*.ogg=00;36:*.ra=00;36:*.wav=00;36:*.oga=00;36:*.opus=00;36:*.spx=00;36:*.xspf=00;36:', 'VSCODE_GIT_IPC_HANDLE': '/run/user/1000/vscode-git-9d2c69e155.sock', 'TERM_PROGRAM': 'vscode', 'SSH_AGENT_LAUNCHER': 'gnome-keyring', 'SSH_AUTH_SOCK': '/run/user/1000/keyring/ssh', 'AMENT_PREFIX_PATH': '/home/ccl/Multitask-Drone/install/drone_vision:/home/ccl/Multitask-Drone/install/drone_monitor:/home/ccl/Multitask-Drone/install/drone_controller:/home/ccl/Multitask-Drone/install/drone_interfaces:/opt/ros/humble', 'QUIC_GO_LOG_LEVEL': 'debug', 'ORIGINAL_XDG_CURRENT_DESKTOP': 'ubuntu:GNOME', 'SHELL': '/bin/bash', 'LC_NAME': 'zh_CN.UTF-8', 'QT_ACCESSIBILITY': '1', 'GDMSESSION': 'ubuntu', 'LESSCLOSE': '/usr/bin/lesspipe %s %s', 'LC_MEASUREMENT': 'zh_CN.UTF-8', 'GJS_DEBUG_OUTPUT': 'stderr', 'LC_IDENTIFICATION': 'zh_CN.UTF-8', 'VSCODE_GIT_ASKPASS_EXTRA_ARGS': '', 'QT_IM_MODULE': 'fcitx', 'PWD': '/home/ccl/Multitask-Drone/build/drone_controller', 'LC_ALL': 'en_US.UTF-8', 'XDG_CONFIG_DIRS': '/etc/xdg/xdg-ubuntu:/etc/xdg', 'CLUTTER_IM_MODULE': 'xim', 'XDG_DATA_DIRS': '/usr/share/ubuntu:/usr/local/share/:/usr/share/:/var/lib/snapd/desktop', 'PYTHONPATH': '/home/ccl/Multitask-Drone/build/drone_controller/prefix_override:/usr/lib/python3/dist-packages/colcon_core/task/python/colcon_distutils_commands:/home/ccl/Multitask-Drone/install/drone_controller/lib/python3.10/site-packages:/home/ccl/Multitask-Drone/install/drone_vision/lib/python3.10/site-packages:/home/ccl/Multitask-Drone/install/drone_monitor/lib/python3.10/site-packages:/home/ccl/Multitask-Drone/install/drone_controller/lib/python3.10/site-packages:/home/ccl/Multitask-Drone/install/drone_interfaces/local/lib/python3.10/dist-packages:/opt/ros/humble/lib/python3.10/site-packages:/opt/ros/humble/local/lib/python3.10/dist-packages', 'LC_NUMERIC': 'zh_CN.UTF-8', 'LC_PAPER': 'zh_CN.UTF-8', 'COLCON': '1', 'CMAKE_PREFIX_PATH': '/home/ccl/Multitask-Drone/install/drone_interfaces'}, 'shell': False}
[2.312847] (-) TimerEvent: {}
[2.336802] (drone_vision) Command: {'cmd': ['/usr/bin/python3', '-W', 'ignore:setup.py install is deprecated', '-W', 'ignore:easy_install command is deprecated', 'setup.py', 'egg_info', '--egg-base', '../../build/drone_vision', 'build', '--build-base', '/home/ccl/Multitask-Drone/build/drone_vision/build', 'install', '--record', '/home/ccl/Multitask-Drone/build/drone_vision/install.log', '--single-version-externally-managed', 'install_data'], 'cwd': '/home/ccl/Multitask-Drone/src/drone_vision', 'env': {'GJS_DEBUG_TOPICS': 'JS ERROR;JS LOG', 'LESSOPEN': '| /usr/bin/lesspipe %s', 'SVGA_VGPU10': '0', 'no_proxy': '127.0.0.1, localhost', 'USER': 'ccl', 'LC_TIME': 'zh_CN.UTF-8', 'XDG_SESSION_TYPE': 'wayland', 'GIT_ASKPASS': '/usr/share/code/resources/app/extensions/git/dist/askpass.sh', 'SHLVL': '1', 'LD_LIBRARY_PATH': '/home/ccl/Multitask-Drone/install/drone_interfaces/lib:/opt/ros/humble/opt/rviz_ogre_vendor/lib:/opt/ros/humble/lib/x86_64-linux-gnu:/opt/ros/humble/lib', 'HOME': '/home/ccl', 'CHROME_DESKTOP': 'code.desktop', 'TERM_PROGRAM_VERSION': '1.98.0', 'DESKTOP_SESSION': 'ubuntu', 'GIO_LAUNCHED_DESKTOP_FILE': '/usr/share/applications/code.desktop', 'ROS_PYTHON_VERSION': '3', 'GNOME_SHELL_SESSION_MODE': 'ubuntu', 'GTK_MODULES': 'gail:atk-bridge', 'VSCODE_GIT_ASKPASS_MAIN': '/usr/share/code/resources/app/extensions/git/dist/askpass-main.js', 'LC_MONETARY': 'zh_CN.UTF-8', 'VSCODE_GIT_ASKPASS_NODE': '/usr/share/code/code', 'MANAGERPID': '1158', 'PYDEVD_DISABLE_FILE_VALIDATION': '1', 'SYSTEMD_EXEC_PID': '1324', 'BUNDLED_DEBUGPY_PATH': '/home/ccl/.vscode/extensions/ms-python.debugpy-2025.4.0-linux-x64/bundled/libs/debugpy', 'IM_CONFIG_CHECK_ENV': '1', 'DBUS_SESSION_BUS_ADDRESS': 'unix:path=/run/user/1000/bus', 'COLORTERM': 'truecolor', 'GIO_LAUNCHED_DESKTOP_FILE_PID': '4580', 'IM_CONFIG_PHASE': '1', 'WAYLAND_DISPLAY': 'wayland-0', 'https_proxy': 'http://192.168.218.1:5555', 'COLCON_PREFIX_PATH': '/home/ccl/Multitask-Drone/install', 'ROS_DISTRO': 'humble', 'GTK_IM_MODULE': 'fcitx', 'LOGNAME': 'ccl', 'http_proxy': 'http://192.168.218.1:5555', 'JOURNAL_STREAM': '8:21923', '_': '/usr/bin/colcon', 'ROS_VERSION': '2', 'XDG_SESSION_CLASS': 'user', 'USERNAME': 'ccl', 'TERM': 'xterm-256color', 'GNOME_DESKTOP_SESSION_ID': 'this-is-deprecated', 'ROS_LOCALHOST_ONLY': '0', 'PATH': '/home/ccl/.local/bin:/opt/ros/humble/bin:/home/ccl/.local/bin:/usr/local/sbin:/usr/local/bin:/usr/sbin:/usr/bin:/sbin:/bin:/usr/games:/usr/local/games:/snap/bin:/snap/bin:/usr/local/go/bin:/home/ccl/.vscode/extensions/ms-python.debugpy-2025.4.0-linux-x64/bundled/scripts/noConfigScripts:/usr/local/go/bin', 'SESSION_MANAGER': 'local/ubuntu64:@/tmp/.ICE-unix/1286,unix/ubuntu64:/tmp/.ICE-unix/1286', 'INVOCATION_ID': 'a2df986e80c248b180bb0004ea66587c', 'XDG_MENU_PREFIX': 'gnome-', 'LC_ADDRESS': 'zh_CN.UTF-8', 'GNOME_SETUP_DISPLAY': ':1', 'XDG_RUNTIME_DIR': '/run/user/1000', 'GDK_BACKEND': 'x11', 'DISPLAY': ':0', 'VSCODE_DEBUGPY_ADAPTER_ENDPOINTS': '/home/ccl/.vscode/extensions/ms-python.debugpy-2025.4.0-linux-x64/.noConfigDebugAdapterEndpoints/endpoint-17a7e6cfd4e60750.txt', 'LANG': 'en_US.UTF-8', 'XDG_CURRENT_DESKTOP': 'Unity', 'LC_TELEPHONE': 'zh_CN.UTF-8', 'XMODIFIERS': '@im=fcitx', 'XDG_SESSION_DESKTOP': 'ubuntu', 'XAUTHORITY': '/run/user/1000/.mutter-Xwaylandauth.SG5222', 'LS_COLORS': 'rs=0:di=01;34:ln=01;36:mh=00:pi=40;33:so=01;35:do=01;35:bd=40;33;01:cd=40;33;01:or=40;31;01:mi=00:su=37;41:sg=30;43:ca=30;41:tw=30;42:ow=34;42:st=37;44:ex=01;32:*.tar=01;31:*.tgz=01;31:*.arc=01;31:*.arj=01;31:*.taz=01;31:*.lha=01;31:*.lz4=01;31:*.lzh=01;31:*.lzma=01;31:*.tlz=01;31:*.txz=01;31:*.tzo=01;31:*.t7z=01;31:*.zip=01;31:*.z=01;31:*.dz=01;31:*.gz=01;31:*.lrz=01;31:*.lz=01;31:*.lzo=01;31:*.xz=01;31:*.zst=01;31:*.tzst=01;31:*.bz2=01;31:*.bz=01;31:*.tbz=01;31:*.tbz2=01;31:*.tz=01;31:*.deb=01;31:*.rpm=01;31:*.jar=01;31:*.war=01;31:*.ear=01;31:*.sar=01;31:*.rar=01;31:*.alz=01;31:*.ace=01;31:*.zoo=01;31:*.cpio=01;31:*.7z=01;31:*.rz=01;31:*.cab=01;31:*.wim=01;31:*.swm=01;31:*.dwm=01;31:*.esd=01;31:*.jpg=01;35:*.jpeg=01;35:*.mjpg=01;35:*.mjpeg=01;35:*.gif=01;35:*.bmp=01;35:*.pbm=01;35:*.pgm=01;35:*.ppm=01;35:*.tga=01;35:*.xbm=01;35:*.xpm=01;35:*.tif=01;35:*.tiff=01;35:*.png=01;35:*.svg=01;35:*.svgz=01;35:*.mng=01;35:*.pcx=01;35:*.mov=01;35:*.mpg=01;35:*.mpeg=01;35:*.m2v=01;35:*.mkv=01;35:*.webm=01;35:*.webp=01;35:*.ogm=01;35:*.mp4=01;35:*.m4v=01;35:*.mp4v=01;35:*.vob=01;35:*.qt=01;35:*.nuv=01;35:*.wmv=01;35:*.asf=01;35:*.rm=01;35:*.rmvb=01;35:*.flc=01;35:*.avi=01;35:*.fli=01;35:*.flv=01;35:*.gl=01;35:*.dl=01;35:*.xcf=01;35:*.xwd=01;35:*.yuv=01;35:*.cgm=01;35:*.emf=01;35:*.ogv=01;35:*.ogx=01;35:*.aac=00;36:*.au=00;36:*.flac=00;36:*.m4a=00;36:*.mid=00;36:*.midi=00;36:*.mka=00;36:*.mp3=00;36:*.mpc=00;36:*.ogg=00;36:*.ra=00;36:*.wav=00;36:*.oga=00;36:*.opus=00;36:*.spx=00;36:*.xspf=00;36:', 'VSCODE_GIT_IPC_HANDLE': '/run/user/1000/vscode-git-9d2c69e155.sock', 'TERM_PROGRAM': 'vscode', 'SSH_AGENT_LAUNCHER': 'gnome-keyring', 'SSH_AUTH_SOCK': '/run/user/1000/keyring/ssh', 'AMENT_PREFIX_PATH': '/home/ccl/Multitask-Drone/install/drone_vision:/home/ccl/Multitask-Drone/install/drone_monitor:/home/ccl/Multitask-Drone/install/drone_controller:/home/ccl/Multitask-Drone/install/drone_interfaces:/opt/ros/humble', 'QUIC_GO_LOG_LEVEL': 'debug', 'ORIGINAL_XDG_CURRENT_DESKTOP': 'ubuntu:GNOME', 'SHELL': '/bin/bash', 'LC_NAME': 'zh_CN.UTF-8', 'QT_ACCESSIBILITY': '1', 'GDMSESSION': 'ubuntu', 'LESSCLOSE': '/usr/bin/lesspipe %s %s', 'LC_MEASUREMENT': 'zh_CN.UTF-8', 'GJS_DEBUG_OUTPUT': 'stderr', 'LC_IDENTIFICATION': 'zh_CN.UTF-8', 'VSCODE_GIT_ASKPASS_EXTRA_ARGS': '', 'QT_IM_MODULE': 'fcitx', 'PWD': '/home/ccl/Multitask-Drone/build/drone_vision', 'LC_ALL': 'en_US.UTF-8', 'XDG_CONFIG_DIRS': '/etc/xdg/xdg-ubuntu:/etc/xdg', 'CLUTTER_IM_MODULE': 'xim', 'XDG_DATA_DIRS': '/usr/share/ubuntu:/usr/local/share/:/usr/share/:/var/lib/snapd/desktop', 'PYTHONPATH': '/home/ccl/Multitask-Drone/build/drone_vision/prefix_override:/usr/lib/python3/dist-packages/colcon_core/task/python/colcon_distutils_commands:/home/ccl/Multitask-Drone/install/drone_vision/lib/python3.10/site-packages:/home/ccl/Multitask-Drone/install/drone_vision/lib/python3.10/site-packages:/home/ccl/Multitask-Drone/install/drone_monitor/lib/python3.10/site-packages:/home/ccl/Multitask-Drone/install/drone_controller/lib/python3.10/site-packages:/home/ccl/Multitask-Drone/install/drone_interfaces/local/lib/python3.10/dist-packages:/opt/ros/humble/lib/python3.10/site-packages:/opt/ros/humble/local/lib/python3.10/dist-packages', 'LC_NUMERIC': 'zh_CN.UTF-8', 'LC_PAPER': 'zh_CN.UTF-8', 'COLCON': '1', 'CMAKE_PREFIX_PATH': '/home/ccl/Multitask-Drone/install/drone_interfaces'}, 'shell': False}
[2.413206] (-) TimerEvent: {}
[2.499866] (drone_controller) StdoutLine: {'line': b'running egg_info\n'}
[2.500255] (drone_controller) StdoutLine: {'line': b'writing ../../build/drone_controller/drone_controller.egg-info/PKG-INFO\n'}
[2.500330] (drone_controller) StdoutLine: {'line': b'writing dependency_links to ../../build/drone_controller/drone_controller.egg-info/dependency_links.txt\n'}
[2.500374] (drone_controller) StdoutLine: {'line': b'writing entry points to ../../build/drone_controller/drone_controller.egg-info/entry_points.txt\n'}
[2.500415] (drone_controller) StdoutLine: {'line': b'writing requirements to ../../build/drone_controller/drone_controller.egg-info/requires.txt\n'}
[2.500487] (drone_controller) StdoutLine: {'line': b'writing top-level names to ../../build/drone_controller/drone_controller.egg-info/top_level.txt\n'}
[2.500999] (drone_controller) StdoutLine: {'line': b"reading manifest file '../../build/drone_controller/drone_controller.egg-info/SOURCES.txt'\n"}
[2.502285] (drone_controller) StdoutLine: {'line': b"adding license file 'LICENSE'\n"}
[2.503957] (drone_controller) StdoutLine: {'line': b"writing manifest file '../../build/drone_controller/drone_controller.egg-info/SOURCES.txt'\n"}
[2.504517] (drone_controller) StdoutLine: {'line': b'running build\n'}
[2.504596] (drone_controller) StdoutLine: {'line': b'running build_py\n'}
[2.504646] (drone_controller) StdoutLine: {'line': b'copying drone_controller/task/task_executor.py -> /home/ccl/Multitask-Drone/build/drone_controller/build/lib/drone_controller/task\n'}
[2.504750] (drone_controller) StdoutLine: {'line': b'copying drone_controller/waypoint/waypoint_task_executor.py -> /home/ccl/Multitask-Drone/build/drone_controller/build/lib/drone_controller/waypoint\n'}
[2.505092] (drone_controller) StdoutLine: {'line': b'running install\n'}
[2.505322] (drone_controller) StdoutLine: {'line': b'running install_lib\n'}
[2.506315] (drone_controller) StdoutLine: {'line': b'copying /home/ccl/Multitask-Drone/build/drone_controller/build/lib/drone_controller/waypoint/waypoint_task_executor.py -> /home/ccl/Multitask-Drone/install/drone_controller/lib/python3.10/site-packages/drone_controller/waypoint\n'}
[2.506509] (drone_controller) StdoutLine: {'line': b'copying /home/ccl/Multitask-Drone/build/drone_controller/build/lib/drone_controller/task/task_executor.py -> /home/ccl/Multitask-Drone/install/drone_controller/lib/python3.10/site-packages/drone_controller/task\n'}
[2.507144] (drone_controller) StdoutLine: {'line': b'byte-compiling /home/ccl/Multitask-Drone/install/drone_controller/lib/python3.10/site-packages/drone_controller/waypoint/waypoint_task_executor.py to waypoint_task_executor.cpython-310.pyc\n'}
[2.509634] (drone_controller) StdoutLine: {'line': b'byte-compiling /home/ccl/Multitask-Drone/install/drone_controller/lib/python3.10/site-packages/drone_controller/task/task_executor.py to task_executor.cpython-310.pyc\n'}
[2.510973] (drone_controller) StdoutLine: {'line': b'running install_data\n'}
[2.511094] (drone_controller) StdoutLine: {'line': b'running install_egg_info\n'}
[2.513998] (drone_controller) StdoutLine: {'line': b"removing '/home/ccl/Multitask-Drone/install/drone_controller/lib/python3.10/site-packages/drone_controller-0.0.0-py3.10.egg-info' (and everything under it)\n"}
[2.514097] (-) TimerEvent: {}
[2.514184] (drone_controller) StdoutLine: {'line': b'Copying ../../build/drone_controller/drone_controller.egg-info to /home/ccl/Multitask-Drone/install/drone_controller/lib/python3.10/site-packages/drone_controller-0.0.0-py3.10.egg-info\n'}
[2.515490] (drone_controller) StdoutLine: {'line': b'running install_scripts\n'}
[2.535338] (drone_controller) StdoutLine: {'line': b'Installing drone_controller script to /home/ccl/Multitask-Drone/install/drone_controller/lib/drone_controller\n'}
[2.535520] (drone_controller) StdoutLine: {'line': b'Installing task_executor script to /home/ccl/Multitask-Drone/install/drone_controller/lib/drone_controller\n'}
[2.536136] (drone_controller) StdoutLine: {'line': b'Installing waypoint_handler script to /home/ccl/Multitask-Drone/install/drone_controller/lib/drone_controller\n'}
[2.536263] (drone_controller) StdoutLine: {'line': b'Installing yiku_test script to /home/ccl/Multitask-Drone/install/drone_controller/lib/drone_controller\n'}
[2.536658] (drone_controller) StdoutLine: {'line': b"writing list of installed files to '/home/ccl/Multitask-Drone/build/drone_controller/install.log'\n"}
[2.557910] (drone_vision) StdoutLine: {'line': b'running egg_info\n'}
[2.560106] (drone_vision) StdoutLine: {'line': b'writing ../../build/drone_vision/drone_vision.egg-info/PKG-INFO\n'}
[2.560256] (drone_vision) StdoutLine: {'line': b'writing dependency_links to ../../build/drone_vision/drone_vision.egg-info/dependency_links.txt\n'}
[2.560332] (drone_vision) StdoutLine: {'line': b'writing entry points to ../../build/drone_vision/drone_vision.egg-info/entry_points.txt\n'}
[2.560391] (drone_vision) StdoutLine: {'line': b'writing requirements to ../../build/drone_vision/drone_vision.egg-info/requires.txt\n'}
[2.560447] (drone_vision) StdoutLine: {'line': b'writing top-level names to ../../build/drone_vision/drone_vision.egg-info/top_level.txt\n'}
[2.561268] (drone_vision) StdoutLine: {'line': b"reading manifest file '../../build/drone_vision/drone_vision.egg-info/SOURCES.txt'\n"}
[2.566014] (drone_controller) CommandEnded: {'returncode': 0}
[2.566545] (drone_vision) StdoutLine: {'line': b"adding license file 'LICENSE'\n"}
[2.568897] (drone_vision) StdoutLine: {'line': b"writing manifest file '../../build/drone_vision/drone_vision.egg-info/SOURCES.txt'\n"}
[2.569033] (drone_vision) StdoutLine: {'line': b'running build\n'}
[2.569114] (drone_vision) StdoutLine: {'line': b'running build_py\n'}
[2.569183] (drone_vision) StdoutLine: {'line': b'running install\n'}
[2.569240] (drone_vision) StdoutLine: {'line': b'running install_lib\n'}
[2.569297] (drone_vision) StdoutLine: {'line': b'running install_data\n'}
[2.569354] (drone_vision) StdoutLine: {'line': b'running install_egg_info\n'}
[2.571975] (drone_vision) StdoutLine: {'line': b"removing '/home/ccl/Multitask-Drone/install/drone_vision/lib/python3.10/site-packages/drone_vision-0.0.0-py3.10.egg-info' (and everything under it)\n"}
[2.572149] (drone_vision) StdoutLine: {'line': b'Copying ../../build/drone_vision/drone_vision.egg-info to /home/ccl/Multitask-Drone/install/drone_vision/lib/python3.10/site-packages/drone_vision-0.0.0-py3.10.egg-info\n'}
[2.575150] (drone_controller) JobEnded: {'identifier': 'drone_controller', 'rc': 0}
[2.575744] (drone_vision) StdoutLine: {'line': b'running install_scripts\n'}
[2.596053] (drone_vision) StdoutLine: {'line': b'Installing object_detector script to /home/ccl/Multitask-Drone/install/drone_vision/lib/drone_vision\n'}
[2.596445] (drone_vision) StdoutLine: {'line': b"writing list of installed files to '/home/ccl/Multitask-Drone/build/drone_vision/install.log'\n"}
[2.614735] (-) TimerEvent: {}
[2.618486] (drone_vision) CommandEnded: {'returncode': 0}
[2.631659] (drone_vision) JobEnded: {'identifier': 'drone_vision', 'rc': 0}
[2.632371] (-) EventReactorShutdown: {}
