[0.000000] (-) TimerEvent: {}
[0.000920] (drone_interfaces) JobQueued: {'identifier': 'drone_interfaces', 'dependencies': OrderedDict()}
[0.001103] (drone_monitor) JobQueued: {'identifier': 'drone_monitor', 'dependencies': OrderedDict()}
[0.001316] (drone_controller) JobQueued: {'identifier': 'drone_controller', 'dependencies': OrderedDict([('drone_interfaces', '/home/orangepi/Multitask-Drone/install/drone_interfaces')])}
[0.001800] (drone_vision) JobQueued: {'identifier': 'drone_vision', 'dependencies': OrderedDict([('drone_interfaces', '/home/orangepi/Multitask-Drone/install/drone_interfaces')])}
[0.003250] (drone_interfaces) JobStarted: {'identifier': 'drone_interfaces'}
[0.013423] (drone_monitor) JobStarted: {'identifier': 'drone_monitor'}
[0.025227] (drone_interfaces) JobProgress: {'identifier': 'drone_interfaces', 'progress': 'cmake'}
[0.026655] (drone_interfaces) JobProgress: {'identifier': 'drone_interfaces', 'progress': 'build'}
[0.028021] (drone_interfaces) Command: {'cmd': ['/usr/bin/cmake', '--build', '/home/orangepi/Multitask-Drone/build/drone_interfaces', '--', '-j8', '-l8'], 'cwd': '/home/orangepi/Multitask-Drone/build/drone_interfaces', 'env': OrderedDict([('LESSOPEN', '| /usr/bin/lesspipe %s'), ('UMS_MOUNTPOINT', '/mnt/ums'), ('GST_V4L2_PREFERRED_FOURCC', 'NV12:YU12:NV16:YUY2'), ('no_proxy', 'localhost, 127.0.0.1'), ('LANGUAGE', 'en_US.UTF-8'), ('USER', 'orangepi'), ('SSH_CLIENT', '192.168.137.1 37071 22'), ('XDG_SESSION_TYPE', 'tty'), ('GIT_ASKPASS', '/home/orangepi/.vscode-server/cli/servers/Stable-fabdb6a30b49f79a7aba0f2ad9df9b399473380f/server/extensions/git/dist/askpass.sh'), ('SHLVL', '2'), ('USB_FUNCS', 'adb'), ('LD_LIBRARY_PATH', '/opt/ros/humble/opt/rviz_ogre_vendor/lib:/opt/ros/humble/lib/aarch64-linux-gnu:/opt/ros/humble/lib'), ('BROWSER', '/home/orangepi/.vscode-server/cli/servers/Stable-fabdb6a30b49f79a7aba0f2ad9df9b399473380f/server/bin/helpers/browser.sh'), ('MOTD_SHOWN', 'pam'), ('HOME', '/home/orangepi'), ('OLDPWD', '/home/orangepi'), ('TERM_PROGRAM_VERSION', '1.96.2'), ('VSCODE_IPC_HOOK_CLI', '/run/user/1000/vscode-ipc-3fdf4e28-c376-4648-b179-39384abbc558.sock'), ('GST_INSPECT_NO_COLORS', '1'), ('GST_MPP_NO_RGA', '1'), ('ROS_PYTHON_VERSION', '3'), ('COGL_DRIVER', 'gles2'), ('VSCODE_GIT_ASKPASS_MAIN', '/home/orangepi/.vscode-server/cli/servers/Stable-fabdb6a30b49f79a7aba0f2ad9df9b399473380f/server/extensions/git/dist/askpass-main.js'), ('VSCODE_GIT_ASKPASS_NODE', '/home/orangepi/.vscode-server/cli/servers/Stable-fabdb6a30b49f79a7aba0f2ad9df9b399473380f/server/node'), ('SSL_CERT_FILE', '/usr/lib/ssl/certs/ca-certificates.crt'), ('DBUS_SESSION_BUS_ADDRESS', 'unix:path=/run/user/1000/bus'), ('COLORTERM', 'truecolor'), ('https_proxy', 'http://192.168.137.1:5555'), ('GST_V4L2SRC_MAX_RESOLUTION', '3840x2160'), ('ROS_DISTRO', 'humble'), ('LOGNAME', 'orangepi'), ('http_proxy', 'http://192.168.137.1:5555'), ('_', '/usr/bin/colcon'), ('ROS_VERSION', '2'), ('XDG_SESSION_CLASS', 'user'), ('TERM', 'xterm-256color'), ('GST_GL_API', 'gles2'), ('XDG_SESSION_ID', '5'), ('GST_VIDEO_CONVERT_PREFERRED_FORMAT', 'NV12:NV16:I420:YUY2'), ('GST_V4L2SRC_RK_DEVICES', '_mainpath:_selfpath:_bypass:_scale'), ('ROS_LOCALHOST_ONLY', '0'), ('PATH', '/home/orangepi/.vscode-server/cli/servers/Stable-fabdb6a30b49f79a7aba0f2ad9df9b399473380f/server/bin/remote-cli:/home/orangepi/.local/bin:/opt/ros/humble/bin:/usr/local/sbin:/usr/local/bin:/usr/sbin:/usr/bin:/sbin:/bin:/usr/games:/usr/local/games:/snap/bin'), ('XDG_RUNTIME_DIR', '/run/user/1000'), ('GST_GL_PLATFORM', 'egl'), ('GST_DEBUG_NO_COLOR', '1'), ('SSL_CERT_DIR', '/usr/lib/ssl/certs'), ('GST_V4L2SRC_DEFAULT_DEVICE', '/dev/video-camera0'), ('DISPLAY', ':0'), ('LANG', 'en_US.UTF-8'), ('LS_COLORS', 'rs=0:di=01;34:ln=01;36:mh=00:pi=40;33:so=01;35:do=01;35:bd=40;33;01:cd=40;33;01:or=40;31;01:mi=00:su=37;41:sg=30;43:ca=30;41:tw=30;42:ow=34;42:st=37;44:ex=01;32:*.tar=01;31:*.tgz=01;31:*.arc=01;31:*.arj=01;31:*.taz=01;31:*.lha=01;31:*.lz4=01;31:*.lzh=01;31:*.lzma=01;31:*.tlz=01;31:*.txz=01;31:*.tzo=01;31:*.t7z=01;31:*.zip=01;31:*.z=01;31:*.dz=01;31:*.gz=01;31:*.lrz=01;31:*.lz=01;31:*.lzo=01;31:*.xz=01;31:*.zst=01;31:*.tzst=01;31:*.bz2=01;31:*.bz=01;31:*.tbz=01;31:*.tbz2=01;31:*.tz=01;31:*.deb=01;31:*.rpm=01;31:*.jar=01;31:*.war=01;31:*.ear=01;31:*.sar=01;31:*.rar=01;31:*.alz=01;31:*.ace=01;31:*.zoo=01;31:*.cpio=01;31:*.7z=01;31:*.rz=01;31:*.cab=01;31:*.wim=01;31:*.swm=01;31:*.dwm=01;31:*.esd=01;31:*.jpg=01;35:*.jpeg=01;35:*.mjpg=01;35:*.mjpeg=01;35:*.gif=01;35:*.bmp=01;35:*.pbm=01;35:*.pgm=01;35:*.ppm=01;35:*.tga=01;35:*.xbm=01;35:*.xpm=01;35:*.tif=01;35:*.tiff=01;35:*.png=01;35:*.svg=01;35:*.svgz=01;35:*.mng=01;35:*.pcx=01;35:*.mov=01;35:*.mpg=01;35:*.mpeg=01;35:*.m2v=01;35:*.mkv=01;35:*.webm=01;35:*.webp=01;35:*.ogm=01;35:*.mp4=01;35:*.m4v=01;35:*.mp4v=01;35:*.vob=01;35:*.qt=01;35:*.nuv=01;35:*.wmv=01;35:*.asf=01;35:*.rm=01;35:*.rmvb=01;35:*.flc=01;35:*.avi=01;35:*.fli=01;35:*.flv=01;35:*.gl=01;35:*.dl=01;35:*.xcf=01;35:*.xwd=01;35:*.yuv=01;35:*.cgm=01;35:*.emf=01;35:*.ogv=01;35:*.ogx=01;35:*.aac=00;36:*.au=00;36:*.flac=00;36:*.m4a=00;36:*.mid=00;36:*.midi=00;36:*.mka=00;36:*.mp3=00;36:*.mpc=00;36:*.ogg=00;36:*.ra=00;36:*.wav=00;36:*.oga=00;36:*.opus=00;36:*.spx=00;36:*.xspf=00;36:'), ('VSCODE_GIT_IPC_HANDLE', '/run/user/1000/vscode-git-d88bdced48.sock'), ('TERM_PROGRAM', 'vscode'), ('GST_V4L2_USE_LIBV4L2', '1'), ('UMS_SIZE', '256M'), ('AMENT_PREFIX_PATH', '/opt/ros/humble'), ('LC_MESSAGES', 'en_US.UTF-8'), ('SHELL', '/bin/bash'), ('UMS_RO', '0'), ('LESSCLOSE', '/usr/bin/lesspipe %s %s'), ('UMS_FSTYPE', 'vfat'), ('VSCODE_GIT_ASKPASS_EXTRA_ARGS', ''), ('PWD', '/home/orangepi/Multitask-Drone/build/drone_interfaces'), ('LC_ALL', 'en_US.UTF-8'), ('SSH_CONNECTION', '192.168.137.1 37071 192.168.137.2 22'), ('PYTHONPATH', '/opt/ros/humble/lib/python3.10/site-packages:/opt/ros/humble/local/lib/python3.10/dist-packages'), ('UMS_MOUNT', '0'), ('COLCON', '1'), ('UMS_FILE', '/userdata/ums_shared.img'), ('CMAKE_PREFIX_PATH', '/opt/ros/humble')]), 'shell': False}
[0.097346] (-) TimerEvent: {}
[0.197980] (-) TimerEvent: {}
[0.210587] (drone_interfaces) StdoutLine: {'line': b'[  0%] Built target ament_cmake_python_copy_drone_interfaces\n'}
[0.235739] (drone_interfaces) StdoutLine: {'line': b'[  1%] Built target drone_interfaces__cpp\n'}
[0.242469] (drone_interfaces) StdoutLine: {'line': b'[ 12%] Built target drone_interfaces__rosidl_generator_c\n'}
[0.298268] (-) TimerEvent: {}
[0.307602] (drone_interfaces) StdoutLine: {'line': b'[ 29%] Built target drone_interfaces__rosidl_typesupport_fastrtps_cpp\n'}
[0.308676] (drone_interfaces) StdoutLine: {'line': b'[ 35%] Built target drone_interfaces__rosidl_typesupport_introspection_c\n'}
[0.323964] (drone_interfaces) StdoutLine: {'line': b'[ 47%] Built target drone_interfaces__rosidl_typesupport_introspection_cpp\n'}
[0.341245] (drone_interfaces) StdoutLine: {'line': b'[ 58%] Built target drone_interfaces__rosidl_typesupport_fastrtps_c\n'}
[0.352586] (drone_interfaces) StdoutLine: {'line': b'[ 70%] Built target drone_interfaces__rosidl_typesupport_cpp\n'}
[0.359131] (drone_interfaces) StdoutLine: {'line': b'[ 82%] Built target drone_interfaces__rosidl_typesupport_c\n'}
[0.398529] (-) TimerEvent: {}
[0.453372] (drone_interfaces) StdoutLine: {'line': b'[ 82%] Built target drone_interfaces\n'}
[0.498843] (-) TimerEvent: {}
[0.549288] (drone_interfaces) StdoutLine: {'line': b'[ 83%] Built target drone_interfaces__py\n'}
[0.599102] (-) TimerEvent: {}
[0.647651] (drone_interfaces) StdoutLine: {'line': b'[ 93%] Built target drone_interfaces__rosidl_generator_py\n'}
[0.655786] (drone_interfaces) StdoutLine: {'line': b'running egg_info\n'}
[0.658253] (drone_interfaces) StdoutLine: {'line': b'writing drone_interfaces.egg-info/PKG-INFO\n'}
[0.659036] (drone_interfaces) StdoutLine: {'line': b'writing dependency_links to drone_interfaces.egg-info/dependency_links.txt\n'}
[0.659704] (drone_interfaces) StdoutLine: {'line': b'writing top-level names to drone_interfaces.egg-info/top_level.txt\n'}
[0.666415] (drone_interfaces) StdoutLine: {'line': b"reading manifest file 'drone_interfaces.egg-info/SOURCES.txt'\n"}
[0.667542] (drone_interfaces) StdoutLine: {'line': b"writing manifest file 'drone_interfaces.egg-info/SOURCES.txt'\n"}
[0.699264] (-) TimerEvent: {}
[0.725213] (drone_interfaces) StdoutLine: {'line': b'[ 95%] Built target drone_interfaces__rosidl_typesupport_introspection_c__pyext\n'}
[0.740918] (drone_interfaces) StdoutLine: {'line': b'[100%] Built target drone_interfaces__rosidl_typesupport_fastrtps_c__pyext\n'}
[0.741637] (drone_interfaces) StdoutLine: {'line': b'[100%] Built target drone_interfaces__rosidl_typesupport_c__pyext\n'}
[0.770642] (drone_interfaces) StdoutLine: {'line': b'[100%] Built target ament_cmake_python_build_drone_interfaces_egg\n'}
[0.799517] (-) TimerEvent: {}
[0.813936] (drone_interfaces) CommandEnded: {'returncode': 0}
[0.817392] (drone_interfaces) JobProgress: {'identifier': 'drone_interfaces', 'progress': 'install'}
[0.854045] (drone_interfaces) Command: {'cmd': ['/usr/bin/cmake', '--install', '/home/orangepi/Multitask-Drone/build/drone_interfaces'], 'cwd': '/home/orangepi/Multitask-Drone/build/drone_interfaces', 'env': OrderedDict([('LESSOPEN', '| /usr/bin/lesspipe %s'), ('UMS_MOUNTPOINT', '/mnt/ums'), ('GST_V4L2_PREFERRED_FOURCC', 'NV12:YU12:NV16:YUY2'), ('no_proxy', 'localhost, 127.0.0.1'), ('LANGUAGE', 'en_US.UTF-8'), ('USER', 'orangepi'), ('SSH_CLIENT', '192.168.137.1 37071 22'), ('XDG_SESSION_TYPE', 'tty'), ('GIT_ASKPASS', '/home/orangepi/.vscode-server/cli/servers/Stable-fabdb6a30b49f79a7aba0f2ad9df9b399473380f/server/extensions/git/dist/askpass.sh'), ('SHLVL', '2'), ('USB_FUNCS', 'adb'), ('LD_LIBRARY_PATH', '/opt/ros/humble/opt/rviz_ogre_vendor/lib:/opt/ros/humble/lib/aarch64-linux-gnu:/opt/ros/humble/lib'), ('BROWSER', '/home/orangepi/.vscode-server/cli/servers/Stable-fabdb6a30b49f79a7aba0f2ad9df9b399473380f/server/bin/helpers/browser.sh'), ('MOTD_SHOWN', 'pam'), ('HOME', '/home/orangepi'), ('OLDPWD', '/home/orangepi'), ('TERM_PROGRAM_VERSION', '1.96.2'), ('VSCODE_IPC_HOOK_CLI', '/run/user/1000/vscode-ipc-3fdf4e28-c376-4648-b179-39384abbc558.sock'), ('GST_INSPECT_NO_COLORS', '1'), ('GST_MPP_NO_RGA', '1'), ('ROS_PYTHON_VERSION', '3'), ('COGL_DRIVER', 'gles2'), ('VSCODE_GIT_ASKPASS_MAIN', '/home/orangepi/.vscode-server/cli/servers/Stable-fabdb6a30b49f79a7aba0f2ad9df9b399473380f/server/extensions/git/dist/askpass-main.js'), ('VSCODE_GIT_ASKPASS_NODE', '/home/orangepi/.vscode-server/cli/servers/Stable-fabdb6a30b49f79a7aba0f2ad9df9b399473380f/server/node'), ('SSL_CERT_FILE', '/usr/lib/ssl/certs/ca-certificates.crt'), ('DBUS_SESSION_BUS_ADDRESS', 'unix:path=/run/user/1000/bus'), ('COLORTERM', 'truecolor'), ('https_proxy', 'http://192.168.137.1:5555'), ('GST_V4L2SRC_MAX_RESOLUTION', '3840x2160'), ('ROS_DISTRO', 'humble'), ('LOGNAME', 'orangepi'), ('http_proxy', 'http://192.168.137.1:5555'), ('_', '/usr/bin/colcon'), ('ROS_VERSION', '2'), ('XDG_SESSION_CLASS', 'user'), ('TERM', 'xterm-256color'), ('GST_GL_API', 'gles2'), ('XDG_SESSION_ID', '5'), ('GST_VIDEO_CONVERT_PREFERRED_FORMAT', 'NV12:NV16:I420:YUY2'), ('GST_V4L2SRC_RK_DEVICES', '_mainpath:_selfpath:_bypass:_scale'), ('ROS_LOCALHOST_ONLY', '0'), ('PATH', '/home/orangepi/.vscode-server/cli/servers/Stable-fabdb6a30b49f79a7aba0f2ad9df9b399473380f/server/bin/remote-cli:/home/orangepi/.local/bin:/opt/ros/humble/bin:/usr/local/sbin:/usr/local/bin:/usr/sbin:/usr/bin:/sbin:/bin:/usr/games:/usr/local/games:/snap/bin'), ('XDG_RUNTIME_DIR', '/run/user/1000'), ('GST_GL_PLATFORM', 'egl'), ('GST_DEBUG_NO_COLOR', '1'), ('SSL_CERT_DIR', '/usr/lib/ssl/certs'), ('GST_V4L2SRC_DEFAULT_DEVICE', '/dev/video-camera0'), ('DISPLAY', ':0'), ('LANG', 'en_US.UTF-8'), ('LS_COLORS', 'rs=0:di=01;34:ln=01;36:mh=00:pi=40;33:so=01;35:do=01;35:bd=40;33;01:cd=40;33;01:or=40;31;01:mi=00:su=37;41:sg=30;43:ca=30;41:tw=30;42:ow=34;42:st=37;44:ex=01;32:*.tar=01;31:*.tgz=01;31:*.arc=01;31:*.arj=01;31:*.taz=01;31:*.lha=01;31:*.lz4=01;31:*.lzh=01;31:*.lzma=01;31:*.tlz=01;31:*.txz=01;31:*.tzo=01;31:*.t7z=01;31:*.zip=01;31:*.z=01;31:*.dz=01;31:*.gz=01;31:*.lrz=01;31:*.lz=01;31:*.lzo=01;31:*.xz=01;31:*.zst=01;31:*.tzst=01;31:*.bz2=01;31:*.bz=01;31:*.tbz=01;31:*.tbz2=01;31:*.tz=01;31:*.deb=01;31:*.rpm=01;31:*.jar=01;31:*.war=01;31:*.ear=01;31:*.sar=01;31:*.rar=01;31:*.alz=01;31:*.ace=01;31:*.zoo=01;31:*.cpio=01;31:*.7z=01;31:*.rz=01;31:*.cab=01;31:*.wim=01;31:*.swm=01;31:*.dwm=01;31:*.esd=01;31:*.jpg=01;35:*.jpeg=01;35:*.mjpg=01;35:*.mjpeg=01;35:*.gif=01;35:*.bmp=01;35:*.pbm=01;35:*.pgm=01;35:*.ppm=01;35:*.tga=01;35:*.xbm=01;35:*.xpm=01;35:*.tif=01;35:*.tiff=01;35:*.png=01;35:*.svg=01;35:*.svgz=01;35:*.mng=01;35:*.pcx=01;35:*.mov=01;35:*.mpg=01;35:*.mpeg=01;35:*.m2v=01;35:*.mkv=01;35:*.webm=01;35:*.webp=01;35:*.ogm=01;35:*.mp4=01;35:*.m4v=01;35:*.mp4v=01;35:*.vob=01;35:*.qt=01;35:*.nuv=01;35:*.wmv=01;35:*.asf=01;35:*.rm=01;35:*.rmvb=01;35:*.flc=01;35:*.avi=01;35:*.fli=01;35:*.flv=01;35:*.gl=01;35:*.dl=01;35:*.xcf=01;35:*.xwd=01;35:*.yuv=01;35:*.cgm=01;35:*.emf=01;35:*.ogv=01;35:*.ogx=01;35:*.aac=00;36:*.au=00;36:*.flac=00;36:*.m4a=00;36:*.mid=00;36:*.midi=00;36:*.mka=00;36:*.mp3=00;36:*.mpc=00;36:*.ogg=00;36:*.ra=00;36:*.wav=00;36:*.oga=00;36:*.opus=00;36:*.spx=00;36:*.xspf=00;36:'), ('VSCODE_GIT_IPC_HANDLE', '/run/user/1000/vscode-git-d88bdced48.sock'), ('TERM_PROGRAM', 'vscode'), ('GST_V4L2_USE_LIBV4L2', '1'), ('UMS_SIZE', '256M'), ('AMENT_PREFIX_PATH', '/opt/ros/humble'), ('LC_MESSAGES', 'en_US.UTF-8'), ('SHELL', '/bin/bash'), ('UMS_RO', '0'), ('LESSCLOSE', '/usr/bin/lesspipe %s %s'), ('UMS_FSTYPE', 'vfat'), ('VSCODE_GIT_ASKPASS_EXTRA_ARGS', ''), ('PWD', '/home/orangepi/Multitask-Drone/build/drone_interfaces'), ('LC_ALL', 'en_US.UTF-8'), ('SSH_CONNECTION', '192.168.137.1 37071 192.168.137.2 22'), ('PYTHONPATH', '/opt/ros/humble/lib/python3.10/site-packages:/opt/ros/humble/local/lib/python3.10/dist-packages'), ('UMS_MOUNT', '0'), ('COLCON', '1'), ('UMS_FILE', '/userdata/ums_shared.img'), ('CMAKE_PREFIX_PATH', '/opt/ros/humble')]), 'shell': False}
[0.885822] (drone_interfaces) StdoutLine: {'line': b'-- Install configuration: ""\n'}
[0.886427] (drone_interfaces) StdoutLine: {'line': b'-- Up-to-date: /home/orangepi/Multitask-Drone/install/drone_interfaces/share/ament_index/resource_index/rosidl_interfaces/drone_interfaces\n'}
[0.886857] (drone_interfaces) StdoutLine: {'line': b'-- Up-to-date: /home/orangepi/Multitask-Drone/install/drone_interfaces/include/drone_interfaces/drone_interfaces\n'}
[0.886975] (drone_interfaces) StdoutLine: {'line': b'-- Up-to-date: /home/orangepi/Multitask-Drone/install/drone_interfaces/include/drone_interfaces/drone_interfaces/srv\n'}
[0.887064] (drone_interfaces) StdoutLine: {'line': b'-- Up-to-date: /home/orangepi/Multitask-Drone/install/drone_interfaces/include/drone_interfaces/drone_interfaces/srv/yolo_request.h\n'}
[0.887155] (drone_interfaces) StdoutLine: {'line': b'-- Up-to-date: /home/orangepi/Multitask-Drone/install/drone_interfaces/include/drone_interfaces/drone_interfaces/srv/detail\n'}
[0.887242] (drone_interfaces) StdoutLine: {'line': b'-- Up-to-date: /home/orangepi/Multitask-Drone/install/drone_interfaces/include/drone_interfaces/drone_interfaces/srv/detail/task_dispatch__functions.c\n'}
[0.887329] (drone_interfaces) StdoutLine: {'line': b'-- Up-to-date: /home/orangepi/Multitask-Drone/install/drone_interfaces/include/drone_interfaces/drone_interfaces/srv/detail/yolo_request__functions.c\n'}
[0.887593] (drone_interfaces) StdoutLine: {'line': b'-- Up-to-date: /home/orangepi/Multitask-Drone/install/drone_interfaces/include/drone_interfaces/drone_interfaces/srv/detail/yolo_request__type_support.h\n'}
[0.887691] (drone_interfaces) StdoutLine: {'line': b'-- Up-to-date: /home/orangepi/Multitask-Drone/install/drone_interfaces/include/drone_interfaces/drone_interfaces/srv/detail/task_push__functions.c\n'}
[0.887779] (drone_interfaces) StdoutLine: {'line': b'-- Up-to-date: /home/orangepi/Multitask-Drone/install/drone_interfaces/include/drone_interfaces/drone_interfaces/srv/detail/task_push__struct.h\n'}
[0.887864] (drone_interfaces) StdoutLine: {'line': b'-- Up-to-date: /home/orangepi/Multitask-Drone/install/drone_interfaces/include/drone_interfaces/drone_interfaces/srv/detail/task_dispatch__struct.h\n'}
[0.887948] (drone_interfaces) StdoutLine: {'line': b'-- Up-to-date: /home/orangepi/Multitask-Drone/install/drone_interfaces/include/drone_interfaces/drone_interfaces/srv/detail/task_push__functions.h\n'}
[0.888251] (drone_interfaces) StdoutLine: {'line': b'-- Up-to-date: /home/orangepi/Multitask-Drone/install/drone_interfaces/include/drone_interfaces/drone_interfaces/srv/detail/yolo_request__functions.h\n'}
[0.888491] (drone_interfaces) StdoutLine: {'line': b'-- Up-to-date: /home/orangepi/Multitask-Drone/install/drone_interfaces/include/drone_interfaces/drone_interfaces/srv/detail/task_dispatch__type_support.h\n'}
[0.888588] (drone_interfaces) StdoutLine: {'line': b'-- Up-to-date: /home/orangepi/Multitask-Drone/install/drone_interfaces/include/drone_interfaces/drone_interfaces/srv/detail/task_dispatch__functions.h\n'}
[0.888674] (drone_interfaces) StdoutLine: {'line': b'-- Up-to-date: /home/orangepi/Multitask-Drone/install/drone_interfaces/include/drone_interfaces/drone_interfaces/srv/detail/yolo_request__struct.h\n'}
[0.888757] (drone_interfaces) StdoutLine: {'line': b'-- Up-to-date: /home/orangepi/Multitask-Drone/install/drone_interfaces/include/drone_interfaces/drone_interfaces/srv/detail/task_push__type_support.h\n'}
[0.888843] (drone_interfaces) StdoutLine: {'line': b'-- Up-to-date: /home/orangepi/Multitask-Drone/install/drone_interfaces/include/drone_interfaces/drone_interfaces/srv/task_push.h\n'}
[0.888928] (drone_interfaces) StdoutLine: {'line': b'-- Up-to-date: /home/orangepi/Multitask-Drone/install/drone_interfaces/include/drone_interfaces/drone_interfaces/srv/task_dispatch.h\n'}
[0.889016] (drone_interfaces) StdoutLine: {'line': b'-- Up-to-date: /home/orangepi/Multitask-Drone/install/drone_interfaces/include/drone_interfaces/drone_interfaces/action\n'}
[0.889234] (drone_interfaces) StdoutLine: {'line': b'-- Up-to-date: /home/orangepi/Multitask-Drone/install/drone_interfaces/include/drone_interfaces/drone_interfaces/action/detail\n'}
[0.889328] (drone_interfaces) StdoutLine: {'line': b'-- Up-to-date: /home/orangepi/Multitask-Drone/install/drone_interfaces/include/drone_interfaces/drone_interfaces/action/detail/execute_waypoint__type_support.h\n'}
[0.889411] (drone_interfaces) StdoutLine: {'line': b'-- Up-to-date: /home/orangepi/Multitask-Drone/install/drone_interfaces/include/drone_interfaces/drone_interfaces/action/detail/execute_waypoint__struct.h\n'}
[0.889495] (drone_interfaces) StdoutLine: {'line': b'-- Up-to-date: /home/orangepi/Multitask-Drone/install/drone_interfaces/include/drone_interfaces/drone_interfaces/action/detail/execute_waypoint__functions.h\n'}
[0.889577] (drone_interfaces) StdoutLine: {'line': b'-- Up-to-date: /home/orangepi/Multitask-Drone/install/drone_interfaces/include/drone_interfaces/drone_interfaces/action/detail/execute_waypoint__functions.c\n'}
[0.889660] (drone_interfaces) StdoutLine: {'line': b'-- Up-to-date: /home/orangepi/Multitask-Drone/install/drone_interfaces/include/drone_interfaces/drone_interfaces/action/execute_waypoint.h\n'}
[0.889743] (drone_interfaces) StdoutLine: {'line': b'-- Up-to-date: /home/orangepi/Multitask-Drone/install/drone_interfaces/include/drone_interfaces/drone_interfaces/msg\n'}
[0.889826] (drone_interfaces) StdoutLine: {'line': b'-- Up-to-date: /home/orangepi/Multitask-Drone/install/drone_interfaces/include/drone_interfaces/drone_interfaces/msg/rosidl_generator_c__visibility_control.h\n'}
[0.889915] (drone_interfaces) StdoutLine: {'line': b'-- Up-to-date: /home/orangepi/Multitask-Drone/install/drone_interfaces/include/drone_interfaces/drone_interfaces/msg/panel_box.h\n'}
[0.890001] (drone_interfaces) StdoutLine: {'line': b'-- Up-to-date: /home/orangepi/Multitask-Drone/install/drone_interfaces/include/drone_interfaces/drone_interfaces/msg/detail\n'}
[0.890087] (drone_interfaces) StdoutLine: {'line': b'-- Up-to-date: /home/orangepi/Multitask-Drone/install/drone_interfaces/include/drone_interfaces/drone_interfaces/msg/detail/panel_box__functions.c\n'}
[0.890172] (drone_interfaces) StdoutLine: {'line': b'-- Up-to-date: /home/orangepi/Multitask-Drone/install/drone_interfaces/include/drone_interfaces/drone_interfaces/msg/detail/task_state__type_support.h\n'}
[0.890256] (drone_interfaces) StdoutLine: {'line': b'-- Up-to-date: /home/orangepi/Multitask-Drone/install/drone_interfaces/include/drone_interfaces/drone_interfaces/msg/detail/yaw__functions.c\n'}
[0.890676] (drone_interfaces) StdoutLine: {'line': b'-- Up-to-date: /home/orangepi/Multitask-Drone/install/drone_interfaces/include/drone_interfaces/drone_interfaces/msg/detail/task__struct.h\n'}
[0.890801] (drone_interfaces) StdoutLine: {'line': b'-- Up-to-date: /home/orangepi/Multitask-Drone/install/drone_interfaces/include/drone_interfaces/drone_interfaces/msg/detail/task_state__struct.h\n'}
[0.890883] (drone_interfaces) StdoutLine: {'line': b'-- Up-to-date: /home/orangepi/Multitask-Drone/install/drone_interfaces/include/drone_interfaces/drone_interfaces/msg/detail/yaw__type_support.h\n'}
[0.890959] (drone_interfaces) StdoutLine: {'line': b'-- Up-to-date: /home/orangepi/Multitask-Drone/install/drone_interfaces/include/drone_interfaces/drone_interfaces/msg/detail/task_state__functions.h\n'}
[0.891034] (drone_interfaces) StdoutLine: {'line': b'-- Up-to-date: /home/orangepi/Multitask-Drone/install/drone_interfaces/include/drone_interfaces/drone_interfaces/msg/detail/panel_box__struct.h\n'}
[0.891110] (drone_interfaces) StdoutLine: {'line': b'-- Up-to-date: /home/orangepi/Multitask-Drone/install/drone_interfaces/include/drone_interfaces/drone_interfaces/msg/detail/raw_waypoint__functions.h\n'}
[0.891184] (drone_interfaces) StdoutLine: {'line': b'-- Up-to-date: /home/orangepi/Multitask-Drone/install/drone_interfaces/include/drone_interfaces/drone_interfaces/msg/detail/raw_waypoint__type_support.h\n'}
[0.891272] (drone_interfaces) StdoutLine: {'line': b'-- Up-to-date: /home/orangepi/Multitask-Drone/install/drone_interfaces/include/drone_interfaces/drone_interfaces/msg/detail/yaw__struct.h\n'}
[0.891416] (drone_interfaces) StdoutLine: {'line': b'-- Up-to-date: /home/orangepi/Multitask-Drone/install/drone_interfaces/include/drone_interfaces/drone_interfaces/msg/detail/task__functions.c\n'}
[0.891511] (drone_interfaces) StdoutLine: {'line': b'-- Up-to-date: /home/orangepi/Multitask-Drone/install/drone_interfaces/include/drone_interfaces/drone_interfaces/msg/detail/yaw__functions.h\n'}
[0.891598] (drone_interfaces) StdoutLine: {'line': b'-- Up-to-date: /home/orangepi/Multitask-Drone/install/drone_interfaces/include/drone_interfaces/drone_interfaces/msg/detail/panel_box__type_support.h\n'}
[0.891685] (drone_interfaces) StdoutLine: {'line': b'-- Up-to-date: /home/orangepi/Multitask-Drone/install/drone_interfaces/include/drone_interfaces/drone_interfaces/msg/detail/task_state__functions.c\n'}
[0.891772] (drone_interfaces) StdoutLine: {'line': b'-- Up-to-date: /home/orangepi/Multitask-Drone/install/drone_interfaces/include/drone_interfaces/drone_interfaces/msg/detail/task__type_support.h\n'}
[0.891858] (drone_interfaces) StdoutLine: {'line': b'-- Up-to-date: /home/orangepi/Multitask-Drone/install/drone_interfaces/include/drone_interfaces/drone_interfaces/msg/detail/task__functions.h\n'}
[0.891944] (drone_interfaces) StdoutLine: {'line': b'-- Up-to-date: /home/orangepi/Multitask-Drone/install/drone_interfaces/include/drone_interfaces/drone_interfaces/msg/detail/panel_box__functions.h\n'}
[0.892075] (drone_interfaces) StdoutLine: {'line': b'-- Up-to-date: /home/orangepi/Multitask-Drone/install/drone_interfaces/include/drone_interfaces/drone_interfaces/msg/detail/raw_waypoint__functions.c\n'}
[0.892363] (drone_interfaces) StdoutLine: {'line': b'-- Up-to-date: /home/orangepi/Multitask-Drone/install/drone_interfaces/include/drone_interfaces/drone_interfaces/msg/detail/raw_waypoint__struct.h\n'}
[0.892453] (drone_interfaces) StdoutLine: {'line': b'-- Up-to-date: /home/orangepi/Multitask-Drone/install/drone_interfaces/include/drone_interfaces/drone_interfaces/msg/raw_waypoint.h\n'}
[0.892541] (drone_interfaces) StdoutLine: {'line': b'-- Up-to-date: /home/orangepi/Multitask-Drone/install/drone_interfaces/include/drone_interfaces/drone_interfaces/msg/yaw.h\n'}
[0.892626] (drone_interfaces) StdoutLine: {'line': b'-- Up-to-date: /home/orangepi/Multitask-Drone/install/drone_interfaces/include/drone_interfaces/drone_interfaces/msg/task.h\n'}
[0.892863] (drone_interfaces) StdoutLine: {'line': b'-- Up-to-date: /home/orangepi/Multitask-Drone/install/drone_interfaces/include/drone_interfaces/drone_interfaces/msg/task_state.h\n'}
[0.892946] (drone_interfaces) StdoutLine: {'line': b'-- Up-to-date: /home/orangepi/Multitask-Drone/install/drone_interfaces/share/drone_interfaces/environment/library_path.sh\n'}
[0.893024] (drone_interfaces) StdoutLine: {'line': b'-- Up-to-date: /home/orangepi/Multitask-Drone/install/drone_interfaces/share/drone_interfaces/environment/library_path.dsv\n'}
[0.893101] (drone_interfaces) StdoutLine: {'line': b'-- Up-to-date: /home/orangepi/Multitask-Drone/install/drone_interfaces/lib/libdrone_interfaces__rosidl_generator_c.so\n'}
[0.893176] (drone_interfaces) StdoutLine: {'line': b'-- Up-to-date: /home/orangepi/Multitask-Drone/install/drone_interfaces/include/drone_interfaces/drone_interfaces\n'}
[0.893255] (drone_interfaces) StdoutLine: {'line': b'-- Up-to-date: /home/orangepi/Multitask-Drone/install/drone_interfaces/include/drone_interfaces/drone_interfaces/srv\n'}
[0.893341] (drone_interfaces) StdoutLine: {'line': b'-- Up-to-date: /home/orangepi/Multitask-Drone/install/drone_interfaces/include/drone_interfaces/drone_interfaces/srv/detail\n'}
[0.893426] (drone_interfaces) StdoutLine: {'line': b'-- Up-to-date: /home/orangepi/Multitask-Drone/install/drone_interfaces/include/drone_interfaces/drone_interfaces/srv/detail/task_dispatch__rosidl_typesupport_fastrtps_c.h\n'}
[0.893512] (drone_interfaces) StdoutLine: {'line': b'-- Up-to-date: /home/orangepi/Multitask-Drone/install/drone_interfaces/include/drone_interfaces/drone_interfaces/srv/detail/task_push__rosidl_typesupport_fastrtps_c.h\n'}
[0.893595] (drone_interfaces) StdoutLine: {'line': b'-- Up-to-date: /home/orangepi/Multitask-Drone/install/drone_interfaces/include/drone_interfaces/drone_interfaces/srv/detail/yolo_request__rosidl_typesupport_fastrtps_c.h\n'}
[0.893681] (drone_interfaces) StdoutLine: {'line': b'-- Up-to-date: /home/orangepi/Multitask-Drone/install/drone_interfaces/include/drone_interfaces/drone_interfaces/action\n'}
[0.893766] (drone_interfaces) StdoutLine: {'line': b'-- Up-to-date: /home/orangepi/Multitask-Drone/install/drone_interfaces/include/drone_interfaces/drone_interfaces/action/detail\n'}
[0.893850] (drone_interfaces) StdoutLine: {'line': b'-- Up-to-date: /home/orangepi/Multitask-Drone/install/drone_interfaces/include/drone_interfaces/drone_interfaces/action/detail/execute_waypoint__rosidl_typesupport_fastrtps_c.h\n'}
[0.893934] (drone_interfaces) StdoutLine: {'line': b'-- Up-to-date: /home/orangepi/Multitask-Drone/install/drone_interfaces/include/drone_interfaces/drone_interfaces/msg\n'}
[0.894019] (drone_interfaces) StdoutLine: {'line': b'-- Up-to-date: /home/orangepi/Multitask-Drone/install/drone_interfaces/include/drone_interfaces/drone_interfaces/msg/detail\n'}
[0.894166] (drone_interfaces) StdoutLine: {'line': b'-- Up-to-date: /home/orangepi/Multitask-Drone/install/drone_interfaces/include/drone_interfaces/drone_interfaces/msg/detail/raw_waypoint__rosidl_typesupport_fastrtps_c.h\n'}
[0.894259] (drone_interfaces) StdoutLine: {'line': b'-- Up-to-date: /home/orangepi/Multitask-Drone/install/drone_interfaces/include/drone_interfaces/drone_interfaces/msg/detail/task_state__rosidl_typesupport_fastrtps_c.h\n'}
[0.894346] (drone_interfaces) StdoutLine: {'line': b'-- Up-to-date: /home/orangepi/Multitask-Drone/install/drone_interfaces/include/drone_interfaces/drone_interfaces/msg/detail/task__rosidl_typesupport_fastrtps_c.h\n'}
[0.894436] (drone_interfaces) StdoutLine: {'line': b'-- Up-to-date: /home/orangepi/Multitask-Drone/install/drone_interfaces/include/drone_interfaces/drone_interfaces/msg/detail/yaw__rosidl_typesupport_fastrtps_c.h\n'}
[0.894522] (drone_interfaces) StdoutLine: {'line': b'-- Up-to-date: /home/orangepi/Multitask-Drone/install/drone_interfaces/include/drone_interfaces/drone_interfaces/msg/detail/panel_box__rosidl_typesupport_fastrtps_c.h\n'}
[0.894608] (drone_interfaces) StdoutLine: {'line': b'-- Up-to-date: /home/orangepi/Multitask-Drone/install/drone_interfaces/include/drone_interfaces/drone_interfaces/msg/rosidl_typesupport_fastrtps_c__visibility_control.h\n'}
[0.894832] (drone_interfaces) StdoutLine: {'line': b'-- Up-to-date: /home/orangepi/Multitask-Drone/install/drone_interfaces/lib/libdrone_interfaces__rosidl_typesupport_fastrtps_c.so\n'}
[0.894919] (drone_interfaces) StdoutLine: {'line': b'-- Up-to-date: /home/orangepi/Multitask-Drone/install/drone_interfaces/include/drone_interfaces/drone_interfaces\n'}
[0.895004] (drone_interfaces) StdoutLine: {'line': b'-- Up-to-date: /home/orangepi/Multitask-Drone/install/drone_interfaces/include/drone_interfaces/drone_interfaces/srv\n'}
[0.895086] (drone_interfaces) StdoutLine: {'line': b'-- Up-to-date: /home/orangepi/Multitask-Drone/install/drone_interfaces/include/drone_interfaces/drone_interfaces/srv/detail\n'}
[0.895327] (drone_interfaces) StdoutLine: {'line': b'-- Up-to-date: /home/orangepi/Multitask-Drone/install/drone_interfaces/include/drone_interfaces/drone_interfaces/srv/detail/yolo_request__rosidl_typesupport_introspection_c.h\n'}
[0.895422] (drone_interfaces) StdoutLine: {'line': b'-- Up-to-date: /home/orangepi/Multitask-Drone/install/drone_interfaces/include/drone_interfaces/drone_interfaces/srv/detail/task_push__type_support.c\n'}
[0.895512] (drone_interfaces) StdoutLine: {'line': b'-- Up-to-date: /home/orangepi/Multitask-Drone/install/drone_interfaces/include/drone_interfaces/drone_interfaces/srv/detail/yolo_request__type_support.c\n'}
[0.895594] (drone_interfaces) StdoutLine: {'line': b'-- Up-to-date: /home/orangepi/Multitask-Drone/install/drone_interfaces/include/drone_interfaces/drone_interfaces/srv/detail/task_push__rosidl_typesupport_introspection_c.h\n'}
[0.895680] (drone_interfaces) StdoutLine: {'line': b'-- Up-to-date: /home/orangepi/Multitask-Drone/install/drone_interfaces/include/drone_interfaces/drone_interfaces/srv/detail/task_dispatch__type_support.c\n'}
[0.895764] (drone_interfaces) StdoutLine: {'line': b'-- Up-to-date: /home/orangepi/Multitask-Drone/install/drone_interfaces/include/drone_interfaces/drone_interfaces/srv/detail/task_dispatch__rosidl_typesupport_introspection_c.h\n'}
[0.895846] (drone_interfaces) StdoutLine: {'line': b'-- Up-to-date: /home/orangepi/Multitask-Drone/install/drone_interfaces/include/drone_interfaces/drone_interfaces/action\n'}
[0.895927] (drone_interfaces) StdoutLine: {'line': b'-- Up-to-date: /home/orangepi/Multitask-Drone/install/drone_interfaces/include/drone_interfaces/drone_interfaces/action/detail\n'}
[0.896012] (drone_interfaces) StdoutLine: {'line': b'-- Up-to-date: /home/orangepi/Multitask-Drone/install/drone_interfaces/include/drone_interfaces/drone_interfaces/action/detail/execute_waypoint__type_support.c\n'}
[0.896252] (drone_interfaces) StdoutLine: {'line': b'-- Up-to-date: /home/orangepi/Multitask-Drone/install/drone_interfaces/include/drone_interfaces/drone_interfaces/action/detail/execute_waypoint__rosidl_typesupport_introspection_c.h\n'}
[0.896349] (drone_interfaces) StdoutLine: {'line': b'-- Up-to-date: /home/orangepi/Multitask-Drone/install/drone_interfaces/include/drone_interfaces/drone_interfaces/msg\n'}
[0.896434] (drone_interfaces) StdoutLine: {'line': b'-- Up-to-date: /home/orangepi/Multitask-Drone/install/drone_interfaces/include/drone_interfaces/drone_interfaces/msg/detail\n'}
[0.896519] (drone_interfaces) StdoutLine: {'line': b'-- Up-to-date: /home/orangepi/Multitask-Drone/install/drone_interfaces/include/drone_interfaces/drone_interfaces/msg/detail/yaw__type_support.c\n'}
[0.896601] (drone_interfaces) StdoutLine: {'line': b'-- Up-to-date: /home/orangepi/Multitask-Drone/install/drone_interfaces/include/drone_interfaces/drone_interfaces/msg/detail/raw_waypoint__type_support.c\n'}
[0.896686] (drone_interfaces) StdoutLine: {'line': b'-- Up-to-date: /home/orangepi/Multitask-Drone/install/drone_interfaces/include/drone_interfaces/drone_interfaces/msg/detail/task__rosidl_typesupport_introspection_c.h\n'}
[0.896768] (drone_interfaces) StdoutLine: {'line': b'-- Up-to-date: /home/orangepi/Multitask-Drone/install/drone_interfaces/include/drone_interfaces/drone_interfaces/msg/detail/task_state__type_support.c\n'}
[0.897043] (drone_interfaces) StdoutLine: {'line': b'-- Up-to-date: /home/orangepi/Multitask-Drone/install/drone_interfaces/include/drone_interfaces/drone_interfaces/msg/detail/raw_waypoint__rosidl_typesupport_introspection_c.h\n'}
[0.897128] (drone_interfaces) StdoutLine: {'line': b'-- Up-to-date: /home/orangepi/Multitask-Drone/install/drone_interfaces/include/drone_interfaces/drone_interfaces/msg/detail/task__type_support.c\n'}
[0.897252] (drone_interfaces) StdoutLine: {'line': b'-- Up-to-date: /home/orangepi/Multitask-Drone/install/drone_interfaces/include/drone_interfaces/drone_interfaces/msg/detail/yaw__rosidl_typesupport_introspection_c.h\n'}
[0.897330] (drone_interfaces) StdoutLine: {'line': b'-- Up-to-date: /home/orangepi/Multitask-Drone/install/drone_interfaces/include/drone_interfaces/drone_interfaces/msg/detail/task_state__rosidl_typesupport_introspection_c.h\n'}
[0.897406] (drone_interfaces) StdoutLine: {'line': b'-- Up-to-date: /home/orangepi/Multitask-Drone/install/drone_interfaces/include/drone_interfaces/drone_interfaces/msg/detail/panel_box__type_support.c\n'}
[0.897483] (drone_interfaces) StdoutLine: {'line': b'-- Up-to-date: /home/orangepi/Multitask-Drone/install/drone_interfaces/include/drone_interfaces/drone_interfaces/msg/detail/panel_box__rosidl_typesupport_introspection_c.h\n'}
[0.897559] (drone_interfaces) StdoutLine: {'line': b'-- Up-to-date: /home/orangepi/Multitask-Drone/install/drone_interfaces/include/drone_interfaces/drone_interfaces/msg/rosidl_typesupport_introspection_c__visibility_control.h\n'}
[0.897635] (drone_interfaces) StdoutLine: {'line': b'-- Up-to-date: /home/orangepi/Multitask-Drone/install/drone_interfaces/lib/libdrone_interfaces__rosidl_typesupport_introspection_c.so\n'}
[0.897757] (drone_interfaces) StdoutLine: {'line': b'-- Up-to-date: /home/orangepi/Multitask-Drone/install/drone_interfaces/lib/libdrone_interfaces__rosidl_typesupport_c.so\n'}
[0.897884] (drone_interfaces) StdoutLine: {'line': b'-- Up-to-date: /home/orangepi/Multitask-Drone/install/drone_interfaces/include/drone_interfaces/drone_interfaces\n'}
[0.898034] (drone_interfaces) StdoutLine: {'line': b'-- Up-to-date: /home/orangepi/Multitask-Drone/install/drone_interfaces/include/drone_interfaces/drone_interfaces/srv\n'}
[0.898192] (drone_interfaces) StdoutLine: {'line': b'-- Up-to-date: /home/orangepi/Multitask-Drone/install/drone_interfaces/include/drone_interfaces/drone_interfaces/srv/task_dispatch.hpp\n'}
[0.898325] (drone_interfaces) StdoutLine: {'line': b'-- Up-to-date: /home/orangepi/Multitask-Drone/install/drone_interfaces/include/drone_interfaces/drone_interfaces/srv/detail\n'}
[0.898411] (drone_interfaces) StdoutLine: {'line': b'-- Up-to-date: /home/orangepi/Multitask-Drone/install/drone_interfaces/include/drone_interfaces/drone_interfaces/srv/detail/task_dispatch__builder.hpp\n'}
[0.898576] (drone_interfaces) StdoutLine: {'line': b'-- Up-to-date: /home/orangepi/Multitask-Drone/install/drone_interfaces/include/drone_interfaces/drone_interfaces/srv/detail/yolo_request__traits.hpp\n'}
[0.898801] (drone_interfaces) StdoutLine: {'line': b'-- Up-to-date: /home/orangepi/Multitask-Drone/install/drone_interfaces/include/drone_interfaces/drone_interfaces/srv/detail/task_dispatch__struct.hpp\n'}
[0.898894] (drone_interfaces) StdoutLine: {'line': b'-- Up-to-date: /home/orangepi/Multitask-Drone/install/drone_interfaces/include/drone_interfaces/drone_interfaces/srv/detail/task_dispatch__type_support.hpp\n'}
[0.898980] (drone_interfaces) StdoutLine: {'line': b'-- Up-to-date: /home/orangepi/Multitask-Drone/install/drone_interfaces/include/drone_interfaces/drone_interfaces/srv/detail/yolo_request__type_support.hpp\n'}
[0.899062] (drone_interfaces) StdoutLine: {'line': b'-- Up-to-date: /home/orangepi/Multitask-Drone/install/drone_interfaces/include/drone_interfaces/drone_interfaces/srv/detail/task_push__traits.hpp\n'}
[0.899148] (drone_interfaces) StdoutLine: {'line': b'-- Up-to-date: /home/orangepi/Multitask-Drone/install/drone_interfaces/include/drone_interfaces/drone_interfaces/srv/detail/task_dispatch__traits.hpp\n'}
[0.899298] (drone_interfaces) StdoutLine: {'line': b'-- Up-to-date: /home/orangepi/Multitask-Drone/install/drone_interfaces/include/drone_interfaces/drone_interfaces/srv/detail/yolo_request__struct.hpp\n'}
[0.899548] (drone_interfaces) StdoutLine: {'line': b'-- Up-to-date: /home/orangepi/Multitask-Drone/install/drone_interfaces/include/drone_interfaces/drone_interfaces/srv/detail/yolo_request__builder.hpp\n'}
[0.899641] (-) TimerEvent: {}
[0.899841] (drone_interfaces) StdoutLine: {'line': b'-- Up-to-date: /home/orangepi/Multitask-Drone/install/drone_interfaces/include/drone_interfaces/drone_interfaces/srv/detail/task_push__struct.hpp\n'}
[0.899946] (drone_interfaces) StdoutLine: {'line': b'-- Up-to-date: /home/orangepi/Multitask-Drone/install/drone_interfaces/include/drone_interfaces/drone_interfaces/srv/detail/task_push__type_support.hpp\n'}
[0.900032] (drone_interfaces) StdoutLine: {'line': b'-- Up-to-date: /home/orangepi/Multitask-Drone/install/drone_interfaces/include/drone_interfaces/drone_interfaces/srv/detail/task_push__builder.hpp\n'}
[0.900118] (drone_interfaces) StdoutLine: {'line': b'-- Up-to-date: /home/orangepi/Multitask-Drone/install/drone_interfaces/include/drone_interfaces/drone_interfaces/srv/yolo_request.hpp\n'}
[0.900304] (drone_interfaces) StdoutLine: {'line': b'-- Up-to-date: /home/orangepi/Multitask-Drone/install/drone_interfaces/include/drone_interfaces/drone_interfaces/srv/task_push.hpp\n'}
[0.900400] (drone_interfaces) StdoutLine: {'line': b'-- Up-to-date: /home/orangepi/Multitask-Drone/install/drone_interfaces/include/drone_interfaces/drone_interfaces/action\n'}
[0.900485] (drone_interfaces) StdoutLine: {'line': b'-- Up-to-date: /home/orangepi/Multitask-Drone/install/drone_interfaces/include/drone_interfaces/drone_interfaces/action/detail\n'}
[0.900573] (drone_interfaces) StdoutLine: {'line': b'-- Up-to-date: /home/orangepi/Multitask-Drone/install/drone_interfaces/include/drone_interfaces/drone_interfaces/action/detail/execute_waypoint__type_support.hpp\n'}
[0.900660] (drone_interfaces) StdoutLine: {'line': b'-- Up-to-date: /home/orangepi/Multitask-Drone/install/drone_interfaces/include/drone_interfaces/drone_interfaces/action/detail/execute_waypoint__builder.hpp\n'}
[0.900937] (drone_interfaces) StdoutLine: {'line': b'-- Up-to-date: /home/orangepi/Multitask-Drone/install/drone_interfaces/include/drone_interfaces/drone_interfaces/action/detail/execute_waypoint__struct.hpp\n'}
[0.901172] (drone_interfaces) StdoutLine: {'line': b'-- Up-to-date: /home/orangepi/Multitask-Drone/install/drone_interfaces/include/drone_interfaces/drone_interfaces/action/detail/execute_waypoint__traits.hpp\n'}
[0.901258] (drone_interfaces) StdoutLine: {'line': b'-- Up-to-date: /home/orangepi/Multitask-Drone/install/drone_interfaces/include/drone_interfaces/drone_interfaces/action/execute_waypoint.hpp\n'}
[0.901442] (drone_interfaces) StdoutLine: {'line': b'-- Up-to-date: /home/orangepi/Multitask-Drone/install/drone_interfaces/include/drone_interfaces/drone_interfaces/msg\n'}
[0.901533] (drone_interfaces) StdoutLine: {'line': b'-- Up-to-date: /home/orangepi/Multitask-Drone/install/drone_interfaces/include/drone_interfaces/drone_interfaces/msg/detail\n'}
[0.901616] (drone_interfaces) StdoutLine: {'line': b'-- Up-to-date: /home/orangepi/Multitask-Drone/install/drone_interfaces/include/drone_interfaces/drone_interfaces/msg/detail/yaw__traits.hpp\n'}
[0.901698] (drone_interfaces) StdoutLine: {'line': b'-- Up-to-date: /home/orangepi/Multitask-Drone/install/drone_interfaces/include/drone_interfaces/drone_interfaces/msg/detail/task_state__type_support.hpp\n'}
[0.901856] (drone_interfaces) StdoutLine: {'line': b'-- Up-to-date: /home/orangepi/Multitask-Drone/install/drone_interfaces/include/drone_interfaces/drone_interfaces/msg/detail/task__builder.hpp\n'}
[0.901945] (drone_interfaces) StdoutLine: {'line': b'-- Up-to-date: /home/orangepi/Multitask-Drone/install/drone_interfaces/include/drone_interfaces/drone_interfaces/msg/detail/task_state__struct.hpp\n'}
[0.902224] (drone_interfaces) StdoutLine: {'line': b'-- Up-to-date: /home/orangepi/Multitask-Drone/install/drone_interfaces/include/drone_interfaces/drone_interfaces/msg/detail/yaw__builder.hpp\n'}
[0.902348] (drone_interfaces) StdoutLine: {'line': b'-- Up-to-date: /home/orangepi/Multitask-Drone/install/drone_interfaces/include/drone_interfaces/drone_interfaces/msg/detail/raw_waypoint__builder.hpp\n'}
[0.902440] (drone_interfaces) StdoutLine: {'line': b'-- Up-to-date: /home/orangepi/Multitask-Drone/install/drone_interfaces/include/drone_interfaces/drone_interfaces/msg/detail/task_state__builder.hpp\n'}
[0.902525] (drone_interfaces) StdoutLine: {'line': b'-- Up-to-date: /home/orangepi/Multitask-Drone/install/drone_interfaces/include/drone_interfaces/drone_interfaces/msg/detail/yaw__type_support.hpp\n'}
[0.902607] (drone_interfaces) StdoutLine: {'line': b'-- Up-to-date: /home/orangepi/Multitask-Drone/install/drone_interfaces/include/drone_interfaces/drone_interfaces/msg/detail/raw_waypoint__type_support.hpp\n'}
[0.902737] (drone_interfaces) StdoutLine: {'line': b'-- Up-to-date: /home/orangepi/Multitask-Drone/install/drone_interfaces/include/drone_interfaces/drone_interfaces/msg/detail/panel_box__type_support.hpp\n'}
[0.902826] (drone_interfaces) StdoutLine: {'line': b'-- Up-to-date: /home/orangepi/Multitask-Drone/install/drone_interfaces/include/drone_interfaces/drone_interfaces/msg/detail/panel_box__builder.hpp\n'}
[0.902910] (drone_interfaces) StdoutLine: {'line': b'-- Up-to-date: /home/orangepi/Multitask-Drone/install/drone_interfaces/include/drone_interfaces/drone_interfaces/msg/detail/task__type_support.hpp\n'}
[0.902993] (drone_interfaces) StdoutLine: {'line': b'-- Up-to-date: /home/orangepi/Multitask-Drone/install/drone_interfaces/include/drone_interfaces/drone_interfaces/msg/detail/raw_waypoint__traits.hpp\n'}
[0.903078] (drone_interfaces) StdoutLine: {'line': b'-- Up-to-date: /home/orangepi/Multitask-Drone/install/drone_interfaces/include/drone_interfaces/drone_interfaces/msg/detail/task__traits.hpp\n'}
[0.903162] (drone_interfaces) StdoutLine: {'line': b'-- Up-to-date: /home/orangepi/Multitask-Drone/install/drone_interfaces/include/drone_interfaces/drone_interfaces/msg/detail/task__struct.hpp\n'}
[0.903242] (drone_interfaces) StdoutLine: {'line': b'-- Up-to-date: /home/orangepi/Multitask-Drone/install/drone_interfaces/include/drone_interfaces/drone_interfaces/msg/detail/yaw__struct.hpp\n'}
[0.903327] (drone_interfaces) StdoutLine: {'line': b'-- Up-to-date: /home/orangepi/Multitask-Drone/install/drone_interfaces/include/drone_interfaces/drone_interfaces/msg/detail/panel_box__traits.hpp\n'}
[0.903516] (drone_interfaces) StdoutLine: {'line': b'-- Up-to-date: /home/orangepi/Multitask-Drone/install/drone_interfaces/include/drone_interfaces/drone_interfaces/msg/detail/raw_waypoint__struct.hpp\n'}
[0.903789] (drone_interfaces) StdoutLine: {'line': b'-- Up-to-date: /home/orangepi/Multitask-Drone/install/drone_interfaces/include/drone_interfaces/drone_interfaces/msg/detail/task_state__traits.hpp\n'}
[0.903871] (drone_interfaces) StdoutLine: {'line': b'-- Up-to-date: /home/orangepi/Multitask-Drone/install/drone_interfaces/include/drone_interfaces/drone_interfaces/msg/detail/panel_box__struct.hpp\n'}
[0.903998] (drone_interfaces) StdoutLine: {'line': b'-- Up-to-date: /home/orangepi/Multitask-Drone/install/drone_interfaces/include/drone_interfaces/drone_interfaces/msg/yaw.hpp\n'}
[0.904076] (drone_interfaces) StdoutLine: {'line': b'-- Up-to-date: /home/orangepi/Multitask-Drone/install/drone_interfaces/include/drone_interfaces/drone_interfaces/msg/task.hpp\n'}
[0.904151] (drone_interfaces) StdoutLine: {'line': b'-- Up-to-date: /home/orangepi/Multitask-Drone/install/drone_interfaces/include/drone_interfaces/drone_interfaces/msg/panel_box.hpp\n'}
[0.904228] (drone_interfaces) StdoutLine: {'line': b'-- Up-to-date: /home/orangepi/Multitask-Drone/install/drone_interfaces/include/drone_interfaces/drone_interfaces/msg/raw_waypoint.hpp\n'}
[0.904302] (drone_interfaces) StdoutLine: {'line': b'-- Up-to-date: /home/orangepi/Multitask-Drone/install/drone_interfaces/include/drone_interfaces/drone_interfaces/msg/rosidl_generator_cpp__visibility_control.hpp\n'}
[0.904489] (drone_interfaces) StdoutLine: {'line': b'-- Up-to-date: /home/orangepi/Multitask-Drone/install/drone_interfaces/include/drone_interfaces/drone_interfaces/msg/task_state.hpp\n'}
[0.904581] (drone_interfaces) StdoutLine: {'line': b'-- Up-to-date: /home/orangepi/Multitask-Drone/install/drone_interfaces/include/drone_interfaces/drone_interfaces\n'}
[0.904665] (drone_interfaces) StdoutLine: {'line': b'-- Up-to-date: /home/orangepi/Multitask-Drone/install/drone_interfaces/include/drone_interfaces/drone_interfaces/srv\n'}
[0.904768] (drone_interfaces) StdoutLine: {'line': b'-- Up-to-date: /home/orangepi/Multitask-Drone/install/drone_interfaces/include/drone_interfaces/drone_interfaces/srv/detail\n'}
[0.904852] (drone_interfaces) StdoutLine: {'line': b'-- Up-to-date: /home/orangepi/Multitask-Drone/install/drone_interfaces/include/drone_interfaces/drone_interfaces/srv/detail/task_dispatch__rosidl_typesupport_fastrtps_cpp.hpp\n'}
[0.904936] (drone_interfaces) StdoutLine: {'line': b'-- Up-to-date: /home/orangepi/Multitask-Drone/install/drone_interfaces/include/drone_interfaces/drone_interfaces/srv/detail/yolo_request__rosidl_typesupport_fastrtps_cpp.hpp\n'}
[0.905022] (drone_interfaces) StdoutLine: {'line': b'-- Up-to-date: /home/orangepi/Multitask-Drone/install/drone_interfaces/include/drone_interfaces/drone_interfaces/srv/detail/dds_fastrtps\n'}
[0.905399] (drone_interfaces) StdoutLine: {'line': b'-- Up-to-date: /home/orangepi/Multitask-Drone/install/drone_interfaces/include/drone_interfaces/drone_interfaces/srv/detail/task_push__rosidl_typesupport_fastrtps_cpp.hpp\n'}
[0.905489] (drone_interfaces) StdoutLine: {'line': b'-- Up-to-date: /home/orangepi/Multitask-Drone/install/drone_interfaces/include/drone_interfaces/drone_interfaces/action\n'}
[0.905672] (drone_interfaces) StdoutLine: {'line': b'-- Up-to-date: /home/orangepi/Multitask-Drone/install/drone_interfaces/include/drone_interfaces/drone_interfaces/action/detail\n'}
[0.905803] (drone_interfaces) StdoutLine: {'line': b'-- Up-to-date: /home/orangepi/Multitask-Drone/install/drone_interfaces/include/drone_interfaces/drone_interfaces/action/detail/dds_fastrtps\n'}
[0.905886] (drone_interfaces) StdoutLine: {'line': b'-- Up-to-date: /home/orangepi/Multitask-Drone/install/drone_interfaces/include/drone_interfaces/drone_interfaces/action/detail/execute_waypoint__rosidl_typesupport_fastrtps_cpp.hpp\n'}
[0.905963] (drone_interfaces) StdoutLine: {'line': b'-- Up-to-date: /home/orangepi/Multitask-Drone/install/drone_interfaces/include/drone_interfaces/drone_interfaces/msg\n'}
[0.906088] (drone_interfaces) StdoutLine: {'line': b'-- Up-to-date: /home/orangepi/Multitask-Drone/install/drone_interfaces/include/drone_interfaces/drone_interfaces/msg/detail\n'}
[0.906165] (drone_interfaces) StdoutLine: {'line': b'-- Up-to-date: /home/orangepi/Multitask-Drone/install/drone_interfaces/include/drone_interfaces/drone_interfaces/msg/detail/yaw__rosidl_typesupport_fastrtps_cpp.hpp\n'}
[0.906310] (drone_interfaces) StdoutLine: {'line': b'-- Up-to-date: /home/orangepi/Multitask-Drone/install/drone_interfaces/include/drone_interfaces/drone_interfaces/msg/detail/task_state__rosidl_typesupport_fastrtps_cpp.hpp\n'}
[0.906481] (drone_interfaces) StdoutLine: {'line': b'-- Up-to-date: /home/orangepi/Multitask-Drone/install/drone_interfaces/include/drone_interfaces/drone_interfaces/msg/detail/panel_box__rosidl_typesupport_fastrtps_cpp.hpp\n'}
[0.906560] (drone_interfaces) StdoutLine: {'line': b'-- Up-to-date: /home/orangepi/Multitask-Drone/install/drone_interfaces/include/drone_interfaces/drone_interfaces/msg/detail/dds_fastrtps\n'}
[0.906708] (drone_interfaces) StdoutLine: {'line': b'-- Up-to-date: /home/orangepi/Multitask-Drone/install/drone_interfaces/include/drone_interfaces/drone_interfaces/msg/detail/raw_waypoint__rosidl_typesupport_fastrtps_cpp.hpp\n'}
[0.906847] (drone_interfaces) StdoutLine: {'line': b'-- Up-to-date: /home/orangepi/Multitask-Drone/install/drone_interfaces/include/drone_interfaces/drone_interfaces/msg/detail/task__rosidl_typesupport_fastrtps_cpp.hpp\n'}
[0.906986] (drone_interfaces) StdoutLine: {'line': b'-- Up-to-date: /home/orangepi/Multitask-Drone/install/drone_interfaces/include/drone_interfaces/drone_interfaces/msg/rosidl_typesupport_fastrtps_cpp__visibility_control.h\n'}
[0.907069] (drone_interfaces) StdoutLine: {'line': b'-- Up-to-date: /home/orangepi/Multitask-Drone/install/drone_interfaces/lib/libdrone_interfaces__rosidl_typesupport_fastrtps_cpp.so\n'}
[0.907206] (drone_interfaces) StdoutLine: {'line': b'-- Up-to-date: /home/orangepi/Multitask-Drone/install/drone_interfaces/include/drone_interfaces/drone_interfaces\n'}
[0.907338] (drone_interfaces) StdoutLine: {'line': b'-- Up-to-date: /home/orangepi/Multitask-Drone/install/drone_interfaces/include/drone_interfaces/drone_interfaces/srv\n'}
[0.907429] (drone_interfaces) StdoutLine: {'line': b'-- Up-to-date: /home/orangepi/Multitask-Drone/install/drone_interfaces/include/drone_interfaces/drone_interfaces/srv/detail\n'}
[0.907513] (drone_interfaces) StdoutLine: {'line': b'-- Up-to-date: /home/orangepi/Multitask-Drone/install/drone_interfaces/include/drone_interfaces/drone_interfaces/srv/detail/task_push__rosidl_typesupport_introspection_cpp.hpp\n'}
[0.907599] (drone_interfaces) StdoutLine: {'line': b'-- Up-to-date: /home/orangepi/Multitask-Drone/install/drone_interfaces/include/drone_interfaces/drone_interfaces/srv/detail/yolo_request__type_support.cpp\n'}
[0.907679] (drone_interfaces) StdoutLine: {'line': b'-- Up-to-date: /home/orangepi/Multitask-Drone/install/drone_interfaces/include/drone_interfaces/drone_interfaces/srv/detail/yolo_request__rosidl_typesupport_introspection_cpp.hpp\n'}
[0.907755] (drone_interfaces) StdoutLine: {'line': b'-- Up-to-date: /home/orangepi/Multitask-Drone/install/drone_interfaces/include/drone_interfaces/drone_interfaces/srv/detail/task_dispatch__rosidl_typesupport_introspection_cpp.hpp\n'}
[0.907830] (drone_interfaces) StdoutLine: {'line': b'-- Up-to-date: /home/orangepi/Multitask-Drone/install/drone_interfaces/include/drone_interfaces/drone_interfaces/srv/detail/task_push__type_support.cpp\n'}
[0.907905] (drone_interfaces) StdoutLine: {'line': b'-- Up-to-date: /home/orangepi/Multitask-Drone/install/drone_interfaces/include/drone_interfaces/drone_interfaces/srv/detail/task_dispatch__type_support.cpp\n'}
[0.908060] (drone_interfaces) StdoutLine: {'line': b'-- Up-to-date: /home/orangepi/Multitask-Drone/install/drone_interfaces/include/drone_interfaces/drone_interfaces/action\n'}
[0.908155] (drone_interfaces) StdoutLine: {'line': b'-- Up-to-date: /home/orangepi/Multitask-Drone/install/drone_interfaces/include/drone_interfaces/drone_interfaces/action/detail\n'}
[0.908240] (drone_interfaces) StdoutLine: {'line': b'-- Up-to-date: /home/orangepi/Multitask-Drone/install/drone_interfaces/include/drone_interfaces/drone_interfaces/action/detail/execute_waypoint__rosidl_typesupport_introspection_cpp.hpp\n'}
[0.908328] (drone_interfaces) StdoutLine: {'line': b'-- Up-to-date: /home/orangepi/Multitask-Drone/install/drone_interfaces/include/drone_interfaces/drone_interfaces/action/detail/execute_waypoint__type_support.cpp\n'}
[0.908775] (drone_interfaces) StdoutLine: {'line': b'-- Up-to-date: /home/orangepi/Multitask-Drone/install/drone_interfaces/include/drone_interfaces/drone_interfaces/msg\n'}
[0.908859] (drone_interfaces) StdoutLine: {'line': b'-- Up-to-date: /home/orangepi/Multitask-Drone/install/drone_interfaces/include/drone_interfaces/drone_interfaces/msg/detail\n'}
[0.908943] (drone_interfaces) StdoutLine: {'line': b'-- Up-to-date: /home/orangepi/Multitask-Drone/install/drone_interfaces/include/drone_interfaces/drone_interfaces/msg/detail/task_state__rosidl_typesupport_introspection_cpp.hpp\n'}
[0.909023] (drone_interfaces) StdoutLine: {'line': b'-- Up-to-date: /home/orangepi/Multitask-Drone/install/drone_interfaces/include/drone_interfaces/drone_interfaces/msg/detail/task__rosidl_typesupport_introspection_cpp.hpp\n'}
[0.909101] (drone_interfaces) StdoutLine: {'line': b'-- Up-to-date: /home/orangepi/Multitask-Drone/install/drone_interfaces/include/drone_interfaces/drone_interfaces/msg/detail/task__type_support.cpp\n'}
[0.909207] (drone_interfaces) StdoutLine: {'line': b'-- Up-to-date: /home/orangepi/Multitask-Drone/install/drone_interfaces/include/drone_interfaces/drone_interfaces/msg/detail/panel_box__rosidl_typesupport_introspection_cpp.hpp\n'}
[0.909285] (drone_interfaces) StdoutLine: {'line': b'-- Up-to-date: /home/orangepi/Multitask-Drone/install/drone_interfaces/include/drone_interfaces/drone_interfaces/msg/detail/task_state__type_support.cpp\n'}
[0.909363] (drone_interfaces) StdoutLine: {'line': b'-- Up-to-date: /home/orangepi/Multitask-Drone/install/drone_interfaces/include/drone_interfaces/drone_interfaces/msg/detail/raw_waypoint__rosidl_typesupport_introspection_cpp.hpp\n'}
[0.909438] (drone_interfaces) StdoutLine: {'line': b'-- Up-to-date: /home/orangepi/Multitask-Drone/install/drone_interfaces/include/drone_interfaces/drone_interfaces/msg/detail/panel_box__type_support.cpp\n'}
[0.909525] (drone_interfaces) StdoutLine: {'line': b'-- Up-to-date: /home/orangepi/Multitask-Drone/install/drone_interfaces/include/drone_interfaces/drone_interfaces/msg/detail/raw_waypoint__type_support.cpp\n'}
[0.909603] (drone_interfaces) StdoutLine: {'line': b'-- Up-to-date: /home/orangepi/Multitask-Drone/install/drone_interfaces/include/drone_interfaces/drone_interfaces/msg/detail/yaw__type_support.cpp\n'}
[0.909677] (drone_interfaces) StdoutLine: {'line': b'-- Up-to-date: /home/orangepi/Multitask-Drone/install/drone_interfaces/include/drone_interfaces/drone_interfaces/msg/detail/yaw__rosidl_typesupport_introspection_cpp.hpp\n'}
[0.909752] (drone_interfaces) StdoutLine: {'line': b'-- Up-to-date: /home/orangepi/Multitask-Drone/install/drone_interfaces/lib/libdrone_interfaces__rosidl_typesupport_introspection_cpp.so\n'}
[0.909825] (drone_interfaces) StdoutLine: {'line': b'-- Up-to-date: /home/orangepi/Multitask-Drone/install/drone_interfaces/lib/libdrone_interfaces__rosidl_typesupport_cpp.so\n'}
[0.909900] (drone_interfaces) StdoutLine: {'line': b'-- Up-to-date: /home/orangepi/Multitask-Drone/install/drone_interfaces/share/drone_interfaces/environment/pythonpath.sh\n'}
[0.909975] (drone_interfaces) StdoutLine: {'line': b'-- Up-to-date: /home/orangepi/Multitask-Drone/install/drone_interfaces/share/drone_interfaces/environment/pythonpath.dsv\n'}
[0.910050] (drone_interfaces) StdoutLine: {'line': b'-- Up-to-date: /home/orangepi/Multitask-Drone/install/drone_interfaces/local/lib/python3.10/dist-packages/drone_interfaces-0.0.0-py3.10.egg-info\n'}
[0.910126] (drone_interfaces) StdoutLine: {'line': b'-- Installing: /home/orangepi/Multitask-Drone/install/drone_interfaces/local/lib/python3.10/dist-packages/drone_interfaces-0.0.0-py3.10.egg-info/top_level.txt\n'}
[0.910201] (drone_interfaces) StdoutLine: {'line': b'-- Installing: /home/orangepi/Multitask-Drone/install/drone_interfaces/local/lib/python3.10/dist-packages/drone_interfaces-0.0.0-py3.10.egg-info/dependency_links.txt\n'}
[0.910280] (drone_interfaces) StdoutLine: {'line': b'-- Installing: /home/orangepi/Multitask-Drone/install/drone_interfaces/local/lib/python3.10/dist-packages/drone_interfaces-0.0.0-py3.10.egg-info/SOURCES.txt\n'}
[0.910355] (drone_interfaces) StdoutLine: {'line': b'-- Installing: /home/orangepi/Multitask-Drone/install/drone_interfaces/local/lib/python3.10/dist-packages/drone_interfaces-0.0.0-py3.10.egg-info/PKG-INFO\n'}
[0.910428] (drone_interfaces) StdoutLine: {'line': b'-- Up-to-date: /home/orangepi/Multitask-Drone/install/drone_interfaces/local/lib/python3.10/dist-packages/drone_interfaces\n'}
[0.910504] (drone_interfaces) StdoutLine: {'line': b'-- Up-to-date: /home/orangepi/Multitask-Drone/install/drone_interfaces/local/lib/python3.10/dist-packages/drone_interfaces/__init__.py\n'}
[0.910578] (drone_interfaces) StdoutLine: {'line': b'-- Up-to-date: /home/orangepi/Multitask-Drone/install/drone_interfaces/local/lib/python3.10/dist-packages/drone_interfaces/srv\n'}
[0.910652] (drone_interfaces) StdoutLine: {'line': b'-- Up-to-date: /home/orangepi/Multitask-Drone/install/drone_interfaces/local/lib/python3.10/dist-packages/drone_interfaces/srv/_task_dispatch.py\n'}
[0.910740] (drone_interfaces) StdoutLine: {'line': b'-- Up-to-date: /home/orangepi/Multitask-Drone/install/drone_interfaces/local/lib/python3.10/dist-packages/drone_interfaces/srv/_task_dispatch_s.c\n'}
[0.910814] (drone_interfaces) StdoutLine: {'line': b'-- Up-to-date: /home/orangepi/Multitask-Drone/install/drone_interfaces/local/lib/python3.10/dist-packages/drone_interfaces/srv/__init__.py\n'}
[0.910889] (drone_interfaces) StdoutLine: {'line': b'-- Up-to-date: /home/orangepi/Multitask-Drone/install/drone_interfaces/local/lib/python3.10/dist-packages/drone_interfaces/srv/_task_push_s.c\n'}
[0.910980] (drone_interfaces) StdoutLine: {'line': b'-- Up-to-date: /home/orangepi/Multitask-Drone/install/drone_interfaces/local/lib/python3.10/dist-packages/drone_interfaces/srv/_task_push.py\n'}
[0.911056] (drone_interfaces) StdoutLine: {'line': b'-- Up-to-date: /home/orangepi/Multitask-Drone/install/drone_interfaces/local/lib/python3.10/dist-packages/drone_interfaces/srv/_yolo_request.py\n'}
[0.911132] (drone_interfaces) StdoutLine: {'line': b'-- Up-to-date: /home/orangepi/Multitask-Drone/install/drone_interfaces/local/lib/python3.10/dist-packages/drone_interfaces/srv/_yolo_request_s.c\n'}
[0.911209] (drone_interfaces) StdoutLine: {'line': b'-- Up-to-date: /home/orangepi/Multitask-Drone/install/drone_interfaces/local/lib/python3.10/dist-packages/drone_interfaces/action\n'}
[0.911283] (drone_interfaces) StdoutLine: {'line': b'-- Up-to-date: /home/orangepi/Multitask-Drone/install/drone_interfaces/local/lib/python3.10/dist-packages/drone_interfaces/action/_execute_waypoint_s.c\n'}
[0.911379] (drone_interfaces) StdoutLine: {'line': b'-- Up-to-date: /home/orangepi/Multitask-Drone/install/drone_interfaces/local/lib/python3.10/dist-packages/drone_interfaces/action/__init__.py\n'}
[0.911465] (drone_interfaces) StdoutLine: {'line': b'-- Up-to-date: /home/orangepi/Multitask-Drone/install/drone_interfaces/local/lib/python3.10/dist-packages/drone_interfaces/action/_execute_waypoint.py\n'}
[0.911541] (drone_interfaces) StdoutLine: {'line': b'-- Up-to-date: /home/orangepi/Multitask-Drone/install/drone_interfaces/local/lib/python3.10/dist-packages/drone_interfaces/libdrone_interfaces__rosidl_generator_py.so\n'}
[0.911629] (drone_interfaces) StdoutLine: {'line': b'-- Up-to-date: /home/orangepi/Multitask-Drone/install/drone_interfaces/local/lib/python3.10/dist-packages/drone_interfaces/_drone_interfaces_s.ep.rosidl_typesupport_fastrtps_c.c\n'}
[0.911710] (drone_interfaces) StdoutLine: {'line': b'-- Up-to-date: /home/orangepi/Multitask-Drone/install/drone_interfaces/local/lib/python3.10/dist-packages/drone_interfaces/drone_interfaces_s__rosidl_typesupport_c.cpython-310-aarch64-linux-gnu.so\n'}
[0.911788] (drone_interfaces) StdoutLine: {'line': b'-- Up-to-date: /home/orangepi/Multitask-Drone/install/drone_interfaces/local/lib/python3.10/dist-packages/drone_interfaces/_drone_interfaces_s.ep.rosidl_typesupport_c.c\n'}
[0.911864] (drone_interfaces) StdoutLine: {'line': b'-- Up-to-date: /home/orangepi/Multitask-Drone/install/drone_interfaces/local/lib/python3.10/dist-packages/drone_interfaces/msg\n'}
[0.911938] (drone_interfaces) StdoutLine: {'line': b'-- Up-to-date: /home/orangepi/Multitask-Drone/install/drone_interfaces/local/lib/python3.10/dist-packages/drone_interfaces/msg/_yaw.py\n'}
[0.912011] (drone_interfaces) StdoutLine: {'line': b'-- Up-to-date: /home/orangepi/Multitask-Drone/install/drone_interfaces/local/lib/python3.10/dist-packages/drone_interfaces/msg/_panel_box_s.c\n'}
[0.912085] (drone_interfaces) StdoutLine: {'line': b'-- Up-to-date: /home/orangepi/Multitask-Drone/install/drone_interfaces/local/lib/python3.10/dist-packages/drone_interfaces/msg/__init__.py\n'}
[0.912161] (drone_interfaces) StdoutLine: {'line': b'-- Up-to-date: /home/orangepi/Multitask-Drone/install/drone_interfaces/local/lib/python3.10/dist-packages/drone_interfaces/msg/_yaw_s.c\n'}
[0.912235] (drone_interfaces) StdoutLine: {'line': b'-- Up-to-date: /home/orangepi/Multitask-Drone/install/drone_interfaces/local/lib/python3.10/dist-packages/drone_interfaces/msg/_task_state.py\n'}
[0.912322] (drone_interfaces) StdoutLine: {'line': b'-- Up-to-date: /home/orangepi/Multitask-Drone/install/drone_interfaces/local/lib/python3.10/dist-packages/drone_interfaces/msg/_raw_waypoint.py\n'}
[0.912399] (drone_interfaces) StdoutLine: {'line': b'-- Up-to-date: /home/orangepi/Multitask-Drone/install/drone_interfaces/local/lib/python3.10/dist-packages/drone_interfaces/msg/_raw_waypoint_s.c\n'}
[0.912475] (drone_interfaces) StdoutLine: {'line': b'-- Up-to-date: /home/orangepi/Multitask-Drone/install/drone_interfaces/local/lib/python3.10/dist-packages/drone_interfaces/msg/_task.py\n'}
[0.912550] (drone_interfaces) StdoutLine: {'line': b'-- Up-to-date: /home/orangepi/Multitask-Drone/install/drone_interfaces/local/lib/python3.10/dist-packages/drone_interfaces/msg/_task_s.c\n'}
[0.912624] (drone_interfaces) StdoutLine: {'line': b'-- Up-to-date: /home/orangepi/Multitask-Drone/install/drone_interfaces/local/lib/python3.10/dist-packages/drone_interfaces/msg/_task_state_s.c\n'}
[0.912698] (drone_interfaces) StdoutLine: {'line': b'-- Up-to-date: /home/orangepi/Multitask-Drone/install/drone_interfaces/local/lib/python3.10/dist-packages/drone_interfaces/msg/_panel_box.py\n'}
[0.912772] (drone_interfaces) StdoutLine: {'line': b'-- Up-to-date: /home/orangepi/Multitask-Drone/install/drone_interfaces/local/lib/python3.10/dist-packages/drone_interfaces/drone_interfaces_s__rosidl_typesupport_introspection_c.cpython-310-aarch64-linux-gnu.so\n'}
[0.912850] (drone_interfaces) StdoutLine: {'line': b'-- Up-to-date: /home/orangepi/Multitask-Drone/install/drone_interfaces/local/lib/python3.10/dist-packages/drone_interfaces/drone_interfaces_s__rosidl_typesupport_fastrtps_c.cpython-310-aarch64-linux-gnu.so\n'}
[0.912928] (drone_interfaces) StdoutLine: {'line': b'-- Up-to-date: /home/orangepi/Multitask-Drone/install/drone_interfaces/local/lib/python3.10/dist-packages/drone_interfaces/_drone_interfaces_s.ep.rosidl_typesupport_introspection_c.c\n'}
[0.975661] (drone_interfaces) StdoutLine: {'line': b"Listing '/home/orangepi/Multitask-Drone/install/drone_interfaces/local/lib/python3.10/dist-packages/drone_interfaces'...\n"}
[0.976251] (drone_interfaces) StdoutLine: {'line': b"Listing '/home/orangepi/Multitask-Drone/install/drone_interfaces/local/lib/python3.10/dist-packages/drone_interfaces/action'...\n"}
[0.976412] (drone_interfaces) StdoutLine: {'line': b"Listing '/home/orangepi/Multitask-Drone/install/drone_interfaces/local/lib/python3.10/dist-packages/drone_interfaces/msg'...\n"}
[0.976517] (drone_interfaces) StdoutLine: {'line': b"Listing '/home/orangepi/Multitask-Drone/install/drone_interfaces/local/lib/python3.10/dist-packages/drone_interfaces/srv'...\n"}
[0.993346] (drone_interfaces) StdoutLine: {'line': b'-- Up-to-date: /home/orangepi/Multitask-Drone/install/drone_interfaces/local/lib/python3.10/dist-packages/drone_interfaces/drone_interfaces_s__rosidl_typesupport_fastrtps_c.cpython-310-aarch64-linux-gnu.so\n'}
[0.994581] (drone_interfaces) StdoutLine: {'line': b'-- Up-to-date: /home/orangepi/Multitask-Drone/install/drone_interfaces/local/lib/python3.10/dist-packages/drone_interfaces/drone_interfaces_s__rosidl_typesupport_introspection_c.cpython-310-aarch64-linux-gnu.so\n'}
[0.996129] (drone_interfaces) StdoutLine: {'line': b'-- Up-to-date: /home/orangepi/Multitask-Drone/install/drone_interfaces/local/lib/python3.10/dist-packages/drone_interfaces/drone_interfaces_s__rosidl_typesupport_c.cpython-310-aarch64-linux-gnu.so\n'}
[0.997161] (drone_interfaces) StdoutLine: {'line': b'-- Up-to-date: /home/orangepi/Multitask-Drone/install/drone_interfaces/lib/libdrone_interfaces__rosidl_generator_py.so\n'}
[0.998170] (drone_interfaces) StdoutLine: {'line': b'-- Up-to-date: /home/orangepi/Multitask-Drone/install/drone_interfaces/share/drone_interfaces/msg/Yaw.idl\n'}
[0.999073] (drone_interfaces) StdoutLine: {'line': b'-- Up-to-date: /home/orangepi/Multitask-Drone/install/drone_interfaces/share/drone_interfaces/msg/PanelBox.idl\n'}
[0.999814] (-) TimerEvent: {}
[1.000350] (drone_interfaces) StdoutLine: {'line': b'-- Up-to-date: /home/orangepi/Multitask-Drone/install/drone_interfaces/share/drone_interfaces/msg/Task.idl\n'}
[1.000813] (drone_interfaces) StdoutLine: {'line': b'-- Up-to-date: /home/orangepi/Multitask-Drone/install/drone_interfaces/share/drone_interfaces/msg/TaskState.idl\n'}
[1.001247] (drone_interfaces) StdoutLine: {'line': b'-- Up-to-date: /home/orangepi/Multitask-Drone/install/drone_interfaces/share/drone_interfaces/msg/RawWaypoint.idl\n'}
[1.001923] (drone_interfaces) StdoutLine: {'line': b'-- Up-to-date: /home/orangepi/Multitask-Drone/install/drone_interfaces/share/drone_interfaces/srv/TaskDispatch.idl\n'}
[1.002348] (drone_interfaces) StdoutLine: {'line': b'-- Up-to-date: /home/orangepi/Multitask-Drone/install/drone_interfaces/share/drone_interfaces/srv/YoloRequest.idl\n'}
[1.002750] (drone_interfaces) StdoutLine: {'line': b'-- Up-to-date: /home/orangepi/Multitask-Drone/install/drone_interfaces/share/drone_interfaces/srv/TaskPush.idl\n'}
[1.003142] (drone_interfaces) StdoutLine: {'line': b'-- Up-to-date: /home/orangepi/Multitask-Drone/install/drone_interfaces/share/drone_interfaces/action/ExecuteWaypoint.idl\n'}
[1.003908] (drone_interfaces) StdoutLine: {'line': b'-- Up-to-date: /home/orangepi/Multitask-Drone/install/drone_interfaces/share/drone_interfaces/msg/Yaw.msg\n'}
[1.004660] (drone_interfaces) StdoutLine: {'line': b'-- Up-to-date: /home/orangepi/Multitask-Drone/install/drone_interfaces/share/drone_interfaces/msg/PanelBox.msg\n'}
[1.005594] (drone_interfaces) StdoutLine: {'line': b'-- Up-to-date: /home/orangepi/Multitask-Drone/install/drone_interfaces/share/drone_interfaces/msg/Task.msg\n'}
[1.008593] (drone_interfaces) StdoutLine: {'line': b'-- Up-to-date: /home/orangepi/Multitask-Drone/install/drone_interfaces/share/drone_interfaces/msg/TaskState.msg\n'}
[1.009453] (drone_interfaces) StdoutLine: {'line': b'-- Up-to-date: /home/orangepi/Multitask-Drone/install/drone_interfaces/share/drone_interfaces/msg/RawWaypoint.msg\n'}
[1.010501] (drone_interfaces) StdoutLine: {'line': b'-- Up-to-date: /home/orangepi/Multitask-Drone/install/drone_interfaces/share/drone_interfaces/srv/TaskDispatch.srv\n'}
[1.011209] (drone_interfaces) StdoutLine: {'line': b'-- Up-to-date: /home/orangepi/Multitask-Drone/install/drone_interfaces/share/drone_interfaces/srv/TaskDispatch_Request.msg\n'}
[1.012001] (drone_interfaces) StdoutLine: {'line': b'-- Up-to-date: /home/orangepi/Multitask-Drone/install/drone_interfaces/share/drone_interfaces/srv/TaskDispatch_Response.msg\n'}
[1.013004] (drone_interfaces) StdoutLine: {'line': b'-- Up-to-date: /home/orangepi/Multitask-Drone/install/drone_interfaces/share/drone_interfaces/srv/YoloRequest.srv\n'}
[1.014026] (drone_interfaces) StdoutLine: {'line': b'-- Up-to-date: /home/orangepi/Multitask-Drone/install/drone_interfaces/share/drone_interfaces/srv/YoloRequest_Request.msg\n'}
[1.014536] (drone_interfaces) StdoutLine: {'line': b'-- Up-to-date: /home/orangepi/Multitask-Drone/install/drone_interfaces/share/drone_interfaces/srv/YoloRequest_Response.msg\n'}
[1.015203] (drone_interfaces) StdoutLine: {'line': b'-- Up-to-date: /home/orangepi/Multitask-Drone/install/drone_interfaces/share/drone_interfaces/srv/TaskPush.srv\n'}
[1.015834] (drone_interfaces) StdoutLine: {'line': b'-- Up-to-date: /home/orangepi/Multitask-Drone/install/drone_interfaces/share/drone_interfaces/srv/TaskPush_Request.msg\n'}
[1.016507] (drone_interfaces) StdoutLine: {'line': b'-- Up-to-date: /home/orangepi/Multitask-Drone/install/drone_interfaces/share/drone_interfaces/srv/TaskPush_Response.msg\n'}
[1.017405] (drone_interfaces) StdoutLine: {'line': b'-- Up-to-date: /home/orangepi/Multitask-Drone/install/drone_interfaces/share/drone_interfaces/action/ExecuteWaypoint.action\n'}
[1.018118] (drone_interfaces) StdoutLine: {'line': b'-- Up-to-date: /home/orangepi/Multitask-Drone/install/drone_interfaces/share/ament_index/resource_index/package_run_dependencies/drone_interfaces\n'}
[1.020140] (drone_interfaces) StdoutLine: {'line': b'-- Up-to-date: /home/orangepi/Multitask-Drone/install/drone_interfaces/share/ament_index/resource_index/parent_prefix_path/drone_interfaces\n'}
[1.020812] (drone_interfaces) StdoutLine: {'line': b'-- Up-to-date: /home/orangepi/Multitask-Drone/install/drone_interfaces/share/drone_interfaces/environment/ament_prefix_path.sh\n'}
[1.021461] (drone_interfaces) StdoutLine: {'line': b'-- Up-to-date: /home/orangepi/Multitask-Drone/install/drone_interfaces/share/drone_interfaces/environment/ament_prefix_path.dsv\n'}
[1.022048] (drone_interfaces) StdoutLine: {'line': b'-- Up-to-date: /home/orangepi/Multitask-Drone/install/drone_interfaces/share/drone_interfaces/environment/path.sh\n'}
[1.022576] (drone_interfaces) StdoutLine: {'line': b'-- Up-to-date: /home/orangepi/Multitask-Drone/install/drone_interfaces/share/drone_interfaces/environment/path.dsv\n'}
[1.023492] (drone_interfaces) StdoutLine: {'line': b'-- Up-to-date: /home/orangepi/Multitask-Drone/install/drone_interfaces/share/drone_interfaces/local_setup.bash\n'}
[1.024115] (drone_interfaces) StdoutLine: {'line': b'-- Up-to-date: /home/orangepi/Multitask-Drone/install/drone_interfaces/share/drone_interfaces/local_setup.sh\n'}
[1.024648] (drone_interfaces) StdoutLine: {'line': b'-- Up-to-date: /home/orangepi/Multitask-Drone/install/drone_interfaces/share/drone_interfaces/local_setup.zsh\n'}
[1.025213] (drone_interfaces) StdoutLine: {'line': b'-- Up-to-date: /home/orangepi/Multitask-Drone/install/drone_interfaces/share/drone_interfaces/local_setup.dsv\n'}
[1.025750] (drone_interfaces) StdoutLine: {'line': b'-- Installing: /home/orangepi/Multitask-Drone/install/drone_interfaces/share/drone_interfaces/package.dsv\n'}
[1.026252] (drone_interfaces) StdoutLine: {'line': b'-- Up-to-date: /home/orangepi/Multitask-Drone/install/drone_interfaces/share/ament_index/resource_index/packages/drone_interfaces\n'}
[1.026732] (drone_interfaces) StdoutLine: {'line': b'-- Up-to-date: /home/orangepi/Multitask-Drone/install/drone_interfaces/share/drone_interfaces/cmake/export_drone_interfaces__rosidl_generator_cExport.cmake\n'}
[1.027242] (drone_interfaces) StdoutLine: {'line': b'-- Up-to-date: /home/orangepi/Multitask-Drone/install/drone_interfaces/share/drone_interfaces/cmake/export_drone_interfaces__rosidl_generator_cExport-noconfig.cmake\n'}
[1.027718] (drone_interfaces) StdoutLine: {'line': b'-- Up-to-date: /home/orangepi/Multitask-Drone/install/drone_interfaces/share/drone_interfaces/cmake/export_drone_interfaces__rosidl_typesupport_fastrtps_cExport.cmake\n'}
[1.029152] (drone_interfaces) StdoutLine: {'line': b'-- Up-to-date: /home/orangepi/Multitask-Drone/install/drone_interfaces/share/drone_interfaces/cmake/export_drone_interfaces__rosidl_typesupport_fastrtps_cExport-noconfig.cmake\n'}
[1.030456] (drone_interfaces) StdoutLine: {'line': b'-- Up-to-date: /home/orangepi/Multitask-Drone/install/drone_interfaces/share/drone_interfaces/cmake/drone_interfaces__rosidl_typesupport_introspection_cExport.cmake\n'}
[1.031328] (drone_interfaces) StdoutLine: {'line': b'-- Up-to-date: /home/orangepi/Multitask-Drone/install/drone_interfaces/share/drone_interfaces/cmake/drone_interfaces__rosidl_typesupport_introspection_cExport-noconfig.cmake\n'}
[1.032222] (drone_interfaces) StdoutLine: {'line': b'-- Up-to-date: /home/orangepi/Multitask-Drone/install/drone_interfaces/share/drone_interfaces/cmake/drone_interfaces__rosidl_typesupport_cExport.cmake\n'}
[1.033558] (drone_interfaces) StdoutLine: {'line': b'-- Up-to-date: /home/orangepi/Multitask-Drone/install/drone_interfaces/share/drone_interfaces/cmake/drone_interfaces__rosidl_typesupport_cExport-noconfig.cmake\n'}
[1.034761] (drone_interfaces) StdoutLine: {'line': b'-- Up-to-date: /home/orangepi/Multitask-Drone/install/drone_interfaces/share/drone_interfaces/cmake/export_drone_interfaces__rosidl_generator_cppExport.cmake\n'}
[1.036897] (drone_interfaces) StdoutLine: {'line': b'-- Up-to-date: /home/orangepi/Multitask-Drone/install/drone_interfaces/share/drone_interfaces/cmake/export_drone_interfaces__rosidl_typesupport_fastrtps_cppExport.cmake\n'}
[1.037925] (drone_interfaces) StdoutLine: {'line': b'-- Up-to-date: /home/orangepi/Multitask-Drone/install/drone_interfaces/share/drone_interfaces/cmake/export_drone_interfaces__rosidl_typesupport_fastrtps_cppExport-noconfig.cmake\n'}
[1.038669] (drone_interfaces) StdoutLine: {'line': b'-- Up-to-date: /home/orangepi/Multitask-Drone/install/drone_interfaces/share/drone_interfaces/cmake/drone_interfaces__rosidl_typesupport_introspection_cppExport.cmake\n'}
[1.039557] (drone_interfaces) StdoutLine: {'line': b'-- Up-to-date: /home/orangepi/Multitask-Drone/install/drone_interfaces/share/drone_interfaces/cmake/drone_interfaces__rosidl_typesupport_introspection_cppExport-noconfig.cmake\n'}
[1.040184] (drone_interfaces) StdoutLine: {'line': b'-- Up-to-date: /home/orangepi/Multitask-Drone/install/drone_interfaces/share/drone_interfaces/cmake/drone_interfaces__rosidl_typesupport_cppExport.cmake\n'}
[1.041630] (drone_interfaces) StdoutLine: {'line': b'-- Up-to-date: /home/orangepi/Multitask-Drone/install/drone_interfaces/share/drone_interfaces/cmake/drone_interfaces__rosidl_typesupport_cppExport-noconfig.cmake\n'}
[1.045494] (drone_interfaces) StdoutLine: {'line': b'-- Up-to-date: /home/orangepi/Multitask-Drone/install/drone_interfaces/share/drone_interfaces/cmake/export_drone_interfaces__rosidl_generator_pyExport.cmake\n'}
[1.046711] (drone_interfaces) StdoutLine: {'line': b'-- Up-to-date: /home/orangepi/Multitask-Drone/install/drone_interfaces/share/drone_interfaces/cmake/export_drone_interfaces__rosidl_generator_pyExport-noconfig.cmake\n'}
[1.049012] (drone_interfaces) StdoutLine: {'line': b'-- Up-to-date: /home/orangepi/Multitask-Drone/install/drone_interfaces/share/drone_interfaces/cmake/rosidl_cmake-extras.cmake\n'}
[1.049843] (drone_interfaces) StdoutLine: {'line': b'-- Up-to-date: /home/orangepi/Multitask-Drone/install/drone_interfaces/share/drone_interfaces/cmake/ament_cmake_export_dependencies-extras.cmake\n'}
[1.052885] (drone_interfaces) StdoutLine: {'line': b'-- Up-to-date: /home/orangepi/Multitask-Drone/install/drone_interfaces/share/drone_interfaces/cmake/ament_cmake_export_include_directories-extras.cmake\n'}
[1.053695] (drone_interfaces) StdoutLine: {'line': b'-- Up-to-date: /home/orangepi/Multitask-Drone/install/drone_interfaces/share/drone_interfaces/cmake/ament_cmake_export_libraries-extras.cmake\n'}
[1.056176] (drone_interfaces) StdoutLine: {'line': b'-- Up-to-date: /home/orangepi/Multitask-Drone/install/drone_interfaces/share/drone_interfaces/cmake/ament_cmake_export_targets-extras.cmake\n'}
[1.058683] (drone_interfaces) StdoutLine: {'line': b'-- Up-to-date: /home/orangepi/Multitask-Drone/install/drone_interfaces/share/drone_interfaces/cmake/rosidl_cmake_export_typesupport_targets-extras.cmake\n'}
[1.060072] (drone_interfaces) StdoutLine: {'line': b'-- Up-to-date: /home/orangepi/Multitask-Drone/install/drone_interfaces/share/drone_interfaces/cmake/rosidl_cmake_export_typesupport_libraries-extras.cmake\n'}
[1.061057] (drone_interfaces) StdoutLine: {'line': b'-- Up-to-date: /home/orangepi/Multitask-Drone/install/drone_interfaces/share/drone_interfaces/cmake/drone_interfacesConfig.cmake\n'}
[1.061941] (drone_interfaces) StdoutLine: {'line': b'-- Up-to-date: /home/orangepi/Multitask-Drone/install/drone_interfaces/share/drone_interfaces/cmake/drone_interfacesConfig-version.cmake\n'}
[1.062935] (drone_interfaces) StdoutLine: {'line': b'-- Up-to-date: /home/orangepi/Multitask-Drone/install/drone_interfaces/share/drone_interfaces/package.xml\n'}
[1.065982] (drone_interfaces) CommandEnded: {'returncode': 0}
[1.083740] (drone_interfaces) JobEnded: {'identifier': 'drone_interfaces', 'rc': 0}
[1.087103] (drone_controller) JobStarted: {'identifier': 'drone_controller'}
[1.092732] (drone_vision) JobStarted: {'identifier': 'drone_vision'}
[1.099970] (-) TimerEvent: {}
[1.201065] (-) TimerEvent: {}
[1.302269] (-) TimerEvent: {}
[1.403490] (-) TimerEvent: {}
[1.504946] (-) TimerEvent: {}
[1.536805] (drone_monitor) Command: {'cmd': ['/usr/bin/python3', '-W', 'ignore:setup.py install is deprecated', '-W', 'ignore:easy_install command is deprecated', 'setup.py', 'egg_info', '--egg-base', '../../build/drone_monitor', 'build', '--build-base', '/home/orangepi/Multitask-Drone/build/drone_monitor/build', 'install', '--record', '/home/orangepi/Multitask-Drone/build/drone_monitor/install.log', '--single-version-externally-managed', 'install_data'], 'cwd': '/home/orangepi/Multitask-Drone/src/drone_monitor', 'env': {'LESSOPEN': '| /usr/bin/lesspipe %s', 'UMS_MOUNTPOINT': '/mnt/ums', 'GST_V4L2_PREFERRED_FOURCC': 'NV12:YU12:NV16:YUY2', 'no_proxy': 'localhost, 127.0.0.1', 'LANGUAGE': 'en_US.UTF-8', 'USER': 'orangepi', 'SSH_CLIENT': '192.168.137.1 37071 22', 'XDG_SESSION_TYPE': 'tty', 'GIT_ASKPASS': '/home/orangepi/.vscode-server/cli/servers/Stable-fabdb6a30b49f79a7aba0f2ad9df9b399473380f/server/extensions/git/dist/askpass.sh', 'SHLVL': '2', 'USB_FUNCS': 'adb', 'LD_LIBRARY_PATH': '/opt/ros/humble/opt/rviz_ogre_vendor/lib:/opt/ros/humble/lib/aarch64-linux-gnu:/opt/ros/humble/lib', 'BROWSER': '/home/orangepi/.vscode-server/cli/servers/Stable-fabdb6a30b49f79a7aba0f2ad9df9b399473380f/server/bin/helpers/browser.sh', 'MOTD_SHOWN': 'pam', 'HOME': '/home/orangepi', 'OLDPWD': '/home/orangepi', 'TERM_PROGRAM_VERSION': '1.96.2', 'VSCODE_IPC_HOOK_CLI': '/run/user/1000/vscode-ipc-3fdf4e28-c376-4648-b179-39384abbc558.sock', 'GST_INSPECT_NO_COLORS': '1', 'GST_MPP_NO_RGA': '1', 'ROS_PYTHON_VERSION': '3', 'COGL_DRIVER': 'gles2', 'VSCODE_GIT_ASKPASS_MAIN': '/home/orangepi/.vscode-server/cli/servers/Stable-fabdb6a30b49f79a7aba0f2ad9df9b399473380f/server/extensions/git/dist/askpass-main.js', 'VSCODE_GIT_ASKPASS_NODE': '/home/orangepi/.vscode-server/cli/servers/Stable-fabdb6a30b49f79a7aba0f2ad9df9b399473380f/server/node', 'SSL_CERT_FILE': '/usr/lib/ssl/certs/ca-certificates.crt', 'DBUS_SESSION_BUS_ADDRESS': 'unix:path=/run/user/1000/bus', 'COLORTERM': 'truecolor', 'https_proxy': 'http://192.168.137.1:5555', 'GST_V4L2SRC_MAX_RESOLUTION': '3840x2160', 'ROS_DISTRO': 'humble', 'LOGNAME': 'orangepi', 'http_proxy': 'http://192.168.137.1:5555', '_': '/usr/bin/colcon', 'ROS_VERSION': '2', 'XDG_SESSION_CLASS': 'user', 'TERM': 'xterm-256color', 'GST_GL_API': 'gles2', 'XDG_SESSION_ID': '5', 'GST_VIDEO_CONVERT_PREFERRED_FORMAT': 'NV12:NV16:I420:YUY2', 'GST_V4L2SRC_RK_DEVICES': '_mainpath:_selfpath:_bypass:_scale', 'ROS_LOCALHOST_ONLY': '0', 'PATH': '/home/orangepi/.vscode-server/cli/servers/Stable-fabdb6a30b49f79a7aba0f2ad9df9b399473380f/server/bin/remote-cli:/home/orangepi/.local/bin:/opt/ros/humble/bin:/usr/local/sbin:/usr/local/bin:/usr/sbin:/usr/bin:/sbin:/bin:/usr/games:/usr/local/games:/snap/bin', 'XDG_RUNTIME_DIR': '/run/user/1000', 'GST_GL_PLATFORM': 'egl', 'GST_DEBUG_NO_COLOR': '1', 'SSL_CERT_DIR': '/usr/lib/ssl/certs', 'GST_V4L2SRC_DEFAULT_DEVICE': '/dev/video-camera0', 'DISPLAY': ':0', 'LANG': 'en_US.UTF-8', 'LS_COLORS': 'rs=0:di=01;34:ln=01;36:mh=00:pi=40;33:so=01;35:do=01;35:bd=40;33;01:cd=40;33;01:or=40;31;01:mi=00:su=37;41:sg=30;43:ca=30;41:tw=30;42:ow=34;42:st=37;44:ex=01;32:*.tar=01;31:*.tgz=01;31:*.arc=01;31:*.arj=01;31:*.taz=01;31:*.lha=01;31:*.lz4=01;31:*.lzh=01;31:*.lzma=01;31:*.tlz=01;31:*.txz=01;31:*.tzo=01;31:*.t7z=01;31:*.zip=01;31:*.z=01;31:*.dz=01;31:*.gz=01;31:*.lrz=01;31:*.lz=01;31:*.lzo=01;31:*.xz=01;31:*.zst=01;31:*.tzst=01;31:*.bz2=01;31:*.bz=01;31:*.tbz=01;31:*.tbz2=01;31:*.tz=01;31:*.deb=01;31:*.rpm=01;31:*.jar=01;31:*.war=01;31:*.ear=01;31:*.sar=01;31:*.rar=01;31:*.alz=01;31:*.ace=01;31:*.zoo=01;31:*.cpio=01;31:*.7z=01;31:*.rz=01;31:*.cab=01;31:*.wim=01;31:*.swm=01;31:*.dwm=01;31:*.esd=01;31:*.jpg=01;35:*.jpeg=01;35:*.mjpg=01;35:*.mjpeg=01;35:*.gif=01;35:*.bmp=01;35:*.pbm=01;35:*.pgm=01;35:*.ppm=01;35:*.tga=01;35:*.xbm=01;35:*.xpm=01;35:*.tif=01;35:*.tiff=01;35:*.png=01;35:*.svg=01;35:*.svgz=01;35:*.mng=01;35:*.pcx=01;35:*.mov=01;35:*.mpg=01;35:*.mpeg=01;35:*.m2v=01;35:*.mkv=01;35:*.webm=01;35:*.webp=01;35:*.ogm=01;35:*.mp4=01;35:*.m4v=01;35:*.mp4v=01;35:*.vob=01;35:*.qt=01;35:*.nuv=01;35:*.wmv=01;35:*.asf=01;35:*.rm=01;35:*.rmvb=01;35:*.flc=01;35:*.avi=01;35:*.fli=01;35:*.flv=01;35:*.gl=01;35:*.dl=01;35:*.xcf=01;35:*.xwd=01;35:*.yuv=01;35:*.cgm=01;35:*.emf=01;35:*.ogv=01;35:*.ogx=01;35:*.aac=00;36:*.au=00;36:*.flac=00;36:*.m4a=00;36:*.mid=00;36:*.midi=00;36:*.mka=00;36:*.mp3=00;36:*.mpc=00;36:*.ogg=00;36:*.ra=00;36:*.wav=00;36:*.oga=00;36:*.opus=00;36:*.spx=00;36:*.xspf=00;36:', 'VSCODE_GIT_IPC_HANDLE': '/run/user/1000/vscode-git-d88bdced48.sock', 'TERM_PROGRAM': 'vscode', 'GST_V4L2_USE_LIBV4L2': '1', 'UMS_SIZE': '256M', 'AMENT_PREFIX_PATH': '/opt/ros/humble', 'LC_MESSAGES': 'en_US.UTF-8', 'SHELL': '/bin/bash', 'UMS_RO': '0', 'LESSCLOSE': '/usr/bin/lesspipe %s %s', 'UMS_FSTYPE': 'vfat', 'VSCODE_GIT_ASKPASS_EXTRA_ARGS': '', 'PWD': '/home/orangepi/Multitask-Drone/build/drone_monitor', 'LC_ALL': 'en_US.UTF-8', 'SSH_CONNECTION': '192.168.137.1 37071 192.168.137.2 22', 'PYTHONPATH': '/home/orangepi/Multitask-Drone/build/drone_monitor/prefix_override:/usr/lib/python3/dist-packages/colcon_core/task/python/colcon_distutils_commands:/home/orangepi/Multitask-Drone/install/drone_monitor/lib/python3.10/site-packages:/opt/ros/humble/lib/python3.10/site-packages:/opt/ros/humble/local/lib/python3.10/dist-packages', 'UMS_MOUNT': '0', 'COLCON': '1', 'UMS_FILE': '/userdata/ums_shared.img'}, 'shell': False}
[1.605245] (-) TimerEvent: {}
[1.706582] (-) TimerEvent: {}
[1.807824] (-) TimerEvent: {}
[1.909119] (-) TimerEvent: {}
[2.005860] (drone_monitor) StdoutLine: {'line': b'running egg_info\n'}
[2.008514] (drone_monitor) StdoutLine: {'line': b'writing ../../build/drone_monitor/drone_monitor.egg-info/PKG-INFO\n'}
[2.009417] (-) TimerEvent: {}
[2.012031] (drone_monitor) StdoutLine: {'line': b'writing dependency_links to ../../build/drone_monitor/drone_monitor.egg-info/dependency_links.txt\n'}
[2.014568] (drone_monitor) StdoutLine: {'line': b'writing entry points to ../../build/drone_monitor/drone_monitor.egg-info/entry_points.txt\n'}
[2.016306] (drone_monitor) StdoutLine: {'line': b'writing requirements to ../../build/drone_monitor/drone_monitor.egg-info/requires.txt\n'}
[2.017632] (drone_monitor) StdoutLine: {'line': b'writing top-level names to ../../build/drone_monitor/drone_monitor.egg-info/top_level.txt\n'}
[2.018994] (drone_monitor) StdoutLine: {'line': b"reading manifest file '../../build/drone_monitor/drone_monitor.egg-info/SOURCES.txt'\n"}
[2.024760] (drone_monitor) StdoutLine: {'line': b"adding license file 'LICENSE'\n"}
[2.026272] (drone_monitor) StdoutLine: {'line': b"writing manifest file '../../build/drone_monitor/drone_monitor.egg-info/SOURCES.txt'\n"}
[2.029665] (drone_monitor) StdoutLine: {'line': b'running build\n'}
[2.032877] (drone_monitor) StdoutLine: {'line': b'running build_py\n'}
[2.036072] (drone_monitor) StdoutLine: {'line': b'running install\n'}
[2.037511] (drone_monitor) StdoutLine: {'line': b'running install_lib\n'}
[2.039140] (drone_monitor) StdoutLine: {'line': b'running install_data\n'}
[2.040694] (drone_monitor) StdoutLine: {'line': b'running install_egg_info\n'}
[2.041095] (drone_monitor) StdoutLine: {'line': b"removing '/home/orangepi/Multitask-Drone/install/drone_monitor/lib/python3.10/site-packages/drone_monitor-0.0.0-py3.10.egg-info' (and everything under it)\n"}
[2.041525] (drone_monitor) StdoutLine: {'line': b'Copying ../../build/drone_monitor/drone_monitor.egg-info to /home/orangepi/Multitask-Drone/install/drone_monitor/lib/python3.10/site-packages/drone_monitor-0.0.0-py3.10.egg-info\n'}
[2.041927] (drone_monitor) StdoutLine: {'line': b'running install_scripts\n'}
[2.042303] (drone_monitor) StdoutLine: {'line': b"writing list of installed files to '/home/orangepi/Multitask-Drone/build/drone_monitor/install.log'\n"}
[2.055865] (drone_monitor) CommandEnded: {'returncode': 0}
[2.068788] (drone_monitor) JobEnded: {'identifier': 'drone_monitor', 'rc': 0}
[2.109769] (-) TimerEvent: {}
[2.211022] (-) TimerEvent: {}
[2.312195] (-) TimerEvent: {}
[2.413396] (-) TimerEvent: {}
[2.514856] (-) TimerEvent: {}
[2.616559] (-) TimerEvent: {}
[2.624248] (drone_vision) Command: {'cmd': ['/usr/bin/python3', '-W', 'ignore:setup.py install is deprecated', '-W', 'ignore:easy_install command is deprecated', 'setup.py', 'egg_info', '--egg-base', '../../build/drone_vision', 'build', '--build-base', '/home/orangepi/Multitask-Drone/build/drone_vision/build', 'install', '--record', '/home/orangepi/Multitask-Drone/build/drone_vision/install.log', '--single-version-externally-managed', 'install_data'], 'cwd': '/home/orangepi/Multitask-Drone/src/drone_vision', 'env': {'LESSOPEN': '| /usr/bin/lesspipe %s', 'UMS_MOUNTPOINT': '/mnt/ums', 'GST_V4L2_PREFERRED_FOURCC': 'NV12:YU12:NV16:YUY2', 'no_proxy': 'localhost, 127.0.0.1', 'LANGUAGE': 'en_US.UTF-8', 'USER': 'orangepi', 'SSH_CLIENT': '192.168.137.1 37071 22', 'XDG_SESSION_TYPE': 'tty', 'GIT_ASKPASS': '/home/orangepi/.vscode-server/cli/servers/Stable-fabdb6a30b49f79a7aba0f2ad9df9b399473380f/server/extensions/git/dist/askpass.sh', 'SHLVL': '2', 'USB_FUNCS': 'adb', 'LD_LIBRARY_PATH': '/home/orangepi/Multitask-Drone/install/drone_interfaces/lib:/opt/ros/humble/opt/rviz_ogre_vendor/lib:/opt/ros/humble/lib/aarch64-linux-gnu:/opt/ros/humble/lib', 'BROWSER': '/home/orangepi/.vscode-server/cli/servers/Stable-fabdb6a30b49f79a7aba0f2ad9df9b399473380f/server/bin/helpers/browser.sh', 'MOTD_SHOWN': 'pam', 'HOME': '/home/orangepi', 'OLDPWD': '/home/orangepi', 'TERM_PROGRAM_VERSION': '1.96.2', 'VSCODE_IPC_HOOK_CLI': '/run/user/1000/vscode-ipc-3fdf4e28-c376-4648-b179-39384abbc558.sock', 'GST_INSPECT_NO_COLORS': '1', 'GST_MPP_NO_RGA': '1', 'ROS_PYTHON_VERSION': '3', 'COGL_DRIVER': 'gles2', 'VSCODE_GIT_ASKPASS_MAIN': '/home/orangepi/.vscode-server/cli/servers/Stable-fabdb6a30b49f79a7aba0f2ad9df9b399473380f/server/extensions/git/dist/askpass-main.js', 'VSCODE_GIT_ASKPASS_NODE': '/home/orangepi/.vscode-server/cli/servers/Stable-fabdb6a30b49f79a7aba0f2ad9df9b399473380f/server/node', 'SSL_CERT_FILE': '/usr/lib/ssl/certs/ca-certificates.crt', 'DBUS_SESSION_BUS_ADDRESS': 'unix:path=/run/user/1000/bus', 'COLORTERM': 'truecolor', 'https_proxy': 'http://192.168.137.1:5555', 'GST_V4L2SRC_MAX_RESOLUTION': '3840x2160', 'ROS_DISTRO': 'humble', 'LOGNAME': 'orangepi', 'http_proxy': 'http://192.168.137.1:5555', '_': '/usr/bin/colcon', 'ROS_VERSION': '2', 'XDG_SESSION_CLASS': 'user', 'TERM': 'xterm-256color', 'GST_GL_API': 'gles2', 'XDG_SESSION_ID': '5', 'GST_VIDEO_CONVERT_PREFERRED_FORMAT': 'NV12:NV16:I420:YUY2', 'GST_V4L2SRC_RK_DEVICES': '_mainpath:_selfpath:_bypass:_scale', 'ROS_LOCALHOST_ONLY': '0', 'PATH': '/home/orangepi/.vscode-server/cli/servers/Stable-fabdb6a30b49f79a7aba0f2ad9df9b399473380f/server/bin/remote-cli:/home/orangepi/.local/bin:/opt/ros/humble/bin:/usr/local/sbin:/usr/local/bin:/usr/sbin:/usr/bin:/sbin:/bin:/usr/games:/usr/local/games:/snap/bin', 'XDG_RUNTIME_DIR': '/run/user/1000', 'GST_GL_PLATFORM': 'egl', 'GST_DEBUG_NO_COLOR': '1', 'SSL_CERT_DIR': '/usr/lib/ssl/certs', 'GST_V4L2SRC_DEFAULT_DEVICE': '/dev/video-camera0', 'DISPLAY': ':0', 'LANG': 'en_US.UTF-8', 'LS_COLORS': 'rs=0:di=01;34:ln=01;36:mh=00:pi=40;33:so=01;35:do=01;35:bd=40;33;01:cd=40;33;01:or=40;31;01:mi=00:su=37;41:sg=30;43:ca=30;41:tw=30;42:ow=34;42:st=37;44:ex=01;32:*.tar=01;31:*.tgz=01;31:*.arc=01;31:*.arj=01;31:*.taz=01;31:*.lha=01;31:*.lz4=01;31:*.lzh=01;31:*.lzma=01;31:*.tlz=01;31:*.txz=01;31:*.tzo=01;31:*.t7z=01;31:*.zip=01;31:*.z=01;31:*.dz=01;31:*.gz=01;31:*.lrz=01;31:*.lz=01;31:*.lzo=01;31:*.xz=01;31:*.zst=01;31:*.tzst=01;31:*.bz2=01;31:*.bz=01;31:*.tbz=01;31:*.tbz2=01;31:*.tz=01;31:*.deb=01;31:*.rpm=01;31:*.jar=01;31:*.war=01;31:*.ear=01;31:*.sar=01;31:*.rar=01;31:*.alz=01;31:*.ace=01;31:*.zoo=01;31:*.cpio=01;31:*.7z=01;31:*.rz=01;31:*.cab=01;31:*.wim=01;31:*.swm=01;31:*.dwm=01;31:*.esd=01;31:*.jpg=01;35:*.jpeg=01;35:*.mjpg=01;35:*.mjpeg=01;35:*.gif=01;35:*.bmp=01;35:*.pbm=01;35:*.pgm=01;35:*.ppm=01;35:*.tga=01;35:*.xbm=01;35:*.xpm=01;35:*.tif=01;35:*.tiff=01;35:*.png=01;35:*.svg=01;35:*.svgz=01;35:*.mng=01;35:*.pcx=01;35:*.mov=01;35:*.mpg=01;35:*.mpeg=01;35:*.m2v=01;35:*.mkv=01;35:*.webm=01;35:*.webp=01;35:*.ogm=01;35:*.mp4=01;35:*.m4v=01;35:*.mp4v=01;35:*.vob=01;35:*.qt=01;35:*.nuv=01;35:*.wmv=01;35:*.asf=01;35:*.rm=01;35:*.rmvb=01;35:*.flc=01;35:*.avi=01;35:*.fli=01;35:*.flv=01;35:*.gl=01;35:*.dl=01;35:*.xcf=01;35:*.xwd=01;35:*.yuv=01;35:*.cgm=01;35:*.emf=01;35:*.ogv=01;35:*.ogx=01;35:*.aac=00;36:*.au=00;36:*.flac=00;36:*.m4a=00;36:*.mid=00;36:*.midi=00;36:*.mka=00;36:*.mp3=00;36:*.mpc=00;36:*.ogg=00;36:*.ra=00;36:*.wav=00;36:*.oga=00;36:*.opus=00;36:*.spx=00;36:*.xspf=00;36:', 'VSCODE_GIT_IPC_HANDLE': '/run/user/1000/vscode-git-d88bdced48.sock', 'TERM_PROGRAM': 'vscode', 'GST_V4L2_USE_LIBV4L2': '1', 'UMS_SIZE': '256M', 'AMENT_PREFIX_PATH': '/home/orangepi/Multitask-Drone/install/drone_interfaces:/opt/ros/humble', 'LC_MESSAGES': 'en_US.UTF-8', 'SHELL': '/bin/bash', 'UMS_RO': '0', 'LESSCLOSE': '/usr/bin/lesspipe %s %s', 'UMS_FSTYPE': 'vfat', 'VSCODE_GIT_ASKPASS_EXTRA_ARGS': '', 'PWD': '/home/orangepi/Multitask-Drone/build/drone_vision', 'LC_ALL': 'en_US.UTF-8', 'SSH_CONNECTION': '192.168.137.1 37071 192.168.137.2 22', 'PYTHONPATH': '/home/orangepi/Multitask-Drone/build/drone_vision/prefix_override:/usr/lib/python3/dist-packages/colcon_core/task/python/colcon_distutils_commands:/home/orangepi/Multitask-Drone/install/drone_vision/lib/python3.10/site-packages:/home/orangepi/Multitask-Drone/install/drone_interfaces/local/lib/python3.10/dist-packages:/opt/ros/humble/lib/python3.10/site-packages:/opt/ros/humble/local/lib/python3.10/dist-packages', 'UMS_MOUNT': '0', 'COLCON': '1', 'UMS_FILE': '/userdata/ums_shared.img', 'CMAKE_PREFIX_PATH': '/home/orangepi/Multitask-Drone/install/drone_interfaces'}, 'shell': False}
[2.637522] (drone_controller) Command: {'cmd': ['/usr/bin/python3', '-W', 'ignore:setup.py install is deprecated', '-W', 'ignore:easy_install command is deprecated', 'setup.py', 'egg_info', '--egg-base', '../../build/drone_controller', 'build', '--build-base', '/home/orangepi/Multitask-Drone/build/drone_controller/build', 'install', '--record', '/home/orangepi/Multitask-Drone/build/drone_controller/install.log', '--single-version-externally-managed', 'install_data'], 'cwd': '/home/orangepi/Multitask-Drone/src/drone_controller', 'env': {'LESSOPEN': '| /usr/bin/lesspipe %s', 'UMS_MOUNTPOINT': '/mnt/ums', 'GST_V4L2_PREFERRED_FOURCC': 'NV12:YU12:NV16:YUY2', 'no_proxy': 'localhost, 127.0.0.1', 'LANGUAGE': 'en_US.UTF-8', 'USER': 'orangepi', 'SSH_CLIENT': '192.168.137.1 37071 22', 'XDG_SESSION_TYPE': 'tty', 'GIT_ASKPASS': '/home/orangepi/.vscode-server/cli/servers/Stable-fabdb6a30b49f79a7aba0f2ad9df9b399473380f/server/extensions/git/dist/askpass.sh', 'SHLVL': '2', 'USB_FUNCS': 'adb', 'LD_LIBRARY_PATH': '/home/orangepi/Multitask-Drone/install/drone_interfaces/lib:/opt/ros/humble/opt/rviz_ogre_vendor/lib:/opt/ros/humble/lib/aarch64-linux-gnu:/opt/ros/humble/lib', 'BROWSER': '/home/orangepi/.vscode-server/cli/servers/Stable-fabdb6a30b49f79a7aba0f2ad9df9b399473380f/server/bin/helpers/browser.sh', 'MOTD_SHOWN': 'pam', 'HOME': '/home/orangepi', 'OLDPWD': '/home/orangepi', 'TERM_PROGRAM_VERSION': '1.96.2', 'VSCODE_IPC_HOOK_CLI': '/run/user/1000/vscode-ipc-3fdf4e28-c376-4648-b179-39384abbc558.sock', 'GST_INSPECT_NO_COLORS': '1', 'GST_MPP_NO_RGA': '1', 'ROS_PYTHON_VERSION': '3', 'COGL_DRIVER': 'gles2', 'VSCODE_GIT_ASKPASS_MAIN': '/home/orangepi/.vscode-server/cli/servers/Stable-fabdb6a30b49f79a7aba0f2ad9df9b399473380f/server/extensions/git/dist/askpass-main.js', 'VSCODE_GIT_ASKPASS_NODE': '/home/orangepi/.vscode-server/cli/servers/Stable-fabdb6a30b49f79a7aba0f2ad9df9b399473380f/server/node', 'SSL_CERT_FILE': '/usr/lib/ssl/certs/ca-certificates.crt', 'DBUS_SESSION_BUS_ADDRESS': 'unix:path=/run/user/1000/bus', 'COLORTERM': 'truecolor', 'https_proxy': 'http://192.168.137.1:5555', 'GST_V4L2SRC_MAX_RESOLUTION': '3840x2160', 'ROS_DISTRO': 'humble', 'LOGNAME': 'orangepi', 'http_proxy': 'http://192.168.137.1:5555', '_': '/usr/bin/colcon', 'ROS_VERSION': '2', 'XDG_SESSION_CLASS': 'user', 'TERM': 'xterm-256color', 'GST_GL_API': 'gles2', 'XDG_SESSION_ID': '5', 'GST_VIDEO_CONVERT_PREFERRED_FORMAT': 'NV12:NV16:I420:YUY2', 'GST_V4L2SRC_RK_DEVICES': '_mainpath:_selfpath:_bypass:_scale', 'ROS_LOCALHOST_ONLY': '0', 'PATH': '/home/orangepi/.vscode-server/cli/servers/Stable-fabdb6a30b49f79a7aba0f2ad9df9b399473380f/server/bin/remote-cli:/home/orangepi/.local/bin:/opt/ros/humble/bin:/usr/local/sbin:/usr/local/bin:/usr/sbin:/usr/bin:/sbin:/bin:/usr/games:/usr/local/games:/snap/bin', 'XDG_RUNTIME_DIR': '/run/user/1000', 'GST_GL_PLATFORM': 'egl', 'GST_DEBUG_NO_COLOR': '1', 'SSL_CERT_DIR': '/usr/lib/ssl/certs', 'GST_V4L2SRC_DEFAULT_DEVICE': '/dev/video-camera0', 'DISPLAY': ':0', 'LANG': 'en_US.UTF-8', 'LS_COLORS': 'rs=0:di=01;34:ln=01;36:mh=00:pi=40;33:so=01;35:do=01;35:bd=40;33;01:cd=40;33;01:or=40;31;01:mi=00:su=37;41:sg=30;43:ca=30;41:tw=30;42:ow=34;42:st=37;44:ex=01;32:*.tar=01;31:*.tgz=01;31:*.arc=01;31:*.arj=01;31:*.taz=01;31:*.lha=01;31:*.lz4=01;31:*.lzh=01;31:*.lzma=01;31:*.tlz=01;31:*.txz=01;31:*.tzo=01;31:*.t7z=01;31:*.zip=01;31:*.z=01;31:*.dz=01;31:*.gz=01;31:*.lrz=01;31:*.lz=01;31:*.lzo=01;31:*.xz=01;31:*.zst=01;31:*.tzst=01;31:*.bz2=01;31:*.bz=01;31:*.tbz=01;31:*.tbz2=01;31:*.tz=01;31:*.deb=01;31:*.rpm=01;31:*.jar=01;31:*.war=01;31:*.ear=01;31:*.sar=01;31:*.rar=01;31:*.alz=01;31:*.ace=01;31:*.zoo=01;31:*.cpio=01;31:*.7z=01;31:*.rz=01;31:*.cab=01;31:*.wim=01;31:*.swm=01;31:*.dwm=01;31:*.esd=01;31:*.jpg=01;35:*.jpeg=01;35:*.mjpg=01;35:*.mjpeg=01;35:*.gif=01;35:*.bmp=01;35:*.pbm=01;35:*.pgm=01;35:*.ppm=01;35:*.tga=01;35:*.xbm=01;35:*.xpm=01;35:*.tif=01;35:*.tiff=01;35:*.png=01;35:*.svg=01;35:*.svgz=01;35:*.mng=01;35:*.pcx=01;35:*.mov=01;35:*.mpg=01;35:*.mpeg=01;35:*.m2v=01;35:*.mkv=01;35:*.webm=01;35:*.webp=01;35:*.ogm=01;35:*.mp4=01;35:*.m4v=01;35:*.mp4v=01;35:*.vob=01;35:*.qt=01;35:*.nuv=01;35:*.wmv=01;35:*.asf=01;35:*.rm=01;35:*.rmvb=01;35:*.flc=01;35:*.avi=01;35:*.fli=01;35:*.flv=01;35:*.gl=01;35:*.dl=01;35:*.xcf=01;35:*.xwd=01;35:*.yuv=01;35:*.cgm=01;35:*.emf=01;35:*.ogv=01;35:*.ogx=01;35:*.aac=00;36:*.au=00;36:*.flac=00;36:*.m4a=00;36:*.mid=00;36:*.midi=00;36:*.mka=00;36:*.mp3=00;36:*.mpc=00;36:*.ogg=00;36:*.ra=00;36:*.wav=00;36:*.oga=00;36:*.opus=00;36:*.spx=00;36:*.xspf=00;36:', 'VSCODE_GIT_IPC_HANDLE': '/run/user/1000/vscode-git-d88bdced48.sock', 'TERM_PROGRAM': 'vscode', 'GST_V4L2_USE_LIBV4L2': '1', 'UMS_SIZE': '256M', 'AMENT_PREFIX_PATH': '/home/orangepi/Multitask-Drone/install/drone_interfaces:/opt/ros/humble', 'LC_MESSAGES': 'en_US.UTF-8', 'SHELL': '/bin/bash', 'UMS_RO': '0', 'LESSCLOSE': '/usr/bin/lesspipe %s %s', 'UMS_FSTYPE': 'vfat', 'VSCODE_GIT_ASKPASS_EXTRA_ARGS': '', 'PWD': '/home/orangepi/Multitask-Drone/build/drone_controller', 'LC_ALL': 'en_US.UTF-8', 'SSH_CONNECTION': '192.168.137.1 37071 192.168.137.2 22', 'PYTHONPATH': '/home/orangepi/Multitask-Drone/build/drone_controller/prefix_override:/usr/lib/python3/dist-packages/colcon_core/task/python/colcon_distutils_commands:/home/orangepi/Multitask-Drone/install/drone_controller/lib/python3.10/site-packages:/home/orangepi/Multitask-Drone/install/drone_interfaces/local/lib/python3.10/dist-packages:/opt/ros/humble/lib/python3.10/site-packages:/opt/ros/humble/local/lib/python3.10/dist-packages', 'UMS_MOUNT': '0', 'COLCON': '1', 'UMS_FILE': '/userdata/ums_shared.img', 'CMAKE_PREFIX_PATH': '/home/orangepi/Multitask-Drone/install/drone_interfaces'}, 'shell': False}
[2.716808] (-) TimerEvent: {}
[2.818210] (-) TimerEvent: {}
[2.919412] (-) TimerEvent: {}
[2.959713] (drone_vision) StdoutLine: {'line': b'running egg_info\n'}
[2.961238] (drone_vision) StdoutLine: {'line': b'writing ../../build/drone_vision/drone_vision.egg-info/PKG-INFO\n'}
[2.962349] (drone_vision) StdoutLine: {'line': b'writing dependency_links to ../../build/drone_vision/drone_vision.egg-info/dependency_links.txt\n'}
[2.962945] (drone_vision) StdoutLine: {'line': b'writing entry points to ../../build/drone_vision/drone_vision.egg-info/entry_points.txt\n'}
[2.963458] (drone_vision) StdoutLine: {'line': b'writing requirements to ../../build/drone_vision/drone_vision.egg-info/requires.txt\n'}
[2.963913] (drone_vision) StdoutLine: {'line': b'writing top-level names to ../../build/drone_vision/drone_vision.egg-info/top_level.txt\n'}
[2.966267] (drone_vision) StdoutLine: {'line': b"reading manifest file '../../build/drone_vision/drone_vision.egg-info/SOURCES.txt'\n"}
[2.966955] (drone_vision) StdoutLine: {'line': b"adding license file 'LICENSE'\n"}
[2.967548] (drone_vision) StdoutLine: {'line': b"writing manifest file '../../build/drone_vision/drone_vision.egg-info/SOURCES.txt'\n"}
[2.968114] (drone_vision) StdoutLine: {'line': b'running build\n'}
[2.968533] (drone_vision) StdoutLine: {'line': b'running build_py\n'}
[2.969081] (drone_vision) StdoutLine: {'line': b'running install\n'}
[2.969545] (drone_vision) StdoutLine: {'line': b'running install_lib\n'}
[2.971908] (drone_vision) StdoutLine: {'line': b'running install_data\n'}
[2.972428] (drone_vision) StdoutLine: {'line': b'running install_egg_info\n'}
[2.975454] (drone_vision) StdoutLine: {'line': b"removing '/home/orangepi/Multitask-Drone/install/drone_vision/lib/python3.10/site-packages/drone_vision-0.0.0-py3.10.egg-info' (and everything under it)\n"}
[2.976333] (drone_vision) StdoutLine: {'line': b'Copying ../../build/drone_vision/drone_vision.egg-info to /home/orangepi/Multitask-Drone/install/drone_vision/lib/python3.10/site-packages/drone_vision-0.0.0-py3.10.egg-info\n'}
[2.977028] (drone_vision) StdoutLine: {'line': b'running install_scripts\n'}
[3.014215] (drone_vision) StdoutLine: {'line': b'Installing object_detector script to /home/orangepi/Multitask-Drone/install/drone_vision/lib/drone_vision\n'}
[3.015373] (drone_vision) StdoutLine: {'line': b"writing list of installed files to '/home/orangepi/Multitask-Drone/build/drone_vision/install.log'\n"}
[3.017234] (drone_controller) StdoutLine: {'line': b'running egg_info\n'}
[3.018961] (drone_controller) StdoutLine: {'line': b'writing ../../build/drone_controller/drone_controller.egg-info/PKG-INFO\n'}
[3.019439] (-) TimerEvent: {}
[3.019880] (drone_controller) StdoutLine: {'line': b'writing dependency_links to ../../build/drone_controller/drone_controller.egg-info/dependency_links.txt\n'}
[3.020870] (drone_controller) StdoutLine: {'line': b'writing entry points to ../../build/drone_controller/drone_controller.egg-info/entry_points.txt\n'}
[3.021136] (drone_controller) StdoutLine: {'line': b'writing requirements to ../../build/drone_controller/drone_controller.egg-info/requires.txt\n'}
[3.021329] (drone_controller) StdoutLine: {'line': b'writing top-level names to ../../build/drone_controller/drone_controller.egg-info/top_level.txt\n'}
[3.026828] (drone_controller) StdoutLine: {'line': b"reading manifest file '../../build/drone_controller/drone_controller.egg-info/SOURCES.txt'\n"}
[3.027277] (drone_controller) StdoutLine: {'line': b"adding license file 'LICENSE'\n"}
[3.028696] (drone_controller) StdoutLine: {'line': b"writing manifest file '../../build/drone_controller/drone_controller.egg-info/SOURCES.txt'\n"}
[3.028984] (drone_controller) StdoutLine: {'line': b'running build\n'}
[3.029107] (drone_controller) StdoutLine: {'line': b'running build_py\n'}
[3.029557] (drone_controller) StdoutLine: {'line': b'copying drone_controller/drone_controller.py -> /home/orangepi/Multitask-Drone/build/drone_controller/build/lib/drone_controller\n'}
[3.031250] (drone_controller) StdoutLine: {'line': b'running install\n'}
[3.032113] (drone_controller) StdoutLine: {'line': b'running install_lib\n'}
[3.034215] (drone_controller) StdoutLine: {'line': b'copying /home/orangepi/Multitask-Drone/build/drone_controller/build/lib/drone_controller/drone_controller.py -> /home/orangepi/Multitask-Drone/install/drone_controller/lib/python3.10/site-packages/drone_controller\n'}
[3.035987] (drone_controller) StdoutLine: {'line': b'byte-compiling /home/orangepi/Multitask-Drone/install/drone_controller/lib/python3.10/site-packages/drone_controller/drone_controller.py to drone_controller.cpython-310.pyc\n'}
[3.039878] (drone_controller) StdoutLine: {'line': b'running install_data\n'}
[3.040136] (drone_controller) StdoutLine: {'line': b'running install_egg_info\n'}
[3.044274] (drone_controller) StdoutLine: {'line': b"removing '/home/orangepi/Multitask-Drone/install/drone_controller/lib/python3.10/site-packages/drone_controller-0.0.0-py3.10.egg-info' (and everything under it)\n"}
[3.044849] (drone_controller) StdoutLine: {'line': b'Copying ../../build/drone_controller/drone_controller.egg-info to /home/orangepi/Multitask-Drone/install/drone_controller/lib/python3.10/site-packages/drone_controller-0.0.0-py3.10.egg-info\n'}
[3.046377] (drone_controller) StdoutLine: {'line': b'running install_scripts\n'}
[3.090758] (drone_controller) StdoutLine: {'line': b'Installing drone_controller script to /home/orangepi/Multitask-Drone/install/drone_controller/lib/drone_controller\n'}
[3.091297] (drone_controller) StdoutLine: {'line': b'Installing task_executor script to /home/orangepi/Multitask-Drone/install/drone_controller/lib/drone_controller\n'}
[3.091738] (drone_controller) StdoutLine: {'line': b'Installing waypoint_handler script to /home/orangepi/Multitask-Drone/install/drone_controller/lib/drone_controller\n'}
[3.092131] (drone_controller) StdoutLine: {'line': b'Installing yiku_test script to /home/orangepi/Multitask-Drone/install/drone_controller/lib/drone_controller\n'}
[3.093053] (drone_controller) StdoutLine: {'line': b"writing list of installed files to '/home/orangepi/Multitask-Drone/build/drone_controller/install.log'\n"}
[3.119595] (-) TimerEvent: {}
[3.126332] (drone_vision) CommandEnded: {'returncode': 0}
[3.175070] (drone_vision) JobEnded: {'identifier': 'drone_vision', 'rc': 0}
[3.193592] (drone_controller) CommandEnded: {'returncode': 0}
[3.220176] (-) TimerEvent: {}
[3.224725] (drone_controller) JobEnded: {'identifier': 'drone_controller', 'rc': 0}
[3.231481] (-) EventReactorShutdown: {}
