[0.000000] (-) TimerEvent: {}
[0.000574] (drone_interfaces) JobQueued: {'identifier': 'drone_interfaces', 'dependencies': OrderedDict()}
[0.000797] (drone_monitor) JobQueued: {'identifier': 'drone_monitor', 'dependencies': OrderedDict()}
[0.000986] (drone_controller) JobQueued: {'identifier': 'drone_controller', 'dependencies': OrderedDict([('drone_interfaces', '/home/orangepi/Multitask-Drone/install/drone_interfaces')])}
[0.001053] (drone_vision) JobQueued: {'identifier': 'drone_vision', 'dependencies': OrderedDict([('drone_interfaces', '/home/orangepi/Multitask-Drone/install/drone_interfaces')])}
[0.001105] (drone_interfaces) JobStarted: {'identifier': 'drone_interfaces'}
[0.008477] (drone_monitor) JobStarted: {'identifier': 'drone_monitor'}
[0.018255] (drone_interfaces) JobProgress: {'identifier': 'drone_interfaces', 'progress': 'cmake'}
[0.019516] (drone_interfaces) JobProgress: {'identifier': 'drone_interfaces', 'progress': 'build'}
[0.021427] (drone_interfaces) Command: {'cmd': ['/usr/bin/cmake', '--build', '/home/orangepi/Multitask-Drone/build/drone_interfaces', '--', '-j8', '-l8'], 'cwd': '/home/orangepi/Multitask-Drone/build/drone_interfaces', 'env': OrderedDict([('LESSOPEN', '| /usr/bin/lesspipe %s'), ('UMS_MOUNTPOINT', '/mnt/ums'), ('GST_V4L2_PREFERRED_FOURCC', 'NV12:YU12:NV16:YUY2'), ('LANGUAGE', 'en_US.UTF-8'), ('USER', 'orangepi'), ('SSH_CLIENT', '192.168.137.1 64586 22'), ('XDG_SESSION_TYPE', 'tty'), ('GIT_ASKPASS', '/home/orangepi/.vscode-server/cli/servers/Stable-fabdb6a30b49f79a7aba0f2ad9df9b399473380f/server/extensions/git/dist/askpass.sh'), ('SHLVL', '2'), ('USB_FUNCS', 'adb'), ('LD_LIBRARY_PATH', '/opt/ros/humble/opt/rviz_ogre_vendor/lib:/opt/ros/humble/lib/aarch64-linux-gnu:/opt/ros/humble/lib'), ('BROWSER', '/home/orangepi/.vscode-server/cli/servers/Stable-fabdb6a30b49f79a7aba0f2ad9df9b399473380f/server/bin/helpers/browser.sh'), ('MOTD_SHOWN', 'pam'), ('HOME', '/home/orangepi'), ('OLDPWD', '/home/orangepi'), ('TERM_PROGRAM_VERSION', '1.96.2'), ('VSCODE_IPC_HOOK_CLI', '/run/user/1000/vscode-ipc-a4612af7-1b13-455e-8ff0-2e80a99a34ba.sock'), ('GST_INSPECT_NO_COLORS', '1'), ('GST_MPP_NO_RGA', '1'), ('ROS_PYTHON_VERSION', '3'), ('COGL_DRIVER', 'gles2'), ('VSCODE_GIT_ASKPASS_MAIN', '/home/orangepi/.vscode-server/cli/servers/Stable-fabdb6a30b49f79a7aba0f2ad9df9b399473380f/server/extensions/git/dist/askpass-main.js'), ('VSCODE_GIT_ASKPASS_NODE', '/home/orangepi/.vscode-server/cli/servers/Stable-fabdb6a30b49f79a7aba0f2ad9df9b399473380f/server/node'), ('SSL_CERT_FILE', '/usr/lib/ssl/certs/ca-certificates.crt'), ('DBUS_SESSION_BUS_ADDRESS', 'unix:path=/run/user/1000/bus'), ('COLORTERM', 'truecolor'), ('GST_V4L2SRC_MAX_RESOLUTION', '3840x2160'), ('ROS_DISTRO', 'humble'), ('LOGNAME', 'orangepi'), ('_', '/usr/bin/colcon'), ('ROS_VERSION', '2'), ('XDG_SESSION_CLASS', 'user'), ('TERM', 'xterm-256color'), ('GST_GL_API', 'gles2'), ('XDG_SESSION_ID', '5'), ('GST_VIDEO_CONVERT_PREFERRED_FORMAT', 'NV12:NV16:I420:YUY2'), ('GST_V4L2SRC_RK_DEVICES', '_mainpath:_selfpath:_bypass:_scale'), ('ROS_LOCALHOST_ONLY', '0'), ('PATH', '/home/orangepi/.vscode-server/cli/servers/Stable-fabdb6a30b49f79a7aba0f2ad9df9b399473380f/server/bin/remote-cli:/home/orangepi/.local/bin:/opt/ros/humble/bin:/usr/local/sbin:/usr/local/bin:/usr/sbin:/usr/bin:/sbin:/bin:/usr/games:/usr/local/games:/snap/bin'), ('XDG_RUNTIME_DIR', '/run/user/1000'), ('GST_GL_PLATFORM', 'egl'), ('GST_DEBUG_NO_COLOR', '1'), ('SSL_CERT_DIR', '/usr/lib/ssl/certs'), ('GST_V4L2SRC_DEFAULT_DEVICE', '/dev/video-camera0'), ('DISPLAY', ':0'), ('LANG', 'en_US.UTF-8'), ('LS_COLORS', 'rs=0:di=01;34:ln=01;36:mh=00:pi=40;33:so=01;35:do=01;35:bd=40;33;01:cd=40;33;01:or=40;31;01:mi=00:su=37;41:sg=30;43:ca=30;41:tw=30;42:ow=34;42:st=37;44:ex=01;32:*.tar=01;31:*.tgz=01;31:*.arc=01;31:*.arj=01;31:*.taz=01;31:*.lha=01;31:*.lz4=01;31:*.lzh=01;31:*.lzma=01;31:*.tlz=01;31:*.txz=01;31:*.tzo=01;31:*.t7z=01;31:*.zip=01;31:*.z=01;31:*.dz=01;31:*.gz=01;31:*.lrz=01;31:*.lz=01;31:*.lzo=01;31:*.xz=01;31:*.zst=01;31:*.tzst=01;31:*.bz2=01;31:*.bz=01;31:*.tbz=01;31:*.tbz2=01;31:*.tz=01;31:*.deb=01;31:*.rpm=01;31:*.jar=01;31:*.war=01;31:*.ear=01;31:*.sar=01;31:*.rar=01;31:*.alz=01;31:*.ace=01;31:*.zoo=01;31:*.cpio=01;31:*.7z=01;31:*.rz=01;31:*.cab=01;31:*.wim=01;31:*.swm=01;31:*.dwm=01;31:*.esd=01;31:*.jpg=01;35:*.jpeg=01;35:*.mjpg=01;35:*.mjpeg=01;35:*.gif=01;35:*.bmp=01;35:*.pbm=01;35:*.pgm=01;35:*.ppm=01;35:*.tga=01;35:*.xbm=01;35:*.xpm=01;35:*.tif=01;35:*.tiff=01;35:*.png=01;35:*.svg=01;35:*.svgz=01;35:*.mng=01;35:*.pcx=01;35:*.mov=01;35:*.mpg=01;35:*.mpeg=01;35:*.m2v=01;35:*.mkv=01;35:*.webm=01;35:*.webp=01;35:*.ogm=01;35:*.mp4=01;35:*.m4v=01;35:*.mp4v=01;35:*.vob=01;35:*.qt=01;35:*.nuv=01;35:*.wmv=01;35:*.asf=01;35:*.rm=01;35:*.rmvb=01;35:*.flc=01;35:*.avi=01;35:*.fli=01;35:*.flv=01;35:*.gl=01;35:*.dl=01;35:*.xcf=01;35:*.xwd=01;35:*.yuv=01;35:*.cgm=01;35:*.emf=01;35:*.ogv=01;35:*.ogx=01;35:*.aac=00;36:*.au=00;36:*.flac=00;36:*.m4a=00;36:*.mid=00;36:*.midi=00;36:*.mka=00;36:*.mp3=00;36:*.mpc=00;36:*.ogg=00;36:*.ra=00;36:*.wav=00;36:*.oga=00;36:*.opus=00;36:*.spx=00;36:*.xspf=00;36:'), ('VSCODE_GIT_IPC_HANDLE', '/run/user/1000/vscode-git-d88bdced48.sock'), ('TERM_PROGRAM', 'vscode'), ('GST_V4L2_USE_LIBV4L2', '1'), ('UMS_SIZE', '256M'), ('AMENT_PREFIX_PATH', '/opt/ros/humble'), ('LC_MESSAGES', 'en_US.UTF-8'), ('SHELL', '/bin/bash'), ('UMS_RO', '0'), ('LESSCLOSE', '/usr/bin/lesspipe %s %s'), ('UMS_FSTYPE', 'vfat'), ('VSCODE_GIT_ASKPASS_EXTRA_ARGS', ''), ('PWD', '/home/orangepi/Multitask-Drone/build/drone_interfaces'), ('LC_ALL', 'en_US.UTF-8'), ('SSH_CONNECTION', '192.168.137.1 64586 192.168.137.2 22'), ('PYTHONPATH', '/opt/ros/humble/lib/python3.10/site-packages:/opt/ros/humble/local/lib/python3.10/dist-packages'), ('UMS_MOUNT', '0'), ('COLCON', '1'), ('UMS_FILE', '/userdata/ums_shared.img'), ('CMAKE_PREFIX_PATH', '/opt/ros/humble')]), 'shell': False}
[0.099475] (-) TimerEvent: {}
[0.200150] (-) TimerEvent: {}
[0.206537] (drone_interfaces) StdoutLine: {'line': b'[ 11%] Built target drone_interfaces__rosidl_generator_c\n'}
[0.220753] (drone_interfaces) StdoutLine: {'line': b'[ 12%] Built target drone_interfaces__cpp\n'}
[0.250063] (drone_interfaces) StdoutLine: {'line': b'[ 12%] Built target ament_cmake_python_copy_drone_interfaces\n'}
[0.271994] (drone_interfaces) StdoutLine: {'line': b'[ 24%] Built target drone_interfaces__rosidl_typesupport_c\n'}
[0.279810] (drone_interfaces) StdoutLine: {'line': b'[ 35%] Built target drone_interfaces__rosidl_typesupport_introspection_cpp\n'}
[0.296761] (drone_interfaces) StdoutLine: {'line': b'[ 47%] Built target drone_interfaces__rosidl_typesupport_introspection_c\n'}
[0.300306] (-) TimerEvent: {}
[0.321270] (drone_interfaces) StdoutLine: {'line': b'[ 58%] Built target drone_interfaces__rosidl_typesupport_cpp\n'}
[0.338732] (drone_interfaces) StdoutLine: {'line': b'[ 70%] Built target drone_interfaces__rosidl_typesupport_fastrtps_c\n'}
[0.351676] (drone_interfaces) StdoutLine: {'line': b'[ 82%] Built target drone_interfaces__rosidl_typesupport_fastrtps_cpp\n'}
[0.400779] (-) TimerEvent: {}
[0.431820] (drone_interfaces) StdoutLine: {'line': b'[ 82%] Built target drone_interfaces\n'}
[0.501003] (-) TimerEvent: {}
[0.521732] (drone_interfaces) StdoutLine: {'line': b'[ 83%] Built target drone_interfaces__py\n'}
[0.601323] (-) TimerEvent: {}
[0.614933] (drone_interfaces) StdoutLine: {'line': b'running egg_info\n'}
[0.616675] (drone_interfaces) StdoutLine: {'line': b'writing drone_interfaces.egg-info/PKG-INFO\n'}
[0.617652] (drone_interfaces) StdoutLine: {'line': b'writing dependency_links to drone_interfaces.egg-info/dependency_links.txt\n'}
[0.618251] (drone_interfaces) StdoutLine: {'line': b'writing top-level names to drone_interfaces.egg-info/top_level.txt\n'}
[0.622465] (drone_interfaces) StdoutLine: {'line': b"reading manifest file 'drone_interfaces.egg-info/SOURCES.txt'\n"}
[0.623435] (drone_interfaces) StdoutLine: {'line': b"writing manifest file 'drone_interfaces.egg-info/SOURCES.txt'\n"}
[0.633273] (drone_interfaces) StdoutLine: {'line': b'[ 93%] Built target drone_interfaces__rosidl_generator_py\n'}
[0.701602] (-) TimerEvent: {}
[0.713854] (drone_interfaces) StdoutLine: {'line': b'[ 95%] Built target drone_interfaces__rosidl_typesupport_c__pyext\n'}
[0.715621] (drone_interfaces) StdoutLine: {'line': b'[ 97%] Built target drone_interfaces__rosidl_typesupport_introspection_c__pyext\n'}
[0.730894] (drone_interfaces) StdoutLine: {'line': b'[100%] Built target drone_interfaces__rosidl_typesupport_fastrtps_c__pyext\n'}
[0.746742] (drone_interfaces) StdoutLine: {'line': b'[100%] Built target ament_cmake_python_build_drone_interfaces_egg\n'}
[0.788048] (drone_interfaces) CommandEnded: {'returncode': 0}
[0.790816] (drone_interfaces) JobProgress: {'identifier': 'drone_interfaces', 'progress': 'install'}
[0.801783] (-) TimerEvent: {}
[0.808877] (drone_interfaces) Command: {'cmd': ['/usr/bin/cmake', '--install', '/home/orangepi/Multitask-Drone/build/drone_interfaces'], 'cwd': '/home/orangepi/Multitask-Drone/build/drone_interfaces', 'env': OrderedDict([('LESSOPEN', '| /usr/bin/lesspipe %s'), ('UMS_MOUNTPOINT', '/mnt/ums'), ('GST_V4L2_PREFERRED_FOURCC', 'NV12:YU12:NV16:YUY2'), ('LANGUAGE', 'en_US.UTF-8'), ('USER', 'orangepi'), ('SSH_CLIENT', '192.168.137.1 64586 22'), ('XDG_SESSION_TYPE', 'tty'), ('GIT_ASKPASS', '/home/orangepi/.vscode-server/cli/servers/Stable-fabdb6a30b49f79a7aba0f2ad9df9b399473380f/server/extensions/git/dist/askpass.sh'), ('SHLVL', '2'), ('USB_FUNCS', 'adb'), ('LD_LIBRARY_PATH', '/opt/ros/humble/opt/rviz_ogre_vendor/lib:/opt/ros/humble/lib/aarch64-linux-gnu:/opt/ros/humble/lib'), ('BROWSER', '/home/orangepi/.vscode-server/cli/servers/Stable-fabdb6a30b49f79a7aba0f2ad9df9b399473380f/server/bin/helpers/browser.sh'), ('MOTD_SHOWN', 'pam'), ('HOME', '/home/orangepi'), ('OLDPWD', '/home/orangepi'), ('TERM_PROGRAM_VERSION', '1.96.2'), ('VSCODE_IPC_HOOK_CLI', '/run/user/1000/vscode-ipc-a4612af7-1b13-455e-8ff0-2e80a99a34ba.sock'), ('GST_INSPECT_NO_COLORS', '1'), ('GST_MPP_NO_RGA', '1'), ('ROS_PYTHON_VERSION', '3'), ('COGL_DRIVER', 'gles2'), ('VSCODE_GIT_ASKPASS_MAIN', '/home/orangepi/.vscode-server/cli/servers/Stable-fabdb6a30b49f79a7aba0f2ad9df9b399473380f/server/extensions/git/dist/askpass-main.js'), ('VSCODE_GIT_ASKPASS_NODE', '/home/orangepi/.vscode-server/cli/servers/Stable-fabdb6a30b49f79a7aba0f2ad9df9b399473380f/server/node'), ('SSL_CERT_FILE', '/usr/lib/ssl/certs/ca-certificates.crt'), ('DBUS_SESSION_BUS_ADDRESS', 'unix:path=/run/user/1000/bus'), ('COLORTERM', 'truecolor'), ('GST_V4L2SRC_MAX_RESOLUTION', '3840x2160'), ('ROS_DISTRO', 'humble'), ('LOGNAME', 'orangepi'), ('_', '/usr/bin/colcon'), ('ROS_VERSION', '2'), ('XDG_SESSION_CLASS', 'user'), ('TERM', 'xterm-256color'), ('GST_GL_API', 'gles2'), ('XDG_SESSION_ID', '5'), ('GST_VIDEO_CONVERT_PREFERRED_FORMAT', 'NV12:NV16:I420:YUY2'), ('GST_V4L2SRC_RK_DEVICES', '_mainpath:_selfpath:_bypass:_scale'), ('ROS_LOCALHOST_ONLY', '0'), ('PATH', '/home/orangepi/.vscode-server/cli/servers/Stable-fabdb6a30b49f79a7aba0f2ad9df9b399473380f/server/bin/remote-cli:/home/orangepi/.local/bin:/opt/ros/humble/bin:/usr/local/sbin:/usr/local/bin:/usr/sbin:/usr/bin:/sbin:/bin:/usr/games:/usr/local/games:/snap/bin'), ('XDG_RUNTIME_DIR', '/run/user/1000'), ('GST_GL_PLATFORM', 'egl'), ('GST_DEBUG_NO_COLOR', '1'), ('SSL_CERT_DIR', '/usr/lib/ssl/certs'), ('GST_V4L2SRC_DEFAULT_DEVICE', '/dev/video-camera0'), ('DISPLAY', ':0'), ('LANG', 'en_US.UTF-8'), ('LS_COLORS', 'rs=0:di=01;34:ln=01;36:mh=00:pi=40;33:so=01;35:do=01;35:bd=40;33;01:cd=40;33;01:or=40;31;01:mi=00:su=37;41:sg=30;43:ca=30;41:tw=30;42:ow=34;42:st=37;44:ex=01;32:*.tar=01;31:*.tgz=01;31:*.arc=01;31:*.arj=01;31:*.taz=01;31:*.lha=01;31:*.lz4=01;31:*.lzh=01;31:*.lzma=01;31:*.tlz=01;31:*.txz=01;31:*.tzo=01;31:*.t7z=01;31:*.zip=01;31:*.z=01;31:*.dz=01;31:*.gz=01;31:*.lrz=01;31:*.lz=01;31:*.lzo=01;31:*.xz=01;31:*.zst=01;31:*.tzst=01;31:*.bz2=01;31:*.bz=01;31:*.tbz=01;31:*.tbz2=01;31:*.tz=01;31:*.deb=01;31:*.rpm=01;31:*.jar=01;31:*.war=01;31:*.ear=01;31:*.sar=01;31:*.rar=01;31:*.alz=01;31:*.ace=01;31:*.zoo=01;31:*.cpio=01;31:*.7z=01;31:*.rz=01;31:*.cab=01;31:*.wim=01;31:*.swm=01;31:*.dwm=01;31:*.esd=01;31:*.jpg=01;35:*.jpeg=01;35:*.mjpg=01;35:*.mjpeg=01;35:*.gif=01;35:*.bmp=01;35:*.pbm=01;35:*.pgm=01;35:*.ppm=01;35:*.tga=01;35:*.xbm=01;35:*.xpm=01;35:*.tif=01;35:*.tiff=01;35:*.png=01;35:*.svg=01;35:*.svgz=01;35:*.mng=01;35:*.pcx=01;35:*.mov=01;35:*.mpg=01;35:*.mpeg=01;35:*.m2v=01;35:*.mkv=01;35:*.webm=01;35:*.webp=01;35:*.ogm=01;35:*.mp4=01;35:*.m4v=01;35:*.mp4v=01;35:*.vob=01;35:*.qt=01;35:*.nuv=01;35:*.wmv=01;35:*.asf=01;35:*.rm=01;35:*.rmvb=01;35:*.flc=01;35:*.avi=01;35:*.fli=01;35:*.flv=01;35:*.gl=01;35:*.dl=01;35:*.xcf=01;35:*.xwd=01;35:*.yuv=01;35:*.cgm=01;35:*.emf=01;35:*.ogv=01;35:*.ogx=01;35:*.aac=00;36:*.au=00;36:*.flac=00;36:*.m4a=00;36:*.mid=00;36:*.midi=00;36:*.mka=00;36:*.mp3=00;36:*.mpc=00;36:*.ogg=00;36:*.ra=00;36:*.wav=00;36:*.oga=00;36:*.opus=00;36:*.spx=00;36:*.xspf=00;36:'), ('VSCODE_GIT_IPC_HANDLE', '/run/user/1000/vscode-git-d88bdced48.sock'), ('TERM_PROGRAM', 'vscode'), ('GST_V4L2_USE_LIBV4L2', '1'), ('UMS_SIZE', '256M'), ('AMENT_PREFIX_PATH', '/opt/ros/humble'), ('LC_MESSAGES', 'en_US.UTF-8'), ('SHELL', '/bin/bash'), ('UMS_RO', '0'), ('LESSCLOSE', '/usr/bin/lesspipe %s %s'), ('UMS_FSTYPE', 'vfat'), ('VSCODE_GIT_ASKPASS_EXTRA_ARGS', ''), ('PWD', '/home/orangepi/Multitask-Drone/build/drone_interfaces'), ('LC_ALL', 'en_US.UTF-8'), ('SSH_CONNECTION', '192.168.137.1 64586 192.168.137.2 22'), ('PYTHONPATH', '/opt/ros/humble/lib/python3.10/site-packages:/opt/ros/humble/local/lib/python3.10/dist-packages'), ('UMS_MOUNT', '0'), ('COLCON', '1'), ('UMS_FILE', '/userdata/ums_shared.img'), ('CMAKE_PREFIX_PATH', '/opt/ros/humble')]), 'shell': False}
[0.843901] (drone_interfaces) StdoutLine: {'line': b'-- Install configuration: ""\n'}
[0.844808] (drone_interfaces) StdoutLine: {'line': b'-- Up-to-date: /home/orangepi/Multitask-Drone/install/drone_interfaces/share/ament_index/resource_index/rosidl_interfaces/drone_interfaces\n'}
[0.845337] (drone_interfaces) StdoutLine: {'line': b'-- Up-to-date: /home/orangepi/Multitask-Drone/install/drone_interfaces/include/drone_interfaces/drone_interfaces\n'}
[0.845825] (drone_interfaces) StdoutLine: {'line': b'-- Up-to-date: /home/orangepi/Multitask-Drone/install/drone_interfaces/include/drone_interfaces/drone_interfaces/srv\n'}
[0.846245] (drone_interfaces) StdoutLine: {'line': b'-- Up-to-date: /home/orangepi/Multitask-Drone/install/drone_interfaces/include/drone_interfaces/drone_interfaces/srv/yolo_request.h\n'}
[0.846661] (drone_interfaces) StdoutLine: {'line': b'-- Up-to-date: /home/orangepi/Multitask-Drone/install/drone_interfaces/include/drone_interfaces/drone_interfaces/srv/detail\n'}
[0.847083] (drone_interfaces) StdoutLine: {'line': b'-- Up-to-date: /home/orangepi/Multitask-Drone/install/drone_interfaces/include/drone_interfaces/drone_interfaces/srv/detail/task_dispatch__functions.c\n'}
[0.847501] (drone_interfaces) StdoutLine: {'line': b'-- Up-to-date: /home/orangepi/Multitask-Drone/install/drone_interfaces/include/drone_interfaces/drone_interfaces/srv/detail/yolo_request__functions.c\n'}
[0.847904] (drone_interfaces) StdoutLine: {'line': b'-- Up-to-date: /home/orangepi/Multitask-Drone/install/drone_interfaces/include/drone_interfaces/drone_interfaces/srv/detail/yolo_request__type_support.h\n'}
[0.848313] (drone_interfaces) StdoutLine: {'line': b'-- Up-to-date: /home/orangepi/Multitask-Drone/install/drone_interfaces/include/drone_interfaces/drone_interfaces/srv/detail/task_push__functions.c\n'}
[0.848722] (drone_interfaces) StdoutLine: {'line': b'-- Up-to-date: /home/orangepi/Multitask-Drone/install/drone_interfaces/include/drone_interfaces/drone_interfaces/srv/detail/task_push__struct.h\n'}
[0.849129] (drone_interfaces) StdoutLine: {'line': b'-- Up-to-date: /home/orangepi/Multitask-Drone/install/drone_interfaces/include/drone_interfaces/drone_interfaces/srv/detail/task_dispatch__struct.h\n'}
[0.849540] (drone_interfaces) StdoutLine: {'line': b'-- Up-to-date: /home/orangepi/Multitask-Drone/install/drone_interfaces/include/drone_interfaces/drone_interfaces/srv/detail/task_push__functions.h\n'}
[0.849955] (drone_interfaces) StdoutLine: {'line': b'-- Up-to-date: /home/orangepi/Multitask-Drone/install/drone_interfaces/include/drone_interfaces/drone_interfaces/srv/detail/yolo_request__functions.h\n'}
[0.850477] (drone_interfaces) StdoutLine: {'line': b'-- Up-to-date: /home/orangepi/Multitask-Drone/install/drone_interfaces/include/drone_interfaces/drone_interfaces/srv/detail/task_dispatch__type_support.h\n'}
[0.850887] (drone_interfaces) StdoutLine: {'line': b'-- Up-to-date: /home/orangepi/Multitask-Drone/install/drone_interfaces/include/drone_interfaces/drone_interfaces/srv/detail/task_dispatch__functions.h\n'}
[0.851271] (drone_interfaces) StdoutLine: {'line': b'-- Up-to-date: /home/orangepi/Multitask-Drone/install/drone_interfaces/include/drone_interfaces/drone_interfaces/srv/detail/yolo_request__struct.h\n'}
[0.851644] (drone_interfaces) StdoutLine: {'line': b'-- Up-to-date: /home/orangepi/Multitask-Drone/install/drone_interfaces/include/drone_interfaces/drone_interfaces/srv/detail/task_push__type_support.h\n'}
[0.852034] (drone_interfaces) StdoutLine: {'line': b'-- Up-to-date: /home/orangepi/Multitask-Drone/install/drone_interfaces/include/drone_interfaces/drone_interfaces/srv/task_push.h\n'}
[0.852420] (drone_interfaces) StdoutLine: {'line': b'-- Up-to-date: /home/orangepi/Multitask-Drone/install/drone_interfaces/include/drone_interfaces/drone_interfaces/srv/task_dispatch.h\n'}
[0.852821] (drone_interfaces) StdoutLine: {'line': b'-- Up-to-date: /home/orangepi/Multitask-Drone/install/drone_interfaces/include/drone_interfaces/drone_interfaces/action\n'}
[0.853365] (drone_interfaces) StdoutLine: {'line': b'-- Up-to-date: /home/orangepi/Multitask-Drone/install/drone_interfaces/include/drone_interfaces/drone_interfaces/action/detail\n'}
[0.853791] (drone_interfaces) StdoutLine: {'line': b'-- Up-to-date: /home/orangepi/Multitask-Drone/install/drone_interfaces/include/drone_interfaces/drone_interfaces/action/detail/execute_waypoint__type_support.h\n'}
[0.854217] (drone_interfaces) StdoutLine: {'line': b'-- Up-to-date: /home/orangepi/Multitask-Drone/install/drone_interfaces/include/drone_interfaces/drone_interfaces/action/detail/execute_waypoint__struct.h\n'}
[0.854621] (drone_interfaces) StdoutLine: {'line': b'-- Up-to-date: /home/orangepi/Multitask-Drone/install/drone_interfaces/include/drone_interfaces/drone_interfaces/action/detail/execute_waypoint__functions.h\n'}
[0.855124] (drone_interfaces) StdoutLine: {'line': b'-- Up-to-date: /home/orangepi/Multitask-Drone/install/drone_interfaces/include/drone_interfaces/drone_interfaces/action/detail/execute_waypoint__functions.c\n'}
[0.855559] (drone_interfaces) StdoutLine: {'line': b'-- Up-to-date: /home/orangepi/Multitask-Drone/install/drone_interfaces/include/drone_interfaces/drone_interfaces/action/execute_waypoint.h\n'}
[0.855965] (drone_interfaces) StdoutLine: {'line': b'-- Up-to-date: /home/orangepi/Multitask-Drone/install/drone_interfaces/include/drone_interfaces/drone_interfaces/msg\n'}
[0.856473] (drone_interfaces) StdoutLine: {'line': b'-- Up-to-date: /home/orangepi/Multitask-Drone/install/drone_interfaces/include/drone_interfaces/drone_interfaces/msg/rosidl_generator_c__visibility_control.h\n'}
[0.856935] (drone_interfaces) StdoutLine: {'line': b'-- Up-to-date: /home/orangepi/Multitask-Drone/install/drone_interfaces/include/drone_interfaces/drone_interfaces/msg/panel_box.h\n'}
[0.857432] (drone_interfaces) StdoutLine: {'line': b'-- Up-to-date: /home/orangepi/Multitask-Drone/install/drone_interfaces/include/drone_interfaces/drone_interfaces/msg/detail\n'}
[0.857870] (drone_interfaces) StdoutLine: {'line': b'-- Up-to-date: /home/orangepi/Multitask-Drone/install/drone_interfaces/include/drone_interfaces/drone_interfaces/msg/detail/panel_box__functions.c\n'}
[0.858324] (drone_interfaces) StdoutLine: {'line': b'-- Up-to-date: /home/orangepi/Multitask-Drone/install/drone_interfaces/include/drone_interfaces/drone_interfaces/msg/detail/task_state__type_support.h\n'}
[0.858719] (drone_interfaces) StdoutLine: {'line': b'-- Up-to-date: /home/orangepi/Multitask-Drone/install/drone_interfaces/include/drone_interfaces/drone_interfaces/msg/detail/yaw__functions.c\n'}
[0.859115] (drone_interfaces) StdoutLine: {'line': b'-- Up-to-date: /home/orangepi/Multitask-Drone/install/drone_interfaces/include/drone_interfaces/drone_interfaces/msg/detail/task__struct.h\n'}
[0.859606] (drone_interfaces) StdoutLine: {'line': b'-- Up-to-date: /home/orangepi/Multitask-Drone/install/drone_interfaces/include/drone_interfaces/drone_interfaces/msg/detail/task_state__struct.h\n'}
[0.859993] (drone_interfaces) StdoutLine: {'line': b'-- Up-to-date: /home/orangepi/Multitask-Drone/install/drone_interfaces/include/drone_interfaces/drone_interfaces/msg/detail/yaw__type_support.h\n'}
[0.860378] (drone_interfaces) StdoutLine: {'line': b'-- Up-to-date: /home/orangepi/Multitask-Drone/install/drone_interfaces/include/drone_interfaces/drone_interfaces/msg/detail/task_state__functions.h\n'}
[0.860911] (drone_interfaces) StdoutLine: {'line': b'-- Up-to-date: /home/orangepi/Multitask-Drone/install/drone_interfaces/include/drone_interfaces/drone_interfaces/msg/detail/panel_box__struct.h\n'}
[0.861311] (drone_interfaces) StdoutLine: {'line': b'-- Up-to-date: /home/orangepi/Multitask-Drone/install/drone_interfaces/include/drone_interfaces/drone_interfaces/msg/detail/raw_waypoint__functions.h\n'}
[0.861708] (drone_interfaces) StdoutLine: {'line': b'-- Up-to-date: /home/orangepi/Multitask-Drone/install/drone_interfaces/include/drone_interfaces/drone_interfaces/msg/detail/raw_waypoint__type_support.h\n'}
[0.862259] (drone_interfaces) StdoutLine: {'line': b'-- Up-to-date: /home/orangepi/Multitask-Drone/install/drone_interfaces/include/drone_interfaces/drone_interfaces/msg/detail/yaw__struct.h\n'}
[0.863166] (drone_interfaces) StdoutLine: {'line': b'-- Up-to-date: /home/orangepi/Multitask-Drone/install/drone_interfaces/include/drone_interfaces/drone_interfaces/msg/detail/task__functions.c\n'}
[0.863548] (drone_interfaces) StdoutLine: {'line': b'-- Up-to-date: /home/orangepi/Multitask-Drone/install/drone_interfaces/include/drone_interfaces/drone_interfaces/msg/detail/yaw__functions.h\n'}
[0.863969] (drone_interfaces) StdoutLine: {'line': b'-- Up-to-date: /home/orangepi/Multitask-Drone/install/drone_interfaces/include/drone_interfaces/drone_interfaces/msg/detail/panel_box__type_support.h\n'}
[0.864361] (drone_interfaces) StdoutLine: {'line': b'-- Up-to-date: /home/orangepi/Multitask-Drone/install/drone_interfaces/include/drone_interfaces/drone_interfaces/msg/detail/task_state__functions.c\n'}
[0.864736] (drone_interfaces) StdoutLine: {'line': b'-- Up-to-date: /home/orangepi/Multitask-Drone/install/drone_interfaces/include/drone_interfaces/drone_interfaces/msg/detail/task__type_support.h\n'}
[0.865109] (drone_interfaces) StdoutLine: {'line': b'-- Up-to-date: /home/orangepi/Multitask-Drone/install/drone_interfaces/include/drone_interfaces/drone_interfaces/msg/detail/task__functions.h\n'}
[0.865483] (drone_interfaces) StdoutLine: {'line': b'-- Up-to-date: /home/orangepi/Multitask-Drone/install/drone_interfaces/include/drone_interfaces/drone_interfaces/msg/detail/panel_box__functions.h\n'}
[0.865857] (drone_interfaces) StdoutLine: {'line': b'-- Up-to-date: /home/orangepi/Multitask-Drone/install/drone_interfaces/include/drone_interfaces/drone_interfaces/msg/detail/raw_waypoint__functions.c\n'}
[0.866310] (drone_interfaces) StdoutLine: {'line': b'-- Up-to-date: /home/orangepi/Multitask-Drone/install/drone_interfaces/include/drone_interfaces/drone_interfaces/msg/detail/raw_waypoint__struct.h\n'}
[0.866682] (drone_interfaces) StdoutLine: {'line': b'-- Up-to-date: /home/orangepi/Multitask-Drone/install/drone_interfaces/include/drone_interfaces/drone_interfaces/msg/raw_waypoint.h\n'}
[0.867082] (drone_interfaces) StdoutLine: {'line': b'-- Up-to-date: /home/orangepi/Multitask-Drone/install/drone_interfaces/include/drone_interfaces/drone_interfaces/msg/yaw.h\n'}
[0.867479] (drone_interfaces) StdoutLine: {'line': b'-- Up-to-date: /home/orangepi/Multitask-Drone/install/drone_interfaces/include/drone_interfaces/drone_interfaces/msg/task.h\n'}
[0.867854] (drone_interfaces) StdoutLine: {'line': b'-- Up-to-date: /home/orangepi/Multitask-Drone/install/drone_interfaces/include/drone_interfaces/drone_interfaces/msg/task_state.h\n'}
[0.868233] (drone_interfaces) StdoutLine: {'line': b'-- Up-to-date: /home/orangepi/Multitask-Drone/install/drone_interfaces/share/drone_interfaces/environment/library_path.sh\n'}
[0.868659] (drone_interfaces) StdoutLine: {'line': b'-- Up-to-date: /home/orangepi/Multitask-Drone/install/drone_interfaces/share/drone_interfaces/environment/library_path.dsv\n'}
[0.869037] (drone_interfaces) StdoutLine: {'line': b'-- Up-to-date: /home/orangepi/Multitask-Drone/install/drone_interfaces/lib/libdrone_interfaces__rosidl_generator_c.so\n'}
[0.869425] (drone_interfaces) StdoutLine: {'line': b'-- Up-to-date: /home/orangepi/Multitask-Drone/install/drone_interfaces/include/drone_interfaces/drone_interfaces\n'}
[0.869810] (drone_interfaces) StdoutLine: {'line': b'-- Up-to-date: /home/orangepi/Multitask-Drone/install/drone_interfaces/include/drone_interfaces/drone_interfaces/srv\n'}
[0.870194] (drone_interfaces) StdoutLine: {'line': b'-- Up-to-date: /home/orangepi/Multitask-Drone/install/drone_interfaces/include/drone_interfaces/drone_interfaces/srv/detail\n'}
[0.870623] (drone_interfaces) StdoutLine: {'line': b'-- Up-to-date: /home/orangepi/Multitask-Drone/install/drone_interfaces/include/drone_interfaces/drone_interfaces/srv/detail/task_dispatch__rosidl_typesupport_fastrtps_c.h\n'}
[0.871023] (drone_interfaces) StdoutLine: {'line': b'-- Up-to-date: /home/orangepi/Multitask-Drone/install/drone_interfaces/include/drone_interfaces/drone_interfaces/srv/detail/task_push__rosidl_typesupport_fastrtps_c.h\n'}
[0.871407] (drone_interfaces) StdoutLine: {'line': b'-- Up-to-date: /home/orangepi/Multitask-Drone/install/drone_interfaces/include/drone_interfaces/drone_interfaces/srv/detail/yolo_request__rosidl_typesupport_fastrtps_c.h\n'}
[0.871794] (drone_interfaces) StdoutLine: {'line': b'-- Up-to-date: /home/orangepi/Multitask-Drone/install/drone_interfaces/include/drone_interfaces/drone_interfaces/action\n'}
[0.872169] (drone_interfaces) StdoutLine: {'line': b'-- Up-to-date: /home/orangepi/Multitask-Drone/install/drone_interfaces/include/drone_interfaces/drone_interfaces/action/detail\n'}
[0.872551] (drone_interfaces) StdoutLine: {'line': b'-- Up-to-date: /home/orangepi/Multitask-Drone/install/drone_interfaces/include/drone_interfaces/drone_interfaces/action/detail/execute_waypoint__rosidl_typesupport_fastrtps_c.h\n'}
[0.872938] (drone_interfaces) StdoutLine: {'line': b'-- Up-to-date: /home/orangepi/Multitask-Drone/install/drone_interfaces/include/drone_interfaces/drone_interfaces/msg\n'}
[0.873322] (drone_interfaces) StdoutLine: {'line': b'-- Up-to-date: /home/orangepi/Multitask-Drone/install/drone_interfaces/include/drone_interfaces/drone_interfaces/msg/detail\n'}
[0.873788] (drone_interfaces) StdoutLine: {'line': b'-- Up-to-date: /home/orangepi/Multitask-Drone/install/drone_interfaces/include/drone_interfaces/drone_interfaces/msg/detail/raw_waypoint__rosidl_typesupport_fastrtps_c.h\n'}
[0.874200] (drone_interfaces) StdoutLine: {'line': b'-- Up-to-date: /home/orangepi/Multitask-Drone/install/drone_interfaces/include/drone_interfaces/drone_interfaces/msg/detail/task_state__rosidl_typesupport_fastrtps_c.h\n'}
[0.874589] (drone_interfaces) StdoutLine: {'line': b'-- Up-to-date: /home/orangepi/Multitask-Drone/install/drone_interfaces/include/drone_interfaces/drone_interfaces/msg/detail/task__rosidl_typesupport_fastrtps_c.h\n'}
[0.874967] (drone_interfaces) StdoutLine: {'line': b'-- Up-to-date: /home/orangepi/Multitask-Drone/install/drone_interfaces/include/drone_interfaces/drone_interfaces/msg/detail/yaw__rosidl_typesupport_fastrtps_c.h\n'}
[0.875342] (drone_interfaces) StdoutLine: {'line': b'-- Up-to-date: /home/orangepi/Multitask-Drone/install/drone_interfaces/include/drone_interfaces/drone_interfaces/msg/detail/panel_box__rosidl_typesupport_fastrtps_c.h\n'}
[0.875716] (drone_interfaces) StdoutLine: {'line': b'-- Up-to-date: /home/orangepi/Multitask-Drone/install/drone_interfaces/include/drone_interfaces/drone_interfaces/msg/rosidl_typesupport_fastrtps_c__visibility_control.h\n'}
[0.876095] (drone_interfaces) StdoutLine: {'line': b'-- Up-to-date: /home/orangepi/Multitask-Drone/install/drone_interfaces/lib/libdrone_interfaces__rosidl_typesupport_fastrtps_c.so\n'}
[0.876528] (drone_interfaces) StdoutLine: {'line': b'-- Up-to-date: /home/orangepi/Multitask-Drone/install/drone_interfaces/include/drone_interfaces/drone_interfaces\n'}
[0.876903] (drone_interfaces) StdoutLine: {'line': b'-- Up-to-date: /home/orangepi/Multitask-Drone/install/drone_interfaces/include/drone_interfaces/drone_interfaces/srv\n'}
[0.877335] (drone_interfaces) StdoutLine: {'line': b'-- Up-to-date: /home/orangepi/Multitask-Drone/install/drone_interfaces/include/drone_interfaces/drone_interfaces/srv/detail\n'}
[0.877786] (drone_interfaces) StdoutLine: {'line': b'-- Up-to-date: /home/orangepi/Multitask-Drone/install/drone_interfaces/include/drone_interfaces/drone_interfaces/srv/detail/yolo_request__rosidl_typesupport_introspection_c.h\n'}
[0.878168] (drone_interfaces) StdoutLine: {'line': b'-- Up-to-date: /home/orangepi/Multitask-Drone/install/drone_interfaces/include/drone_interfaces/drone_interfaces/srv/detail/task_push__type_support.c\n'}
[0.878547] (drone_interfaces) StdoutLine: {'line': b'-- Up-to-date: /home/orangepi/Multitask-Drone/install/drone_interfaces/include/drone_interfaces/drone_interfaces/srv/detail/yolo_request__type_support.c\n'}
[0.878927] (drone_interfaces) StdoutLine: {'line': b'-- Up-to-date: /home/orangepi/Multitask-Drone/install/drone_interfaces/include/drone_interfaces/drone_interfaces/srv/detail/task_push__rosidl_typesupport_introspection_c.h\n'}
[0.879329] (drone_interfaces) StdoutLine: {'line': b'-- Up-to-date: /home/orangepi/Multitask-Drone/install/drone_interfaces/include/drone_interfaces/drone_interfaces/srv/detail/task_dispatch__type_support.c\n'}
[0.879716] (drone_interfaces) StdoutLine: {'line': b'-- Up-to-date: /home/orangepi/Multitask-Drone/install/drone_interfaces/include/drone_interfaces/drone_interfaces/srv/detail/task_dispatch__rosidl_typesupport_introspection_c.h\n'}
[0.880103] (drone_interfaces) StdoutLine: {'line': b'-- Up-to-date: /home/orangepi/Multitask-Drone/install/drone_interfaces/include/drone_interfaces/drone_interfaces/action\n'}
[0.880521] (drone_interfaces) StdoutLine: {'line': b'-- Up-to-date: /home/orangepi/Multitask-Drone/install/drone_interfaces/include/drone_interfaces/drone_interfaces/action/detail\n'}
[0.880909] (drone_interfaces) StdoutLine: {'line': b'-- Up-to-date: /home/orangepi/Multitask-Drone/install/drone_interfaces/include/drone_interfaces/drone_interfaces/action/detail/execute_waypoint__type_support.c\n'}
[0.881302] (drone_interfaces) StdoutLine: {'line': b'-- Up-to-date: /home/orangepi/Multitask-Drone/install/drone_interfaces/include/drone_interfaces/drone_interfaces/action/detail/execute_waypoint__rosidl_typesupport_introspection_c.h\n'}
[0.881694] (drone_interfaces) StdoutLine: {'line': b'-- Up-to-date: /home/orangepi/Multitask-Drone/install/drone_interfaces/include/drone_interfaces/drone_interfaces/msg\n'}
[0.882075] (drone_interfaces) StdoutLine: {'line': b'-- Up-to-date: /home/orangepi/Multitask-Drone/install/drone_interfaces/include/drone_interfaces/drone_interfaces/msg/detail\n'}
[0.882458] (drone_interfaces) StdoutLine: {'line': b'-- Up-to-date: /home/orangepi/Multitask-Drone/install/drone_interfaces/include/drone_interfaces/drone_interfaces/msg/detail/yaw__type_support.c\n'}
[0.882842] (drone_interfaces) StdoutLine: {'line': b'-- Up-to-date: /home/orangepi/Multitask-Drone/install/drone_interfaces/include/drone_interfaces/drone_interfaces/msg/detail/raw_waypoint__type_support.c\n'}
[0.883224] (drone_interfaces) StdoutLine: {'line': b'-- Up-to-date: /home/orangepi/Multitask-Drone/install/drone_interfaces/include/drone_interfaces/drone_interfaces/msg/detail/task__rosidl_typesupport_introspection_c.h\n'}
[0.883603] (drone_interfaces) StdoutLine: {'line': b'-- Up-to-date: /home/orangepi/Multitask-Drone/install/drone_interfaces/include/drone_interfaces/drone_interfaces/msg/detail/task_state__type_support.c\n'}
[0.884141] (drone_interfaces) StdoutLine: {'line': b'-- Up-to-date: /home/orangepi/Multitask-Drone/install/drone_interfaces/include/drone_interfaces/drone_interfaces/msg/detail/raw_waypoint__rosidl_typesupport_introspection_c.h\n'}
[0.884566] (drone_interfaces) StdoutLine: {'line': b'-- Up-to-date: /home/orangepi/Multitask-Drone/install/drone_interfaces/include/drone_interfaces/drone_interfaces/msg/detail/task__type_support.c\n'}
[0.884949] (drone_interfaces) StdoutLine: {'line': b'-- Up-to-date: /home/orangepi/Multitask-Drone/install/drone_interfaces/include/drone_interfaces/drone_interfaces/msg/detail/yaw__rosidl_typesupport_introspection_c.h\n'}
[0.885328] (drone_interfaces) StdoutLine: {'line': b'-- Up-to-date: /home/orangepi/Multitask-Drone/install/drone_interfaces/include/drone_interfaces/drone_interfaces/msg/detail/task_state__rosidl_typesupport_introspection_c.h\n'}
[0.885706] (drone_interfaces) StdoutLine: {'line': b'-- Up-to-date: /home/orangepi/Multitask-Drone/install/drone_interfaces/include/drone_interfaces/drone_interfaces/msg/detail/panel_box__type_support.c\n'}
[0.886089] (drone_interfaces) StdoutLine: {'line': b'-- Up-to-date: /home/orangepi/Multitask-Drone/install/drone_interfaces/include/drone_interfaces/drone_interfaces/msg/detail/panel_box__rosidl_typesupport_introspection_c.h\n'}
[0.886465] (drone_interfaces) StdoutLine: {'line': b'-- Up-to-date: /home/orangepi/Multitask-Drone/install/drone_interfaces/include/drone_interfaces/drone_interfaces/msg/rosidl_typesupport_introspection_c__visibility_control.h\n'}
[0.886844] (drone_interfaces) StdoutLine: {'line': b'-- Up-to-date: /home/orangepi/Multitask-Drone/install/drone_interfaces/lib/libdrone_interfaces__rosidl_typesupport_introspection_c.so\n'}
[0.887275] (drone_interfaces) StdoutLine: {'line': b'-- Up-to-date: /home/orangepi/Multitask-Drone/install/drone_interfaces/lib/libdrone_interfaces__rosidl_typesupport_c.so\n'}
[0.887665] (drone_interfaces) StdoutLine: {'line': b'-- Up-to-date: /home/orangepi/Multitask-Drone/install/drone_interfaces/include/drone_interfaces/drone_interfaces\n'}
[0.888041] (drone_interfaces) StdoutLine: {'line': b'-- Up-to-date: /home/orangepi/Multitask-Drone/install/drone_interfaces/include/drone_interfaces/drone_interfaces/srv\n'}
[0.888506] (drone_interfaces) StdoutLine: {'line': b'-- Up-to-date: /home/orangepi/Multitask-Drone/install/drone_interfaces/include/drone_interfaces/drone_interfaces/srv/task_dispatch.hpp\n'}
[0.888889] (drone_interfaces) StdoutLine: {'line': b'-- Up-to-date: /home/orangepi/Multitask-Drone/install/drone_interfaces/include/drone_interfaces/drone_interfaces/srv/detail\n'}
[0.889264] (drone_interfaces) StdoutLine: {'line': b'-- Up-to-date: /home/orangepi/Multitask-Drone/install/drone_interfaces/include/drone_interfaces/drone_interfaces/srv/detail/task_dispatch__builder.hpp\n'}
[0.889641] (drone_interfaces) StdoutLine: {'line': b'-- Up-to-date: /home/orangepi/Multitask-Drone/install/drone_interfaces/include/drone_interfaces/drone_interfaces/srv/detail/yolo_request__traits.hpp\n'}
[0.890016] (drone_interfaces) StdoutLine: {'line': b'-- Up-to-date: /home/orangepi/Multitask-Drone/install/drone_interfaces/include/drone_interfaces/drone_interfaces/srv/detail/task_dispatch__struct.hpp\n'}
[0.890482] (drone_interfaces) StdoutLine: {'line': b'-- Up-to-date: /home/orangepi/Multitask-Drone/install/drone_interfaces/include/drone_interfaces/drone_interfaces/srv/detail/task_dispatch__type_support.hpp\n'}
[0.890893] (drone_interfaces) StdoutLine: {'line': b'-- Up-to-date: /home/orangepi/Multitask-Drone/install/drone_interfaces/include/drone_interfaces/drone_interfaces/srv/detail/yolo_request__type_support.hpp\n'}
[0.891267] (drone_interfaces) StdoutLine: {'line': b'-- Up-to-date: /home/orangepi/Multitask-Drone/install/drone_interfaces/include/drone_interfaces/drone_interfaces/srv/detail/task_push__traits.hpp\n'}
[0.891641] (drone_interfaces) StdoutLine: {'line': b'-- Up-to-date: /home/orangepi/Multitask-Drone/install/drone_interfaces/include/drone_interfaces/drone_interfaces/srv/detail/task_dispatch__traits.hpp\n'}
[0.892016] (drone_interfaces) StdoutLine: {'line': b'-- Up-to-date: /home/orangepi/Multitask-Drone/install/drone_interfaces/include/drone_interfaces/drone_interfaces/srv/detail/yolo_request__struct.hpp\n'}
[0.892444] (drone_interfaces) StdoutLine: {'line': b'-- Up-to-date: /home/orangepi/Multitask-Drone/install/drone_interfaces/include/drone_interfaces/drone_interfaces/srv/detail/yolo_request__builder.hpp\n'}
[0.892815] (drone_interfaces) StdoutLine: {'line': b'-- Up-to-date: /home/orangepi/Multitask-Drone/install/drone_interfaces/include/drone_interfaces/drone_interfaces/srv/detail/task_push__struct.hpp\n'}
[0.893187] (drone_interfaces) StdoutLine: {'line': b'-- Up-to-date: /home/orangepi/Multitask-Drone/install/drone_interfaces/include/drone_interfaces/drone_interfaces/srv/detail/task_push__type_support.hpp\n'}
[0.893560] (drone_interfaces) StdoutLine: {'line': b'-- Up-to-date: /home/orangepi/Multitask-Drone/install/drone_interfaces/include/drone_interfaces/drone_interfaces/srv/detail/task_push__builder.hpp\n'}
[0.893977] (drone_interfaces) StdoutLine: {'line': b'-- Up-to-date: /home/orangepi/Multitask-Drone/install/drone_interfaces/include/drone_interfaces/drone_interfaces/srv/yolo_request.hpp\n'}
[0.894404] (drone_interfaces) StdoutLine: {'line': b'-- Up-to-date: /home/orangepi/Multitask-Drone/install/drone_interfaces/include/drone_interfaces/drone_interfaces/srv/task_push.hpp\n'}
[0.894783] (drone_interfaces) StdoutLine: {'line': b'-- Up-to-date: /home/orangepi/Multitask-Drone/install/drone_interfaces/include/drone_interfaces/drone_interfaces/action\n'}
[0.895159] (drone_interfaces) StdoutLine: {'line': b'-- Up-to-date: /home/orangepi/Multitask-Drone/install/drone_interfaces/include/drone_interfaces/drone_interfaces/action/detail\n'}
[0.895535] (drone_interfaces) StdoutLine: {'line': b'-- Up-to-date: /home/orangepi/Multitask-Drone/install/drone_interfaces/include/drone_interfaces/drone_interfaces/action/detail/execute_waypoint__type_support.hpp\n'}
[0.895913] (drone_interfaces) StdoutLine: {'line': b'-- Up-to-date: /home/orangepi/Multitask-Drone/install/drone_interfaces/include/drone_interfaces/drone_interfaces/action/detail/execute_waypoint__builder.hpp\n'}
[0.896294] (drone_interfaces) StdoutLine: {'line': b'-- Up-to-date: /home/orangepi/Multitask-Drone/install/drone_interfaces/include/drone_interfaces/drone_interfaces/action/detail/execute_waypoint__struct.hpp\n'}
[0.896671] (drone_interfaces) StdoutLine: {'line': b'-- Up-to-date: /home/orangepi/Multitask-Drone/install/drone_interfaces/include/drone_interfaces/drone_interfaces/action/detail/execute_waypoint__traits.hpp\n'}
[0.897046] (drone_interfaces) StdoutLine: {'line': b'-- Up-to-date: /home/orangepi/Multitask-Drone/install/drone_interfaces/include/drone_interfaces/drone_interfaces/action/execute_waypoint.hpp\n'}
[0.897374] (drone_interfaces) StdoutLine: {'line': b'-- Up-to-date: /home/orangepi/Multitask-Drone/install/drone_interfaces/include/drone_interfaces/drone_interfaces/msg\n'}
[0.897481] (drone_interfaces) StdoutLine: {'line': b'-- Up-to-date: /home/orangepi/Multitask-Drone/install/drone_interfaces/include/drone_interfaces/drone_interfaces/msg/detail\n'}
[0.897570] (drone_interfaces) StdoutLine: {'line': b'-- Up-to-date: /home/orangepi/Multitask-Drone/install/drone_interfaces/include/drone_interfaces/drone_interfaces/msg/detail/yaw__traits.hpp\n'}
[0.897656] (drone_interfaces) StdoutLine: {'line': b'-- Up-to-date: /home/orangepi/Multitask-Drone/install/drone_interfaces/include/drone_interfaces/drone_interfaces/msg/detail/task_state__type_support.hpp\n'}
[0.897738] (drone_interfaces) StdoutLine: {'line': b'-- Up-to-date: /home/orangepi/Multitask-Drone/install/drone_interfaces/include/drone_interfaces/drone_interfaces/msg/detail/task__builder.hpp\n'}
[0.897817] (drone_interfaces) StdoutLine: {'line': b'-- Up-to-date: /home/orangepi/Multitask-Drone/install/drone_interfaces/include/drone_interfaces/drone_interfaces/msg/detail/task_state__struct.hpp\n'}
[0.897957] (drone_interfaces) StdoutLine: {'line': b'-- Up-to-date: /home/orangepi/Multitask-Drone/install/drone_interfaces/include/drone_interfaces/drone_interfaces/msg/detail/yaw__builder.hpp\n'}
[0.898041] (drone_interfaces) StdoutLine: {'line': b'-- Up-to-date: /home/orangepi/Multitask-Drone/install/drone_interfaces/include/drone_interfaces/drone_interfaces/msg/detail/raw_waypoint__builder.hpp\n'}
[0.898132] (drone_interfaces) StdoutLine: {'line': b'-- Up-to-date: /home/orangepi/Multitask-Drone/install/drone_interfaces/include/drone_interfaces/drone_interfaces/msg/detail/task_state__builder.hpp\n'}
[0.898210] (drone_interfaces) StdoutLine: {'line': b'-- Up-to-date: /home/orangepi/Multitask-Drone/install/drone_interfaces/include/drone_interfaces/drone_interfaces/msg/detail/yaw__type_support.hpp\n'}
[0.898287] (drone_interfaces) StdoutLine: {'line': b'-- Up-to-date: /home/orangepi/Multitask-Drone/install/drone_interfaces/include/drone_interfaces/drone_interfaces/msg/detail/raw_waypoint__type_support.hpp\n'}
[0.898362] (drone_interfaces) StdoutLine: {'line': b'-- Up-to-date: /home/orangepi/Multitask-Drone/install/drone_interfaces/include/drone_interfaces/drone_interfaces/msg/detail/panel_box__type_support.hpp\n'}
[0.898439] (drone_interfaces) StdoutLine: {'line': b'-- Up-to-date: /home/orangepi/Multitask-Drone/install/drone_interfaces/include/drone_interfaces/drone_interfaces/msg/detail/panel_box__builder.hpp\n'}
[0.898515] (drone_interfaces) StdoutLine: {'line': b'-- Up-to-date: /home/orangepi/Multitask-Drone/install/drone_interfaces/include/drone_interfaces/drone_interfaces/msg/detail/task__type_support.hpp\n'}
[0.898592] (drone_interfaces) StdoutLine: {'line': b'-- Up-to-date: /home/orangepi/Multitask-Drone/install/drone_interfaces/include/drone_interfaces/drone_interfaces/msg/detail/raw_waypoint__traits.hpp\n'}
[0.898667] (drone_interfaces) StdoutLine: {'line': b'-- Up-to-date: /home/orangepi/Multitask-Drone/install/drone_interfaces/include/drone_interfaces/drone_interfaces/msg/detail/task__traits.hpp\n'}
[0.898747] (drone_interfaces) StdoutLine: {'line': b'-- Up-to-date: /home/orangepi/Multitask-Drone/install/drone_interfaces/include/drone_interfaces/drone_interfaces/msg/detail/task__struct.hpp\n'}
[0.898822] (drone_interfaces) StdoutLine: {'line': b'-- Up-to-date: /home/orangepi/Multitask-Drone/install/drone_interfaces/include/drone_interfaces/drone_interfaces/msg/detail/yaw__struct.hpp\n'}
[0.898898] (drone_interfaces) StdoutLine: {'line': b'-- Up-to-date: /home/orangepi/Multitask-Drone/install/drone_interfaces/include/drone_interfaces/drone_interfaces/msg/detail/panel_box__traits.hpp\n'}
[0.898985] (drone_interfaces) StdoutLine: {'line': b'-- Up-to-date: /home/orangepi/Multitask-Drone/install/drone_interfaces/include/drone_interfaces/drone_interfaces/msg/detail/raw_waypoint__struct.hpp\n'}
[0.899066] (drone_interfaces) StdoutLine: {'line': b'-- Up-to-date: /home/orangepi/Multitask-Drone/install/drone_interfaces/include/drone_interfaces/drone_interfaces/msg/detail/task_state__traits.hpp\n'}
[0.899145] (drone_interfaces) StdoutLine: {'line': b'-- Up-to-date: /home/orangepi/Multitask-Drone/install/drone_interfaces/include/drone_interfaces/drone_interfaces/msg/detail/panel_box__struct.hpp\n'}
[0.899223] (drone_interfaces) StdoutLine: {'line': b'-- Up-to-date: /home/orangepi/Multitask-Drone/install/drone_interfaces/include/drone_interfaces/drone_interfaces/msg/yaw.hpp\n'}
[0.899300] (drone_interfaces) StdoutLine: {'line': b'-- Up-to-date: /home/orangepi/Multitask-Drone/install/drone_interfaces/include/drone_interfaces/drone_interfaces/msg/task.hpp\n'}
[0.899380] (drone_interfaces) StdoutLine: {'line': b'-- Up-to-date: /home/orangepi/Multitask-Drone/install/drone_interfaces/include/drone_interfaces/drone_interfaces/msg/panel_box.hpp\n'}
[0.899458] (drone_interfaces) StdoutLine: {'line': b'-- Up-to-date: /home/orangepi/Multitask-Drone/install/drone_interfaces/include/drone_interfaces/drone_interfaces/msg/raw_waypoint.hpp\n'}
[0.899535] (drone_interfaces) StdoutLine: {'line': b'-- Up-to-date: /home/orangepi/Multitask-Drone/install/drone_interfaces/include/drone_interfaces/drone_interfaces/msg/rosidl_generator_cpp__visibility_control.hpp\n'}
[0.899614] (drone_interfaces) StdoutLine: {'line': b'-- Up-to-date: /home/orangepi/Multitask-Drone/install/drone_interfaces/include/drone_interfaces/drone_interfaces/msg/task_state.hpp\n'}
[0.899709] (drone_interfaces) StdoutLine: {'line': b'-- Up-to-date: /home/orangepi/Multitask-Drone/install/drone_interfaces/include/drone_interfaces/drone_interfaces\n'}
[0.899789] (drone_interfaces) StdoutLine: {'line': b'-- Up-to-date: /home/orangepi/Multitask-Drone/install/drone_interfaces/include/drone_interfaces/drone_interfaces/srv\n'}
[0.899866] (drone_interfaces) StdoutLine: {'line': b'-- Up-to-date: /home/orangepi/Multitask-Drone/install/drone_interfaces/include/drone_interfaces/drone_interfaces/srv/detail\n'}
[0.899942] (drone_interfaces) StdoutLine: {'line': b'-- Up-to-date: /home/orangepi/Multitask-Drone/install/drone_interfaces/include/drone_interfaces/drone_interfaces/srv/detail/task_dispatch__rosidl_typesupport_fastrtps_cpp.hpp\n'}
[0.900023] (drone_interfaces) StdoutLine: {'line': b'-- Up-to-date: /home/orangepi/Multitask-Drone/install/drone_interfaces/include/drone_interfaces/drone_interfaces/srv/detail/yolo_request__rosidl_typesupport_fastrtps_cpp.hpp\n'}
[0.900101] (drone_interfaces) StdoutLine: {'line': b'-- Up-to-date: /home/orangepi/Multitask-Drone/install/drone_interfaces/include/drone_interfaces/drone_interfaces/srv/detail/dds_fastrtps\n'}
[0.900197] (drone_interfaces) StdoutLine: {'line': b'-- Up-to-date: /home/orangepi/Multitask-Drone/install/drone_interfaces/include/drone_interfaces/drone_interfaces/srv/detail/task_push__rosidl_typesupport_fastrtps_cpp.hpp\n'}
[0.900276] (drone_interfaces) StdoutLine: {'line': b'-- Up-to-date: /home/orangepi/Multitask-Drone/install/drone_interfaces/include/drone_interfaces/drone_interfaces/action\n'}
[0.900352] (drone_interfaces) StdoutLine: {'line': b'-- Up-to-date: /home/orangepi/Multitask-Drone/install/drone_interfaces/include/drone_interfaces/drone_interfaces/action/detail\n'}
[0.900491] (drone_interfaces) StdoutLine: {'line': b'-- Up-to-date: /home/orangepi/Multitask-Drone/install/drone_interfaces/include/drone_interfaces/drone_interfaces/action/detail/dds_fastrtps\n'}
[0.900575] (drone_interfaces) StdoutLine: {'line': b'-- Up-to-date: /home/orangepi/Multitask-Drone/install/drone_interfaces/include/drone_interfaces/drone_interfaces/action/detail/execute_waypoint__rosidl_typesupport_fastrtps_cpp.hpp\n'}
[0.900656] (drone_interfaces) StdoutLine: {'line': b'-- Up-to-date: /home/orangepi/Multitask-Drone/install/drone_interfaces/include/drone_interfaces/drone_interfaces/msg\n'}
[0.900737] (drone_interfaces) StdoutLine: {'line': b'-- Up-to-date: /home/orangepi/Multitask-Drone/install/drone_interfaces/include/drone_interfaces/drone_interfaces/msg/detail\n'}
[0.900813] (drone_interfaces) StdoutLine: {'line': b'-- Up-to-date: /home/orangepi/Multitask-Drone/install/drone_interfaces/include/drone_interfaces/drone_interfaces/msg/detail/yaw__rosidl_typesupport_fastrtps_cpp.hpp\n'}
[0.900889] (drone_interfaces) StdoutLine: {'line': b'-- Up-to-date: /home/orangepi/Multitask-Drone/install/drone_interfaces/include/drone_interfaces/drone_interfaces/msg/detail/task_state__rosidl_typesupport_fastrtps_cpp.hpp\n'}
[0.900965] (drone_interfaces) StdoutLine: {'line': b'-- Up-to-date: /home/orangepi/Multitask-Drone/install/drone_interfaces/include/drone_interfaces/drone_interfaces/msg/detail/panel_box__rosidl_typesupport_fastrtps_cpp.hpp\n'}
[0.901041] (drone_interfaces) StdoutLine: {'line': b'-- Up-to-date: /home/orangepi/Multitask-Drone/install/drone_interfaces/include/drone_interfaces/drone_interfaces/msg/detail/dds_fastrtps\n'}
[0.901117] (drone_interfaces) StdoutLine: {'line': b'-- Up-to-date: /home/orangepi/Multitask-Drone/install/drone_interfaces/include/drone_interfaces/drone_interfaces/msg/detail/raw_waypoint__rosidl_typesupport_fastrtps_cpp.hpp\n'}
[0.901206] (drone_interfaces) StdoutLine: {'line': b'-- Up-to-date: /home/orangepi/Multitask-Drone/install/drone_interfaces/include/drone_interfaces/drone_interfaces/msg/detail/task__rosidl_typesupport_fastrtps_cpp.hpp\n'}
[0.901285] (drone_interfaces) StdoutLine: {'line': b'-- Up-to-date: /home/orangepi/Multitask-Drone/install/drone_interfaces/include/drone_interfaces/drone_interfaces/msg/rosidl_typesupport_fastrtps_cpp__visibility_control.h\n'}
[0.901375] (drone_interfaces) StdoutLine: {'line': b'-- Up-to-date: /home/orangepi/Multitask-Drone/install/drone_interfaces/lib/libdrone_interfaces__rosidl_typesupport_fastrtps_cpp.so\n'}
[0.901452] (drone_interfaces) StdoutLine: {'line': b'-- Up-to-date: /home/orangepi/Multitask-Drone/install/drone_interfaces/include/drone_interfaces/drone_interfaces\n'}
[0.901528] (drone_interfaces) StdoutLine: {'line': b'-- Up-to-date: /home/orangepi/Multitask-Drone/install/drone_interfaces/include/drone_interfaces/drone_interfaces/srv\n'}
[0.901604] (drone_interfaces) StdoutLine: {'line': b'-- Up-to-date: /home/orangepi/Multitask-Drone/install/drone_interfaces/include/drone_interfaces/drone_interfaces/srv/detail\n'}
[0.901679] (drone_interfaces) StdoutLine: {'line': b'-- Up-to-date: /home/orangepi/Multitask-Drone/install/drone_interfaces/include/drone_interfaces/drone_interfaces/srv/detail/task_push__rosidl_typesupport_introspection_cpp.hpp\n'}
[0.901754] (-) TimerEvent: {}
[0.901971] (drone_interfaces) StdoutLine: {'line': b'-- Up-to-date: /home/orangepi/Multitask-Drone/install/drone_interfaces/include/drone_interfaces/drone_interfaces/srv/detail/yolo_request__type_support.cpp\n'}
[0.902073] (drone_interfaces) StdoutLine: {'line': b'-- Up-to-date: /home/orangepi/Multitask-Drone/install/drone_interfaces/include/drone_interfaces/drone_interfaces/srv/detail/yolo_request__rosidl_typesupport_introspection_cpp.hpp\n'}
[0.902155] (drone_interfaces) StdoutLine: {'line': b'-- Up-to-date: /home/orangepi/Multitask-Drone/install/drone_interfaces/include/drone_interfaces/drone_interfaces/srv/detail/task_dispatch__rosidl_typesupport_introspection_cpp.hpp\n'}
[0.902237] (drone_interfaces) StdoutLine: {'line': b'-- Up-to-date: /home/orangepi/Multitask-Drone/install/drone_interfaces/include/drone_interfaces/drone_interfaces/srv/detail/task_push__type_support.cpp\n'}
[0.902318] (drone_interfaces) StdoutLine: {'line': b'-- Up-to-date: /home/orangepi/Multitask-Drone/install/drone_interfaces/include/drone_interfaces/drone_interfaces/srv/detail/task_dispatch__type_support.cpp\n'}
[0.902394] (drone_interfaces) StdoutLine: {'line': b'-- Up-to-date: /home/orangepi/Multitask-Drone/install/drone_interfaces/include/drone_interfaces/drone_interfaces/action\n'}
[0.902470] (drone_interfaces) StdoutLine: {'line': b'-- Up-to-date: /home/orangepi/Multitask-Drone/install/drone_interfaces/include/drone_interfaces/drone_interfaces/action/detail\n'}
[0.902547] (drone_interfaces) StdoutLine: {'line': b'-- Up-to-date: /home/orangepi/Multitask-Drone/install/drone_interfaces/include/drone_interfaces/drone_interfaces/action/detail/execute_waypoint__rosidl_typesupport_introspection_cpp.hpp\n'}
[0.902623] (drone_interfaces) StdoutLine: {'line': b'-- Up-to-date: /home/orangepi/Multitask-Drone/install/drone_interfaces/include/drone_interfaces/drone_interfaces/action/detail/execute_waypoint__type_support.cpp\n'}
[0.902725] (drone_interfaces) StdoutLine: {'line': b'-- Up-to-date: /home/orangepi/Multitask-Drone/install/drone_interfaces/include/drone_interfaces/drone_interfaces/msg\n'}
[0.902803] (drone_interfaces) StdoutLine: {'line': b'-- Up-to-date: /home/orangepi/Multitask-Drone/install/drone_interfaces/include/drone_interfaces/drone_interfaces/msg/detail\n'}
[0.902883] (drone_interfaces) StdoutLine: {'line': b'-- Up-to-date: /home/orangepi/Multitask-Drone/install/drone_interfaces/include/drone_interfaces/drone_interfaces/msg/detail/task_state__rosidl_typesupport_introspection_cpp.hpp\n'}
[0.902960] (drone_interfaces) StdoutLine: {'line': b'-- Up-to-date: /home/orangepi/Multitask-Drone/install/drone_interfaces/include/drone_interfaces/drone_interfaces/msg/detail/task__rosidl_typesupport_introspection_cpp.hpp\n'}
[0.903036] (drone_interfaces) StdoutLine: {'line': b'-- Up-to-date: /home/orangepi/Multitask-Drone/install/drone_interfaces/include/drone_interfaces/drone_interfaces/msg/detail/task__type_support.cpp\n'}
[0.903112] (drone_interfaces) StdoutLine: {'line': b'-- Up-to-date: /home/orangepi/Multitask-Drone/install/drone_interfaces/include/drone_interfaces/drone_interfaces/msg/detail/panel_box__rosidl_typesupport_introspection_cpp.hpp\n'}
[0.903199] (drone_interfaces) StdoutLine: {'line': b'-- Up-to-date: /home/orangepi/Multitask-Drone/install/drone_interfaces/include/drone_interfaces/drone_interfaces/msg/detail/task_state__type_support.cpp\n'}
[0.903276] (drone_interfaces) StdoutLine: {'line': b'-- Up-to-date: /home/orangepi/Multitask-Drone/install/drone_interfaces/include/drone_interfaces/drone_interfaces/msg/detail/raw_waypoint__rosidl_typesupport_introspection_cpp.hpp\n'}
[0.903351] (drone_interfaces) StdoutLine: {'line': b'-- Up-to-date: /home/orangepi/Multitask-Drone/install/drone_interfaces/include/drone_interfaces/drone_interfaces/msg/detail/panel_box__type_support.cpp\n'}
[0.903436] (drone_interfaces) StdoutLine: {'line': b'-- Up-to-date: /home/orangepi/Multitask-Drone/install/drone_interfaces/include/drone_interfaces/drone_interfaces/msg/detail/raw_waypoint__type_support.cpp\n'}
[0.903517] (drone_interfaces) StdoutLine: {'line': b'-- Up-to-date: /home/orangepi/Multitask-Drone/install/drone_interfaces/include/drone_interfaces/drone_interfaces/msg/detail/yaw__type_support.cpp\n'}
[0.903592] (drone_interfaces) StdoutLine: {'line': b'-- Up-to-date: /home/orangepi/Multitask-Drone/install/drone_interfaces/include/drone_interfaces/drone_interfaces/msg/detail/yaw__rosidl_typesupport_introspection_cpp.hpp\n'}
[0.903667] (drone_interfaces) StdoutLine: {'line': b'-- Up-to-date: /home/orangepi/Multitask-Drone/install/drone_interfaces/lib/libdrone_interfaces__rosidl_typesupport_introspection_cpp.so\n'}
[0.903764] (drone_interfaces) StdoutLine: {'line': b'-- Up-to-date: /home/orangepi/Multitask-Drone/install/drone_interfaces/lib/libdrone_interfaces__rosidl_typesupport_cpp.so\n'}
[0.903847] (drone_interfaces) StdoutLine: {'line': b'-- Up-to-date: /home/orangepi/Multitask-Drone/install/drone_interfaces/share/drone_interfaces/environment/pythonpath.sh\n'}
[0.903924] (drone_interfaces) StdoutLine: {'line': b'-- Up-to-date: /home/orangepi/Multitask-Drone/install/drone_interfaces/share/drone_interfaces/environment/pythonpath.dsv\n'}
[0.903999] (drone_interfaces) StdoutLine: {'line': b'-- Up-to-date: /home/orangepi/Multitask-Drone/install/drone_interfaces/local/lib/python3.10/dist-packages/drone_interfaces-0.0.0-py3.10.egg-info\n'}
[0.904076] (drone_interfaces) StdoutLine: {'line': b'-- Installing: /home/orangepi/Multitask-Drone/install/drone_interfaces/local/lib/python3.10/dist-packages/drone_interfaces-0.0.0-py3.10.egg-info/top_level.txt\n'}
[0.904158] (drone_interfaces) StdoutLine: {'line': b'-- Installing: /home/orangepi/Multitask-Drone/install/drone_interfaces/local/lib/python3.10/dist-packages/drone_interfaces-0.0.0-py3.10.egg-info/dependency_links.txt\n'}
[0.904235] (drone_interfaces) StdoutLine: {'line': b'-- Installing: /home/orangepi/Multitask-Drone/install/drone_interfaces/local/lib/python3.10/dist-packages/drone_interfaces-0.0.0-py3.10.egg-info/SOURCES.txt\n'}
[0.904310] (drone_interfaces) StdoutLine: {'line': b'-- Installing: /home/orangepi/Multitask-Drone/install/drone_interfaces/local/lib/python3.10/dist-packages/drone_interfaces-0.0.0-py3.10.egg-info/PKG-INFO\n'}
[0.904385] (drone_interfaces) StdoutLine: {'line': b'-- Up-to-date: /home/orangepi/Multitask-Drone/install/drone_interfaces/local/lib/python3.10/dist-packages/drone_interfaces\n'}
[0.904460] (drone_interfaces) StdoutLine: {'line': b'-- Up-to-date: /home/orangepi/Multitask-Drone/install/drone_interfaces/local/lib/python3.10/dist-packages/drone_interfaces/__init__.py\n'}
[0.904536] (drone_interfaces) StdoutLine: {'line': b'-- Up-to-date: /home/orangepi/Multitask-Drone/install/drone_interfaces/local/lib/python3.10/dist-packages/drone_interfaces/srv\n'}
[0.904610] (drone_interfaces) StdoutLine: {'line': b'-- Up-to-date: /home/orangepi/Multitask-Drone/install/drone_interfaces/local/lib/python3.10/dist-packages/drone_interfaces/srv/_task_dispatch.py\n'}
[0.904686] (drone_interfaces) StdoutLine: {'line': b'-- Up-to-date: /home/orangepi/Multitask-Drone/install/drone_interfaces/local/lib/python3.10/dist-packages/drone_interfaces/srv/_task_dispatch_s.c\n'}
[0.904777] (drone_interfaces) StdoutLine: {'line': b'-- Up-to-date: /home/orangepi/Multitask-Drone/install/drone_interfaces/local/lib/python3.10/dist-packages/drone_interfaces/srv/__init__.py\n'}
[0.904854] (drone_interfaces) StdoutLine: {'line': b'-- Up-to-date: /home/orangepi/Multitask-Drone/install/drone_interfaces/local/lib/python3.10/dist-packages/drone_interfaces/srv/_task_push_s.c\n'}
[0.904952] (drone_interfaces) StdoutLine: {'line': b'-- Up-to-date: /home/orangepi/Multitask-Drone/install/drone_interfaces/local/lib/python3.10/dist-packages/drone_interfaces/srv/_task_push.py\n'}
[0.905028] (drone_interfaces) StdoutLine: {'line': b'-- Up-to-date: /home/orangepi/Multitask-Drone/install/drone_interfaces/local/lib/python3.10/dist-packages/drone_interfaces/srv/_yolo_request.py\n'}
[0.905103] (drone_interfaces) StdoutLine: {'line': b'-- Up-to-date: /home/orangepi/Multitask-Drone/install/drone_interfaces/local/lib/python3.10/dist-packages/drone_interfaces/srv/_yolo_request_s.c\n'}
[0.905180] (drone_interfaces) StdoutLine: {'line': b'-- Up-to-date: /home/orangepi/Multitask-Drone/install/drone_interfaces/local/lib/python3.10/dist-packages/drone_interfaces/action\n'}
[0.905256] (drone_interfaces) StdoutLine: {'line': b'-- Up-to-date: /home/orangepi/Multitask-Drone/install/drone_interfaces/local/lib/python3.10/dist-packages/drone_interfaces/action/_execute_waypoint_s.c\n'}
[0.905331] (drone_interfaces) StdoutLine: {'line': b'-- Up-to-date: /home/orangepi/Multitask-Drone/install/drone_interfaces/local/lib/python3.10/dist-packages/drone_interfaces/action/__init__.py\n'}
[0.905411] (drone_interfaces) StdoutLine: {'line': b'-- Up-to-date: /home/orangepi/Multitask-Drone/install/drone_interfaces/local/lib/python3.10/dist-packages/drone_interfaces/action/_execute_waypoint.py\n'}
[0.905486] (drone_interfaces) StdoutLine: {'line': b'-- Up-to-date: /home/orangepi/Multitask-Drone/install/drone_interfaces/local/lib/python3.10/dist-packages/drone_interfaces/libdrone_interfaces__rosidl_generator_py.so\n'}
[0.905573] (drone_interfaces) StdoutLine: {'line': b'-- Up-to-date: /home/orangepi/Multitask-Drone/install/drone_interfaces/local/lib/python3.10/dist-packages/drone_interfaces/_drone_interfaces_s.ep.rosidl_typesupport_fastrtps_c.c\n'}
[0.905653] (drone_interfaces) StdoutLine: {'line': b'-- Up-to-date: /home/orangepi/Multitask-Drone/install/drone_interfaces/local/lib/python3.10/dist-packages/drone_interfaces/drone_interfaces_s__rosidl_typesupport_c.cpython-310-aarch64-linux-gnu.so\n'}
[0.905733] (drone_interfaces) StdoutLine: {'line': b'-- Up-to-date: /home/orangepi/Multitask-Drone/install/drone_interfaces/local/lib/python3.10/dist-packages/drone_interfaces/_drone_interfaces_s.ep.rosidl_typesupport_c.c\n'}
[0.905810] (drone_interfaces) StdoutLine: {'line': b'-- Up-to-date: /home/orangepi/Multitask-Drone/install/drone_interfaces/local/lib/python3.10/dist-packages/drone_interfaces/msg\n'}
[0.905885] (drone_interfaces) StdoutLine: {'line': b'-- Up-to-date: /home/orangepi/Multitask-Drone/install/drone_interfaces/local/lib/python3.10/dist-packages/drone_interfaces/msg/_yaw.py\n'}
[0.905960] (drone_interfaces) StdoutLine: {'line': b'-- Up-to-date: /home/orangepi/Multitask-Drone/install/drone_interfaces/local/lib/python3.10/dist-packages/drone_interfaces/msg/_panel_box_s.c\n'}
[0.906037] (drone_interfaces) StdoutLine: {'line': b'-- Up-to-date: /home/orangepi/Multitask-Drone/install/drone_interfaces/local/lib/python3.10/dist-packages/drone_interfaces/msg/__init__.py\n'}
[0.906113] (drone_interfaces) StdoutLine: {'line': b'-- Up-to-date: /home/orangepi/Multitask-Drone/install/drone_interfaces/local/lib/python3.10/dist-packages/drone_interfaces/msg/_yaw_s.c\n'}
[0.906188] (drone_interfaces) StdoutLine: {'line': b'-- Up-to-date: /home/orangepi/Multitask-Drone/install/drone_interfaces/local/lib/python3.10/dist-packages/drone_interfaces/msg/_task_state.py\n'}
[0.906263] (drone_interfaces) StdoutLine: {'line': b'-- Up-to-date: /home/orangepi/Multitask-Drone/install/drone_interfaces/local/lib/python3.10/dist-packages/drone_interfaces/msg/_raw_waypoint.py\n'}
[0.906350] (drone_interfaces) StdoutLine: {'line': b'-- Up-to-date: /home/orangepi/Multitask-Drone/install/drone_interfaces/local/lib/python3.10/dist-packages/drone_interfaces/msg/_raw_waypoint_s.c\n'}
[0.906427] (drone_interfaces) StdoutLine: {'line': b'-- Up-to-date: /home/orangepi/Multitask-Drone/install/drone_interfaces/local/lib/python3.10/dist-packages/drone_interfaces/msg/_task.py\n'}
[0.906502] (drone_interfaces) StdoutLine: {'line': b'-- Up-to-date: /home/orangepi/Multitask-Drone/install/drone_interfaces/local/lib/python3.10/dist-packages/drone_interfaces/msg/_task_s.c\n'}
[0.906577] (drone_interfaces) StdoutLine: {'line': b'-- Up-to-date: /home/orangepi/Multitask-Drone/install/drone_interfaces/local/lib/python3.10/dist-packages/drone_interfaces/msg/_task_state_s.c\n'}
[0.906656] (drone_interfaces) StdoutLine: {'line': b'-- Up-to-date: /home/orangepi/Multitask-Drone/install/drone_interfaces/local/lib/python3.10/dist-packages/drone_interfaces/msg/_panel_box.py\n'}
[0.906733] (drone_interfaces) StdoutLine: {'line': b'-- Up-to-date: /home/orangepi/Multitask-Drone/install/drone_interfaces/local/lib/python3.10/dist-packages/drone_interfaces/drone_interfaces_s__rosidl_typesupport_introspection_c.cpython-310-aarch64-linux-gnu.so\n'}
[0.906812] (drone_interfaces) StdoutLine: {'line': b'-- Up-to-date: /home/orangepi/Multitask-Drone/install/drone_interfaces/local/lib/python3.10/dist-packages/drone_interfaces/drone_interfaces_s__rosidl_typesupport_fastrtps_c.cpython-310-aarch64-linux-gnu.so\n'}
[0.906889] (drone_interfaces) StdoutLine: {'line': b'-- Up-to-date: /home/orangepi/Multitask-Drone/install/drone_interfaces/local/lib/python3.10/dist-packages/drone_interfaces/_drone_interfaces_s.ep.rosidl_typesupport_introspection_c.c\n'}
[0.917947] (drone_interfaces) StdoutLine: {'line': b"Listing '/home/orangepi/Multitask-Drone/install/drone_interfaces/local/lib/python3.10/dist-packages/drone_interfaces'...\n"}
[0.918477] (drone_interfaces) StdoutLine: {'line': b"Listing '/home/orangepi/Multitask-Drone/install/drone_interfaces/local/lib/python3.10/dist-packages/drone_interfaces/action'...\n"}
[0.918633] (drone_interfaces) StdoutLine: {'line': b"Listing '/home/orangepi/Multitask-Drone/install/drone_interfaces/local/lib/python3.10/dist-packages/drone_interfaces/msg'...\n"}
[0.918729] (drone_interfaces) StdoutLine: {'line': b"Listing '/home/orangepi/Multitask-Drone/install/drone_interfaces/local/lib/python3.10/dist-packages/drone_interfaces/srv'...\n"}
[0.934682] (drone_interfaces) StdoutLine: {'line': b'-- Up-to-date: /home/orangepi/Multitask-Drone/install/drone_interfaces/local/lib/python3.10/dist-packages/drone_interfaces/drone_interfaces_s__rosidl_typesupport_fastrtps_c.cpython-310-aarch64-linux-gnu.so\n'}
[0.935314] (drone_interfaces) StdoutLine: {'line': b'-- Up-to-date: /home/orangepi/Multitask-Drone/install/drone_interfaces/local/lib/python3.10/dist-packages/drone_interfaces/drone_interfaces_s__rosidl_typesupport_introspection_c.cpython-310-aarch64-linux-gnu.so\n'}
[0.935633] (drone_interfaces) StdoutLine: {'line': b'-- Up-to-date: /home/orangepi/Multitask-Drone/install/drone_interfaces/local/lib/python3.10/dist-packages/drone_interfaces/drone_interfaces_s__rosidl_typesupport_c.cpython-310-aarch64-linux-gnu.so\n'}
[0.936016] (drone_interfaces) StdoutLine: {'line': b'-- Up-to-date: /home/orangepi/Multitask-Drone/install/drone_interfaces/lib/libdrone_interfaces__rosidl_generator_py.so\n'}
[0.936266] (drone_interfaces) StdoutLine: {'line': b'-- Up-to-date: /home/orangepi/Multitask-Drone/install/drone_interfaces/share/drone_interfaces/msg/Yaw.idl\n'}
[0.936498] (drone_interfaces) StdoutLine: {'line': b'-- Up-to-date: /home/orangepi/Multitask-Drone/install/drone_interfaces/share/drone_interfaces/msg/PanelBox.idl\n'}
[0.936604] (drone_interfaces) StdoutLine: {'line': b'-- Up-to-date: /home/orangepi/Multitask-Drone/install/drone_interfaces/share/drone_interfaces/msg/Task.idl\n'}
[0.936695] (drone_interfaces) StdoutLine: {'line': b'-- Up-to-date: /home/orangepi/Multitask-Drone/install/drone_interfaces/share/drone_interfaces/msg/TaskState.idl\n'}
[0.936901] (drone_interfaces) StdoutLine: {'line': b'-- Up-to-date: /home/orangepi/Multitask-Drone/install/drone_interfaces/share/drone_interfaces/msg/RawWaypoint.idl\n'}
[0.936998] (drone_interfaces) StdoutLine: {'line': b'-- Up-to-date: /home/orangepi/Multitask-Drone/install/drone_interfaces/share/drone_interfaces/srv/TaskDispatch.idl\n'}
[0.937222] (drone_interfaces) StdoutLine: {'line': b'-- Up-to-date: /home/orangepi/Multitask-Drone/install/drone_interfaces/share/drone_interfaces/srv/YoloRequest.idl\n'}
[0.937322] (drone_interfaces) StdoutLine: {'line': b'-- Up-to-date: /home/orangepi/Multitask-Drone/install/drone_interfaces/share/drone_interfaces/srv/TaskPush.idl\n'}
[0.937405] (drone_interfaces) StdoutLine: {'line': b'-- Up-to-date: /home/orangepi/Multitask-Drone/install/drone_interfaces/share/drone_interfaces/action/ExecuteWaypoint.idl\n'}
[0.937491] (drone_interfaces) StdoutLine: {'line': b'-- Up-to-date: /home/orangepi/Multitask-Drone/install/drone_interfaces/share/drone_interfaces/msg/Yaw.msg\n'}
[0.937693] (drone_interfaces) StdoutLine: {'line': b'-- Up-to-date: /home/orangepi/Multitask-Drone/install/drone_interfaces/share/drone_interfaces/msg/PanelBox.msg\n'}
[0.937894] (drone_interfaces) StdoutLine: {'line': b'-- Up-to-date: /home/orangepi/Multitask-Drone/install/drone_interfaces/share/drone_interfaces/msg/Task.msg\n'}
[0.937989] (drone_interfaces) StdoutLine: {'line': b'-- Up-to-date: /home/orangepi/Multitask-Drone/install/drone_interfaces/share/drone_interfaces/msg/TaskState.msg\n'}
[0.938081] (drone_interfaces) StdoutLine: {'line': b'-- Up-to-date: /home/orangepi/Multitask-Drone/install/drone_interfaces/share/drone_interfaces/msg/RawWaypoint.msg\n'}
[0.938166] (drone_interfaces) StdoutLine: {'line': b'-- Up-to-date: /home/orangepi/Multitask-Drone/install/drone_interfaces/share/drone_interfaces/srv/TaskDispatch.srv\n'}
[0.938334] (drone_interfaces) StdoutLine: {'line': b'-- Up-to-date: /home/orangepi/Multitask-Drone/install/drone_interfaces/share/drone_interfaces/srv/TaskDispatch_Request.msg\n'}
[0.938426] (drone_interfaces) StdoutLine: {'line': b'-- Up-to-date: /home/orangepi/Multitask-Drone/install/drone_interfaces/share/drone_interfaces/srv/TaskDispatch_Response.msg\n'}
[0.938656] (drone_interfaces) StdoutLine: {'line': b'-- Up-to-date: /home/orangepi/Multitask-Drone/install/drone_interfaces/share/drone_interfaces/srv/YoloRequest.srv\n'}
[0.938746] (drone_interfaces) StdoutLine: {'line': b'-- Up-to-date: /home/orangepi/Multitask-Drone/install/drone_interfaces/share/drone_interfaces/srv/YoloRequest_Request.msg\n'}
[0.938832] (drone_interfaces) StdoutLine: {'line': b'-- Up-to-date: /home/orangepi/Multitask-Drone/install/drone_interfaces/share/drone_interfaces/srv/YoloRequest_Response.msg\n'}
[0.938909] (drone_interfaces) StdoutLine: {'line': b'-- Up-to-date: /home/orangepi/Multitask-Drone/install/drone_interfaces/share/drone_interfaces/srv/TaskPush.srv\n'}
[0.938986] (drone_interfaces) StdoutLine: {'line': b'-- Up-to-date: /home/orangepi/Multitask-Drone/install/drone_interfaces/share/drone_interfaces/srv/TaskPush_Request.msg\n'}
[0.939064] (drone_interfaces) StdoutLine: {'line': b'-- Up-to-date: /home/orangepi/Multitask-Drone/install/drone_interfaces/share/drone_interfaces/srv/TaskPush_Response.msg\n'}
[0.939212] (drone_interfaces) StdoutLine: {'line': b'-- Up-to-date: /home/orangepi/Multitask-Drone/install/drone_interfaces/share/drone_interfaces/action/ExecuteWaypoint.action\n'}
[0.939300] (drone_interfaces) StdoutLine: {'line': b'-- Up-to-date: /home/orangepi/Multitask-Drone/install/drone_interfaces/share/ament_index/resource_index/package_run_dependencies/drone_interfaces\n'}
[0.939543] (drone_interfaces) StdoutLine: {'line': b'-- Up-to-date: /home/orangepi/Multitask-Drone/install/drone_interfaces/share/ament_index/resource_index/parent_prefix_path/drone_interfaces\n'}
[0.939637] (drone_interfaces) StdoutLine: {'line': b'-- Up-to-date: /home/orangepi/Multitask-Drone/install/drone_interfaces/share/drone_interfaces/environment/ament_prefix_path.sh\n'}
[0.939805] (drone_interfaces) StdoutLine: {'line': b'-- Up-to-date: /home/orangepi/Multitask-Drone/install/drone_interfaces/share/drone_interfaces/environment/ament_prefix_path.dsv\n'}
[0.939894] (drone_interfaces) StdoutLine: {'line': b'-- Up-to-date: /home/orangepi/Multitask-Drone/install/drone_interfaces/share/drone_interfaces/environment/path.sh\n'}
[0.939978] (drone_interfaces) StdoutLine: {'line': b'-- Up-to-date: /home/orangepi/Multitask-Drone/install/drone_interfaces/share/drone_interfaces/environment/path.dsv\n'}
[0.940063] (drone_interfaces) StdoutLine: {'line': b'-- Up-to-date: /home/orangepi/Multitask-Drone/install/drone_interfaces/share/drone_interfaces/local_setup.bash\n'}
[0.940218] (drone_interfaces) StdoutLine: {'line': b'-- Up-to-date: /home/orangepi/Multitask-Drone/install/drone_interfaces/share/drone_interfaces/local_setup.sh\n'}
[0.940315] (drone_interfaces) StdoutLine: {'line': b'-- Up-to-date: /home/orangepi/Multitask-Drone/install/drone_interfaces/share/drone_interfaces/local_setup.zsh\n'}
[0.940419] (drone_interfaces) StdoutLine: {'line': b'-- Up-to-date: /home/orangepi/Multitask-Drone/install/drone_interfaces/share/drone_interfaces/local_setup.dsv\n'}
[0.940515] (drone_interfaces) StdoutLine: {'line': b'-- Installing: /home/orangepi/Multitask-Drone/install/drone_interfaces/share/drone_interfaces/package.dsv\n'}
[0.940601] (drone_interfaces) StdoutLine: {'line': b'-- Up-to-date: /home/orangepi/Multitask-Drone/install/drone_interfaces/share/ament_index/resource_index/packages/drone_interfaces\n'}
[0.940686] (drone_interfaces) StdoutLine: {'line': b'-- Up-to-date: /home/orangepi/Multitask-Drone/install/drone_interfaces/share/drone_interfaces/cmake/export_drone_interfaces__rosidl_generator_cExport.cmake\n'}
[0.940773] (drone_interfaces) StdoutLine: {'line': b'-- Up-to-date: /home/orangepi/Multitask-Drone/install/drone_interfaces/share/drone_interfaces/cmake/export_drone_interfaces__rosidl_generator_cExport-noconfig.cmake\n'}
[0.940861] (drone_interfaces) StdoutLine: {'line': b'-- Up-to-date: /home/orangepi/Multitask-Drone/install/drone_interfaces/share/drone_interfaces/cmake/export_drone_interfaces__rosidl_typesupport_fastrtps_cExport.cmake\n'}
[0.940947] (drone_interfaces) StdoutLine: {'line': b'-- Up-to-date: /home/orangepi/Multitask-Drone/install/drone_interfaces/share/drone_interfaces/cmake/export_drone_interfaces__rosidl_typesupport_fastrtps_cExport-noconfig.cmake\n'}
[0.941033] (drone_interfaces) StdoutLine: {'line': b'-- Up-to-date: /home/orangepi/Multitask-Drone/install/drone_interfaces/share/drone_interfaces/cmake/drone_interfaces__rosidl_typesupport_introspection_cExport.cmake\n'}
[0.941121] (drone_interfaces) StdoutLine: {'line': b'-- Up-to-date: /home/orangepi/Multitask-Drone/install/drone_interfaces/share/drone_interfaces/cmake/drone_interfaces__rosidl_typesupport_introspection_cExport-noconfig.cmake\n'}
[0.941206] (drone_interfaces) StdoutLine: {'line': b'-- Up-to-date: /home/orangepi/Multitask-Drone/install/drone_interfaces/share/drone_interfaces/cmake/drone_interfaces__rosidl_typesupport_cExport.cmake\n'}
[0.941292] (drone_interfaces) StdoutLine: {'line': b'-- Up-to-date: /home/orangepi/Multitask-Drone/install/drone_interfaces/share/drone_interfaces/cmake/drone_interfaces__rosidl_typesupport_cExport-noconfig.cmake\n'}
[0.941535] (drone_interfaces) StdoutLine: {'line': b'-- Up-to-date: /home/orangepi/Multitask-Drone/install/drone_interfaces/share/drone_interfaces/cmake/export_drone_interfaces__rosidl_generator_cppExport.cmake\n'}
[0.941631] (drone_interfaces) StdoutLine: {'line': b'-- Up-to-date: /home/orangepi/Multitask-Drone/install/drone_interfaces/share/drone_interfaces/cmake/export_drone_interfaces__rosidl_typesupport_fastrtps_cppExport.cmake\n'}
[0.941719] (drone_interfaces) StdoutLine: {'line': b'-- Up-to-date: /home/orangepi/Multitask-Drone/install/drone_interfaces/share/drone_interfaces/cmake/export_drone_interfaces__rosidl_typesupport_fastrtps_cppExport-noconfig.cmake\n'}
[0.941805] (drone_interfaces) StdoutLine: {'line': b'-- Up-to-date: /home/orangepi/Multitask-Drone/install/drone_interfaces/share/drone_interfaces/cmake/drone_interfaces__rosidl_typesupport_introspection_cppExport.cmake\n'}
[0.942114] (drone_interfaces) StdoutLine: {'line': b'-- Up-to-date: /home/orangepi/Multitask-Drone/install/drone_interfaces/share/drone_interfaces/cmake/drone_interfaces__rosidl_typesupport_introspection_cppExport-noconfig.cmake\n'}
[0.942196] (drone_interfaces) StdoutLine: {'line': b'-- Up-to-date: /home/orangepi/Multitask-Drone/install/drone_interfaces/share/drone_interfaces/cmake/drone_interfaces__rosidl_typesupport_cppExport.cmake\n'}
[0.942274] (drone_interfaces) StdoutLine: {'line': b'-- Up-to-date: /home/orangepi/Multitask-Drone/install/drone_interfaces/share/drone_interfaces/cmake/drone_interfaces__rosidl_typesupport_cppExport-noconfig.cmake\n'}
[0.942351] (drone_interfaces) StdoutLine: {'line': b'-- Up-to-date: /home/orangepi/Multitask-Drone/install/drone_interfaces/share/drone_interfaces/cmake/export_drone_interfaces__rosidl_generator_pyExport.cmake\n'}
[0.942426] (drone_interfaces) StdoutLine: {'line': b'-- Up-to-date: /home/orangepi/Multitask-Drone/install/drone_interfaces/share/drone_interfaces/cmake/export_drone_interfaces__rosidl_generator_pyExport-noconfig.cmake\n'}
[0.942524] (drone_interfaces) StdoutLine: {'line': b'-- Up-to-date: /home/orangepi/Multitask-Drone/install/drone_interfaces/share/drone_interfaces/cmake/rosidl_cmake-extras.cmake\n'}
[0.942603] (drone_interfaces) StdoutLine: {'line': b'-- Up-to-date: /home/orangepi/Multitask-Drone/install/drone_interfaces/share/drone_interfaces/cmake/ament_cmake_export_dependencies-extras.cmake\n'}
[0.942681] (drone_interfaces) StdoutLine: {'line': b'-- Up-to-date: /home/orangepi/Multitask-Drone/install/drone_interfaces/share/drone_interfaces/cmake/ament_cmake_export_include_directories-extras.cmake\n'}
[0.942758] (drone_interfaces) StdoutLine: {'line': b'-- Up-to-date: /home/orangepi/Multitask-Drone/install/drone_interfaces/share/drone_interfaces/cmake/ament_cmake_export_libraries-extras.cmake\n'}
[0.942845] (drone_interfaces) StdoutLine: {'line': b'-- Up-to-date: /home/orangepi/Multitask-Drone/install/drone_interfaces/share/drone_interfaces/cmake/ament_cmake_export_targets-extras.cmake\n'}
[0.942925] (drone_interfaces) StdoutLine: {'line': b'-- Up-to-date: /home/orangepi/Multitask-Drone/install/drone_interfaces/share/drone_interfaces/cmake/rosidl_cmake_export_typesupport_targets-extras.cmake\n'}
[0.943002] (drone_interfaces) StdoutLine: {'line': b'-- Up-to-date: /home/orangepi/Multitask-Drone/install/drone_interfaces/share/drone_interfaces/cmake/rosidl_cmake_export_typesupport_libraries-extras.cmake\n'}
[0.943081] (drone_interfaces) StdoutLine: {'line': b'-- Up-to-date: /home/orangepi/Multitask-Drone/install/drone_interfaces/share/drone_interfaces/cmake/drone_interfacesConfig.cmake\n'}
[0.943158] (drone_interfaces) StdoutLine: {'line': b'-- Up-to-date: /home/orangepi/Multitask-Drone/install/drone_interfaces/share/drone_interfaces/cmake/drone_interfacesConfig-version.cmake\n'}
[0.943234] (drone_interfaces) StdoutLine: {'line': b'-- Up-to-date: /home/orangepi/Multitask-Drone/install/drone_interfaces/share/drone_interfaces/package.xml\n'}
[0.947401] (drone_interfaces) CommandEnded: {'returncode': 0}
[1.002031] (-) TimerEvent: {}
[1.036263] (drone_interfaces) JobEnded: {'identifier': 'drone_interfaces', 'rc': 0}
[1.038776] (drone_controller) JobStarted: {'identifier': 'drone_controller'}
[1.045358] (drone_vision) JobStarted: {'identifier': 'drone_vision'}
[1.102235] (-) TimerEvent: {}
[1.203061] (-) TimerEvent: {}
[1.303921] (-) TimerEvent: {}
[1.405131] (-) TimerEvent: {}
[1.495508] (drone_monitor) Command: {'cmd': ['/usr/bin/python3', '-W', 'ignore:setup.py install is deprecated', '-W', 'ignore:easy_install command is deprecated', 'setup.py', 'egg_info', '--egg-base', '../../build/drone_monitor', 'build', '--build-base', '/home/orangepi/Multitask-Drone/build/drone_monitor/build', 'install', '--record', '/home/orangepi/Multitask-Drone/build/drone_monitor/install.log', '--single-version-externally-managed', 'install_data'], 'cwd': '/home/orangepi/Multitask-Drone/src/drone_monitor', 'env': {'LESSOPEN': '| /usr/bin/lesspipe %s', 'UMS_MOUNTPOINT': '/mnt/ums', 'GST_V4L2_PREFERRED_FOURCC': 'NV12:YU12:NV16:YUY2', 'LANGUAGE': 'en_US.UTF-8', 'USER': 'orangepi', 'SSH_CLIENT': '192.168.137.1 64586 22', 'XDG_SESSION_TYPE': 'tty', 'GIT_ASKPASS': '/home/orangepi/.vscode-server/cli/servers/Stable-fabdb6a30b49f79a7aba0f2ad9df9b399473380f/server/extensions/git/dist/askpass.sh', 'SHLVL': '2', 'USB_FUNCS': 'adb', 'LD_LIBRARY_PATH': '/opt/ros/humble/opt/rviz_ogre_vendor/lib:/opt/ros/humble/lib/aarch64-linux-gnu:/opt/ros/humble/lib', 'BROWSER': '/home/orangepi/.vscode-server/cli/servers/Stable-fabdb6a30b49f79a7aba0f2ad9df9b399473380f/server/bin/helpers/browser.sh', 'MOTD_SHOWN': 'pam', 'HOME': '/home/orangepi', 'OLDPWD': '/home/orangepi', 'TERM_PROGRAM_VERSION': '1.96.2', 'VSCODE_IPC_HOOK_CLI': '/run/user/1000/vscode-ipc-a4612af7-1b13-455e-8ff0-2e80a99a34ba.sock', 'GST_INSPECT_NO_COLORS': '1', 'GST_MPP_NO_RGA': '1', 'ROS_PYTHON_VERSION': '3', 'COGL_DRIVER': 'gles2', 'VSCODE_GIT_ASKPASS_MAIN': '/home/orangepi/.vscode-server/cli/servers/Stable-fabdb6a30b49f79a7aba0f2ad9df9b399473380f/server/extensions/git/dist/askpass-main.js', 'VSCODE_GIT_ASKPASS_NODE': '/home/orangepi/.vscode-server/cli/servers/Stable-fabdb6a30b49f79a7aba0f2ad9df9b399473380f/server/node', 'SSL_CERT_FILE': '/usr/lib/ssl/certs/ca-certificates.crt', 'DBUS_SESSION_BUS_ADDRESS': 'unix:path=/run/user/1000/bus', 'COLORTERM': 'truecolor', 'GST_V4L2SRC_MAX_RESOLUTION': '3840x2160', 'ROS_DISTRO': 'humble', 'LOGNAME': 'orangepi', '_': '/usr/bin/colcon', 'ROS_VERSION': '2', 'XDG_SESSION_CLASS': 'user', 'TERM': 'xterm-256color', 'GST_GL_API': 'gles2', 'XDG_SESSION_ID': '5', 'GST_VIDEO_CONVERT_PREFERRED_FORMAT': 'NV12:NV16:I420:YUY2', 'GST_V4L2SRC_RK_DEVICES': '_mainpath:_selfpath:_bypass:_scale', 'ROS_LOCALHOST_ONLY': '0', 'PATH': '/home/orangepi/.vscode-server/cli/servers/Stable-fabdb6a30b49f79a7aba0f2ad9df9b399473380f/server/bin/remote-cli:/home/orangepi/.local/bin:/opt/ros/humble/bin:/usr/local/sbin:/usr/local/bin:/usr/sbin:/usr/bin:/sbin:/bin:/usr/games:/usr/local/games:/snap/bin', 'XDG_RUNTIME_DIR': '/run/user/1000', 'GST_GL_PLATFORM': 'egl', 'GST_DEBUG_NO_COLOR': '1', 'SSL_CERT_DIR': '/usr/lib/ssl/certs', 'GST_V4L2SRC_DEFAULT_DEVICE': '/dev/video-camera0', 'DISPLAY': ':0', 'LANG': 'en_US.UTF-8', 'LS_COLORS': 'rs=0:di=01;34:ln=01;36:mh=00:pi=40;33:so=01;35:do=01;35:bd=40;33;01:cd=40;33;01:or=40;31;01:mi=00:su=37;41:sg=30;43:ca=30;41:tw=30;42:ow=34;42:st=37;44:ex=01;32:*.tar=01;31:*.tgz=01;31:*.arc=01;31:*.arj=01;31:*.taz=01;31:*.lha=01;31:*.lz4=01;31:*.lzh=01;31:*.lzma=01;31:*.tlz=01;31:*.txz=01;31:*.tzo=01;31:*.t7z=01;31:*.zip=01;31:*.z=01;31:*.dz=01;31:*.gz=01;31:*.lrz=01;31:*.lz=01;31:*.lzo=01;31:*.xz=01;31:*.zst=01;31:*.tzst=01;31:*.bz2=01;31:*.bz=01;31:*.tbz=01;31:*.tbz2=01;31:*.tz=01;31:*.deb=01;31:*.rpm=01;31:*.jar=01;31:*.war=01;31:*.ear=01;31:*.sar=01;31:*.rar=01;31:*.alz=01;31:*.ace=01;31:*.zoo=01;31:*.cpio=01;31:*.7z=01;31:*.rz=01;31:*.cab=01;31:*.wim=01;31:*.swm=01;31:*.dwm=01;31:*.esd=01;31:*.jpg=01;35:*.jpeg=01;35:*.mjpg=01;35:*.mjpeg=01;35:*.gif=01;35:*.bmp=01;35:*.pbm=01;35:*.pgm=01;35:*.ppm=01;35:*.tga=01;35:*.xbm=01;35:*.xpm=01;35:*.tif=01;35:*.tiff=01;35:*.png=01;35:*.svg=01;35:*.svgz=01;35:*.mng=01;35:*.pcx=01;35:*.mov=01;35:*.mpg=01;35:*.mpeg=01;35:*.m2v=01;35:*.mkv=01;35:*.webm=01;35:*.webp=01;35:*.ogm=01;35:*.mp4=01;35:*.m4v=01;35:*.mp4v=01;35:*.vob=01;35:*.qt=01;35:*.nuv=01;35:*.wmv=01;35:*.asf=01;35:*.rm=01;35:*.rmvb=01;35:*.flc=01;35:*.avi=01;35:*.fli=01;35:*.flv=01;35:*.gl=01;35:*.dl=01;35:*.xcf=01;35:*.xwd=01;35:*.yuv=01;35:*.cgm=01;35:*.emf=01;35:*.ogv=01;35:*.ogx=01;35:*.aac=00;36:*.au=00;36:*.flac=00;36:*.m4a=00;36:*.mid=00;36:*.midi=00;36:*.mka=00;36:*.mp3=00;36:*.mpc=00;36:*.ogg=00;36:*.ra=00;36:*.wav=00;36:*.oga=00;36:*.opus=00;36:*.spx=00;36:*.xspf=00;36:', 'VSCODE_GIT_IPC_HANDLE': '/run/user/1000/vscode-git-d88bdced48.sock', 'TERM_PROGRAM': 'vscode', 'GST_V4L2_USE_LIBV4L2': '1', 'UMS_SIZE': '256M', 'AMENT_PREFIX_PATH': '/opt/ros/humble', 'LC_MESSAGES': 'en_US.UTF-8', 'SHELL': '/bin/bash', 'UMS_RO': '0', 'LESSCLOSE': '/usr/bin/lesspipe %s %s', 'UMS_FSTYPE': 'vfat', 'VSCODE_GIT_ASKPASS_EXTRA_ARGS': '', 'PWD': '/home/orangepi/Multitask-Drone/build/drone_monitor', 'LC_ALL': 'en_US.UTF-8', 'SSH_CONNECTION': '192.168.137.1 64586 192.168.137.2 22', 'PYTHONPATH': '/home/orangepi/Multitask-Drone/build/drone_monitor/prefix_override:/usr/lib/python3/dist-packages/colcon_core/task/python/colcon_distutils_commands:/home/orangepi/Multitask-Drone/install/drone_monitor/lib/python3.10/site-packages:/opt/ros/humble/lib/python3.10/site-packages:/opt/ros/humble/local/lib/python3.10/dist-packages', 'UMS_MOUNT': '0', 'COLCON': '1', 'UMS_FILE': '/userdata/ums_shared.img'}, 'shell': False}
[1.505255] (-) TimerEvent: {}
[1.606174] (-) TimerEvent: {}
[1.707352] (-) TimerEvent: {}
[1.808423] (-) TimerEvent: {}
[1.909786] (-) TimerEvent: {}
[1.981678] (drone_monitor) StdoutLine: {'line': b'running egg_info\n'}
[1.983869] (drone_monitor) StdoutLine: {'line': b'writing ../../build/drone_monitor/drone_monitor.egg-info/PKG-INFO\n'}
[1.986883] (drone_monitor) StdoutLine: {'line': b'writing dependency_links to ../../build/drone_monitor/drone_monitor.egg-info/dependency_links.txt\n'}
[1.988226] (drone_monitor) StdoutLine: {'line': b'writing entry points to ../../build/drone_monitor/drone_monitor.egg-info/entry_points.txt\n'}
[1.989451] (drone_monitor) StdoutLine: {'line': b'writing requirements to ../../build/drone_monitor/drone_monitor.egg-info/requires.txt\n'}
[1.990939] (drone_monitor) StdoutLine: {'line': b'writing top-level names to ../../build/drone_monitor/drone_monitor.egg-info/top_level.txt\n'}
[1.994886] (drone_monitor) StdoutLine: {'line': b"reading manifest file '../../build/drone_monitor/drone_monitor.egg-info/SOURCES.txt'\n"}
[1.996430] (drone_monitor) StdoutLine: {'line': b"adding license file 'LICENSE'\n"}
[1.998382] (drone_monitor) StdoutLine: {'line': b"writing manifest file '../../build/drone_monitor/drone_monitor.egg-info/SOURCES.txt'\n"}
[1.999140] (drone_monitor) StdoutLine: {'line': b'running build\n'}
[1.999838] (drone_monitor) StdoutLine: {'line': b'running build_py\n'}
[2.002386] (drone_monitor) StdoutLine: {'line': b'running install\n'}
[2.005067] (drone_monitor) StdoutLine: {'line': b'running install_lib\n'}
[2.007168] (drone_monitor) StdoutLine: {'line': b'running install_data\n'}
[2.009534] (drone_monitor) StdoutLine: {'line': b'running install_egg_info\n'}
[2.010150] (-) TimerEvent: {}
[2.010866] (drone_monitor) StdoutLine: {'line': b"removing '/home/orangepi/Multitask-Drone/install/drone_monitor/lib/python3.10/site-packages/drone_monitor-0.0.0-py3.10.egg-info' (and everything under it)\n"}
[2.011543] (drone_monitor) StdoutLine: {'line': b'Copying ../../build/drone_monitor/drone_monitor.egg-info to /home/orangepi/Multitask-Drone/install/drone_monitor/lib/python3.10/site-packages/drone_monitor-0.0.0-py3.10.egg-info\n'}
[2.012115] (drone_monitor) StdoutLine: {'line': b'running install_scripts\n'}
[2.012603] (drone_monitor) StdoutLine: {'line': b"writing list of installed files to '/home/orangepi/Multitask-Drone/build/drone_monitor/install.log'\n"}
[2.031588] (drone_monitor) CommandEnded: {'returncode': 0}
[2.044005] (drone_monitor) JobEnded: {'identifier': 'drone_monitor', 'rc': 0}
[2.110585] (-) TimerEvent: {}
[2.211740] (-) TimerEvent: {}
[2.312948] (-) TimerEvent: {}
[2.414357] (-) TimerEvent: {}
[2.515441] (-) TimerEvent: {}
[2.547122] (drone_controller) Command: {'cmd': ['/usr/bin/python3', '-W', 'ignore:setup.py install is deprecated', '-W', 'ignore:easy_install command is deprecated', 'setup.py', 'egg_info', '--egg-base', '../../build/drone_controller', 'build', '--build-base', '/home/orangepi/Multitask-Drone/build/drone_controller/build', 'install', '--record', '/home/orangepi/Multitask-Drone/build/drone_controller/install.log', '--single-version-externally-managed', 'install_data'], 'cwd': '/home/orangepi/Multitask-Drone/src/drone_controller', 'env': {'LESSOPEN': '| /usr/bin/lesspipe %s', 'UMS_MOUNTPOINT': '/mnt/ums', 'GST_V4L2_PREFERRED_FOURCC': 'NV12:YU12:NV16:YUY2', 'LANGUAGE': 'en_US.UTF-8', 'USER': 'orangepi', 'SSH_CLIENT': '192.168.137.1 64586 22', 'XDG_SESSION_TYPE': 'tty', 'GIT_ASKPASS': '/home/orangepi/.vscode-server/cli/servers/Stable-fabdb6a30b49f79a7aba0f2ad9df9b399473380f/server/extensions/git/dist/askpass.sh', 'SHLVL': '2', 'USB_FUNCS': 'adb', 'LD_LIBRARY_PATH': '/home/orangepi/Multitask-Drone/install/drone_interfaces/lib:/opt/ros/humble/opt/rviz_ogre_vendor/lib:/opt/ros/humble/lib/aarch64-linux-gnu:/opt/ros/humble/lib', 'BROWSER': '/home/orangepi/.vscode-server/cli/servers/Stable-fabdb6a30b49f79a7aba0f2ad9df9b399473380f/server/bin/helpers/browser.sh', 'MOTD_SHOWN': 'pam', 'HOME': '/home/orangepi', 'OLDPWD': '/home/orangepi', 'TERM_PROGRAM_VERSION': '1.96.2', 'VSCODE_IPC_HOOK_CLI': '/run/user/1000/vscode-ipc-a4612af7-1b13-455e-8ff0-2e80a99a34ba.sock', 'GST_INSPECT_NO_COLORS': '1', 'GST_MPP_NO_RGA': '1', 'ROS_PYTHON_VERSION': '3', 'COGL_DRIVER': 'gles2', 'VSCODE_GIT_ASKPASS_MAIN': '/home/orangepi/.vscode-server/cli/servers/Stable-fabdb6a30b49f79a7aba0f2ad9df9b399473380f/server/extensions/git/dist/askpass-main.js', 'VSCODE_GIT_ASKPASS_NODE': '/home/orangepi/.vscode-server/cli/servers/Stable-fabdb6a30b49f79a7aba0f2ad9df9b399473380f/server/node', 'SSL_CERT_FILE': '/usr/lib/ssl/certs/ca-certificates.crt', 'DBUS_SESSION_BUS_ADDRESS': 'unix:path=/run/user/1000/bus', 'COLORTERM': 'truecolor', 'GST_V4L2SRC_MAX_RESOLUTION': '3840x2160', 'ROS_DISTRO': 'humble', 'LOGNAME': 'orangepi', '_': '/usr/bin/colcon', 'ROS_VERSION': '2', 'XDG_SESSION_CLASS': 'user', 'TERM': 'xterm-256color', 'GST_GL_API': 'gles2', 'XDG_SESSION_ID': '5', 'GST_VIDEO_CONVERT_PREFERRED_FORMAT': 'NV12:NV16:I420:YUY2', 'GST_V4L2SRC_RK_DEVICES': '_mainpath:_selfpath:_bypass:_scale', 'ROS_LOCALHOST_ONLY': '0', 'PATH': '/home/orangepi/.vscode-server/cli/servers/Stable-fabdb6a30b49f79a7aba0f2ad9df9b399473380f/server/bin/remote-cli:/home/orangepi/.local/bin:/opt/ros/humble/bin:/usr/local/sbin:/usr/local/bin:/usr/sbin:/usr/bin:/sbin:/bin:/usr/games:/usr/local/games:/snap/bin', 'XDG_RUNTIME_DIR': '/run/user/1000', 'GST_GL_PLATFORM': 'egl', 'GST_DEBUG_NO_COLOR': '1', 'SSL_CERT_DIR': '/usr/lib/ssl/certs', 'GST_V4L2SRC_DEFAULT_DEVICE': '/dev/video-camera0', 'DISPLAY': ':0', 'LANG': 'en_US.UTF-8', 'LS_COLORS': 'rs=0:di=01;34:ln=01;36:mh=00:pi=40;33:so=01;35:do=01;35:bd=40;33;01:cd=40;33;01:or=40;31;01:mi=00:su=37;41:sg=30;43:ca=30;41:tw=30;42:ow=34;42:st=37;44:ex=01;32:*.tar=01;31:*.tgz=01;31:*.arc=01;31:*.arj=01;31:*.taz=01;31:*.lha=01;31:*.lz4=01;31:*.lzh=01;31:*.lzma=01;31:*.tlz=01;31:*.txz=01;31:*.tzo=01;31:*.t7z=01;31:*.zip=01;31:*.z=01;31:*.dz=01;31:*.gz=01;31:*.lrz=01;31:*.lz=01;31:*.lzo=01;31:*.xz=01;31:*.zst=01;31:*.tzst=01;31:*.bz2=01;31:*.bz=01;31:*.tbz=01;31:*.tbz2=01;31:*.tz=01;31:*.deb=01;31:*.rpm=01;31:*.jar=01;31:*.war=01;31:*.ear=01;31:*.sar=01;31:*.rar=01;31:*.alz=01;31:*.ace=01;31:*.zoo=01;31:*.cpio=01;31:*.7z=01;31:*.rz=01;31:*.cab=01;31:*.wim=01;31:*.swm=01;31:*.dwm=01;31:*.esd=01;31:*.jpg=01;35:*.jpeg=01;35:*.mjpg=01;35:*.mjpeg=01;35:*.gif=01;35:*.bmp=01;35:*.pbm=01;35:*.pgm=01;35:*.ppm=01;35:*.tga=01;35:*.xbm=01;35:*.xpm=01;35:*.tif=01;35:*.tiff=01;35:*.png=01;35:*.svg=01;35:*.svgz=01;35:*.mng=01;35:*.pcx=01;35:*.mov=01;35:*.mpg=01;35:*.mpeg=01;35:*.m2v=01;35:*.mkv=01;35:*.webm=01;35:*.webp=01;35:*.ogm=01;35:*.mp4=01;35:*.m4v=01;35:*.mp4v=01;35:*.vob=01;35:*.qt=01;35:*.nuv=01;35:*.wmv=01;35:*.asf=01;35:*.rm=01;35:*.rmvb=01;35:*.flc=01;35:*.avi=01;35:*.fli=01;35:*.flv=01;35:*.gl=01;35:*.dl=01;35:*.xcf=01;35:*.xwd=01;35:*.yuv=01;35:*.cgm=01;35:*.emf=01;35:*.ogv=01;35:*.ogx=01;35:*.aac=00;36:*.au=00;36:*.flac=00;36:*.m4a=00;36:*.mid=00;36:*.midi=00;36:*.mka=00;36:*.mp3=00;36:*.mpc=00;36:*.ogg=00;36:*.ra=00;36:*.wav=00;36:*.oga=00;36:*.opus=00;36:*.spx=00;36:*.xspf=00;36:', 'VSCODE_GIT_IPC_HANDLE': '/run/user/1000/vscode-git-d88bdced48.sock', 'TERM_PROGRAM': 'vscode', 'GST_V4L2_USE_LIBV4L2': '1', 'UMS_SIZE': '256M', 'AMENT_PREFIX_PATH': '/home/orangepi/Multitask-Drone/install/drone_interfaces:/opt/ros/humble', 'LC_MESSAGES': 'en_US.UTF-8', 'SHELL': '/bin/bash', 'UMS_RO': '0', 'LESSCLOSE': '/usr/bin/lesspipe %s %s', 'UMS_FSTYPE': 'vfat', 'VSCODE_GIT_ASKPASS_EXTRA_ARGS': '', 'PWD': '/home/orangepi/Multitask-Drone/build/drone_controller', 'LC_ALL': 'en_US.UTF-8', 'SSH_CONNECTION': '192.168.137.1 64586 192.168.137.2 22', 'PYTHONPATH': '/home/orangepi/Multitask-Drone/build/drone_controller/prefix_override:/usr/lib/python3/dist-packages/colcon_core/task/python/colcon_distutils_commands:/home/orangepi/Multitask-Drone/install/drone_controller/lib/python3.10/site-packages:/home/orangepi/Multitask-Drone/install/drone_interfaces/local/lib/python3.10/dist-packages:/opt/ros/humble/lib/python3.10/site-packages:/opt/ros/humble/local/lib/python3.10/dist-packages', 'UMS_MOUNT': '0', 'COLCON': '1', 'UMS_FILE': '/userdata/ums_shared.img', 'CMAKE_PREFIX_PATH': '/home/orangepi/Multitask-Drone/install/drone_interfaces'}, 'shell': False}
[2.596020] (drone_vision) Command: {'cmd': ['/usr/bin/python3', '-W', 'ignore:setup.py install is deprecated', '-W', 'ignore:easy_install command is deprecated', 'setup.py', 'egg_info', '--egg-base', '../../build/drone_vision', 'build', '--build-base', '/home/orangepi/Multitask-Drone/build/drone_vision/build', 'install', '--record', '/home/orangepi/Multitask-Drone/build/drone_vision/install.log', '--single-version-externally-managed', 'install_data'], 'cwd': '/home/orangepi/Multitask-Drone/src/drone_vision', 'env': {'LESSOPEN': '| /usr/bin/lesspipe %s', 'UMS_MOUNTPOINT': '/mnt/ums', 'GST_V4L2_PREFERRED_FOURCC': 'NV12:YU12:NV16:YUY2', 'LANGUAGE': 'en_US.UTF-8', 'USER': 'orangepi', 'SSH_CLIENT': '192.168.137.1 64586 22', 'XDG_SESSION_TYPE': 'tty', 'GIT_ASKPASS': '/home/orangepi/.vscode-server/cli/servers/Stable-fabdb6a30b49f79a7aba0f2ad9df9b399473380f/server/extensions/git/dist/askpass.sh', 'SHLVL': '2', 'USB_FUNCS': 'adb', 'LD_LIBRARY_PATH': '/home/orangepi/Multitask-Drone/install/drone_interfaces/lib:/opt/ros/humble/opt/rviz_ogre_vendor/lib:/opt/ros/humble/lib/aarch64-linux-gnu:/opt/ros/humble/lib', 'BROWSER': '/home/orangepi/.vscode-server/cli/servers/Stable-fabdb6a30b49f79a7aba0f2ad9df9b399473380f/server/bin/helpers/browser.sh', 'MOTD_SHOWN': 'pam', 'HOME': '/home/orangepi', 'OLDPWD': '/home/orangepi', 'TERM_PROGRAM_VERSION': '1.96.2', 'VSCODE_IPC_HOOK_CLI': '/run/user/1000/vscode-ipc-a4612af7-1b13-455e-8ff0-2e80a99a34ba.sock', 'GST_INSPECT_NO_COLORS': '1', 'GST_MPP_NO_RGA': '1', 'ROS_PYTHON_VERSION': '3', 'COGL_DRIVER': 'gles2', 'VSCODE_GIT_ASKPASS_MAIN': '/home/orangepi/.vscode-server/cli/servers/Stable-fabdb6a30b49f79a7aba0f2ad9df9b399473380f/server/extensions/git/dist/askpass-main.js', 'VSCODE_GIT_ASKPASS_NODE': '/home/orangepi/.vscode-server/cli/servers/Stable-fabdb6a30b49f79a7aba0f2ad9df9b399473380f/server/node', 'SSL_CERT_FILE': '/usr/lib/ssl/certs/ca-certificates.crt', 'DBUS_SESSION_BUS_ADDRESS': 'unix:path=/run/user/1000/bus', 'COLORTERM': 'truecolor', 'GST_V4L2SRC_MAX_RESOLUTION': '3840x2160', 'ROS_DISTRO': 'humble', 'LOGNAME': 'orangepi', '_': '/usr/bin/colcon', 'ROS_VERSION': '2', 'XDG_SESSION_CLASS': 'user', 'TERM': 'xterm-256color', 'GST_GL_API': 'gles2', 'XDG_SESSION_ID': '5', 'GST_VIDEO_CONVERT_PREFERRED_FORMAT': 'NV12:NV16:I420:YUY2', 'GST_V4L2SRC_RK_DEVICES': '_mainpath:_selfpath:_bypass:_scale', 'ROS_LOCALHOST_ONLY': '0', 'PATH': '/home/orangepi/.vscode-server/cli/servers/Stable-fabdb6a30b49f79a7aba0f2ad9df9b399473380f/server/bin/remote-cli:/home/orangepi/.local/bin:/opt/ros/humble/bin:/usr/local/sbin:/usr/local/bin:/usr/sbin:/usr/bin:/sbin:/bin:/usr/games:/usr/local/games:/snap/bin', 'XDG_RUNTIME_DIR': '/run/user/1000', 'GST_GL_PLATFORM': 'egl', 'GST_DEBUG_NO_COLOR': '1', 'SSL_CERT_DIR': '/usr/lib/ssl/certs', 'GST_V4L2SRC_DEFAULT_DEVICE': '/dev/video-camera0', 'DISPLAY': ':0', 'LANG': 'en_US.UTF-8', 'LS_COLORS': 'rs=0:di=01;34:ln=01;36:mh=00:pi=40;33:so=01;35:do=01;35:bd=40;33;01:cd=40;33;01:or=40;31;01:mi=00:su=37;41:sg=30;43:ca=30;41:tw=30;42:ow=34;42:st=37;44:ex=01;32:*.tar=01;31:*.tgz=01;31:*.arc=01;31:*.arj=01;31:*.taz=01;31:*.lha=01;31:*.lz4=01;31:*.lzh=01;31:*.lzma=01;31:*.tlz=01;31:*.txz=01;31:*.tzo=01;31:*.t7z=01;31:*.zip=01;31:*.z=01;31:*.dz=01;31:*.gz=01;31:*.lrz=01;31:*.lz=01;31:*.lzo=01;31:*.xz=01;31:*.zst=01;31:*.tzst=01;31:*.bz2=01;31:*.bz=01;31:*.tbz=01;31:*.tbz2=01;31:*.tz=01;31:*.deb=01;31:*.rpm=01;31:*.jar=01;31:*.war=01;31:*.ear=01;31:*.sar=01;31:*.rar=01;31:*.alz=01;31:*.ace=01;31:*.zoo=01;31:*.cpio=01;31:*.7z=01;31:*.rz=01;31:*.cab=01;31:*.wim=01;31:*.swm=01;31:*.dwm=01;31:*.esd=01;31:*.jpg=01;35:*.jpeg=01;35:*.mjpg=01;35:*.mjpeg=01;35:*.gif=01;35:*.bmp=01;35:*.pbm=01;35:*.pgm=01;35:*.ppm=01;35:*.tga=01;35:*.xbm=01;35:*.xpm=01;35:*.tif=01;35:*.tiff=01;35:*.png=01;35:*.svg=01;35:*.svgz=01;35:*.mng=01;35:*.pcx=01;35:*.mov=01;35:*.mpg=01;35:*.mpeg=01;35:*.m2v=01;35:*.mkv=01;35:*.webm=01;35:*.webp=01;35:*.ogm=01;35:*.mp4=01;35:*.m4v=01;35:*.mp4v=01;35:*.vob=01;35:*.qt=01;35:*.nuv=01;35:*.wmv=01;35:*.asf=01;35:*.rm=01;35:*.rmvb=01;35:*.flc=01;35:*.avi=01;35:*.fli=01;35:*.flv=01;35:*.gl=01;35:*.dl=01;35:*.xcf=01;35:*.xwd=01;35:*.yuv=01;35:*.cgm=01;35:*.emf=01;35:*.ogv=01;35:*.ogx=01;35:*.aac=00;36:*.au=00;36:*.flac=00;36:*.m4a=00;36:*.mid=00;36:*.midi=00;36:*.mka=00;36:*.mp3=00;36:*.mpc=00;36:*.ogg=00;36:*.ra=00;36:*.wav=00;36:*.oga=00;36:*.opus=00;36:*.spx=00;36:*.xspf=00;36:', 'VSCODE_GIT_IPC_HANDLE': '/run/user/1000/vscode-git-d88bdced48.sock', 'TERM_PROGRAM': 'vscode', 'GST_V4L2_USE_LIBV4L2': '1', 'UMS_SIZE': '256M', 'AMENT_PREFIX_PATH': '/home/orangepi/Multitask-Drone/install/drone_interfaces:/opt/ros/humble', 'LC_MESSAGES': 'en_US.UTF-8', 'SHELL': '/bin/bash', 'UMS_RO': '0', 'LESSCLOSE': '/usr/bin/lesspipe %s %s', 'UMS_FSTYPE': 'vfat', 'VSCODE_GIT_ASKPASS_EXTRA_ARGS': '', 'PWD': '/home/orangepi/Multitask-Drone/build/drone_vision', 'LC_ALL': 'en_US.UTF-8', 'SSH_CONNECTION': '192.168.137.1 64586 192.168.137.2 22', 'PYTHONPATH': '/home/orangepi/Multitask-Drone/build/drone_vision/prefix_override:/usr/lib/python3/dist-packages/colcon_core/task/python/colcon_distutils_commands:/home/orangepi/Multitask-Drone/install/drone_vision/lib/python3.10/site-packages:/home/orangepi/Multitask-Drone/install/drone_interfaces/local/lib/python3.10/dist-packages:/opt/ros/humble/lib/python3.10/site-packages:/opt/ros/humble/local/lib/python3.10/dist-packages', 'UMS_MOUNT': '0', 'COLCON': '1', 'UMS_FILE': '/userdata/ums_shared.img', 'CMAKE_PREFIX_PATH': '/home/orangepi/Multitask-Drone/install/drone_interfaces'}, 'shell': False}
[2.615533] (-) TimerEvent: {}
[2.715970] (-) TimerEvent: {}
[2.816422] (-) TimerEvent: {}
[2.906212] (drone_controller) StdoutLine: {'line': b'running egg_info\n'}
[2.908312] (drone_controller) StdoutLine: {'line': b'writing ../../build/drone_controller/drone_controller.egg-info/PKG-INFO\n'}
[2.909443] (drone_controller) StdoutLine: {'line': b'writing dependency_links to ../../build/drone_controller/drone_controller.egg-info/dependency_links.txt\n'}
[2.910432] (drone_controller) StdoutLine: {'line': b'writing entry points to ../../build/drone_controller/drone_controller.egg-info/entry_points.txt\n'}
[2.911315] (drone_controller) StdoutLine: {'line': b'writing requirements to ../../build/drone_controller/drone_controller.egg-info/requires.txt\n'}
[2.911781] (drone_controller) StdoutLine: {'line': b'writing top-level names to ../../build/drone_controller/drone_controller.egg-info/top_level.txt\n'}
[2.916502] (drone_controller) StdoutLine: {'line': b"reading manifest file '../../build/drone_controller/drone_controller.egg-info/SOURCES.txt'\n"}
[2.917214] (-) TimerEvent: {}
[2.917702] (drone_controller) StdoutLine: {'line': b"adding license file 'LICENSE'\n"}
[2.918364] (drone_controller) StdoutLine: {'line': b"writing manifest file '../../build/drone_controller/drone_controller.egg-info/SOURCES.txt'\n"}
[2.918843] (drone_controller) StdoutLine: {'line': b'running build\n'}
[2.919218] (drone_controller) StdoutLine: {'line': b'running build_py\n'}
[2.920093] (drone_controller) StdoutLine: {'line': b'running install\n'}
[2.920876] (drone_controller) StdoutLine: {'line': b'running install_lib\n'}
[2.924269] (drone_controller) StdoutLine: {'line': b'running install_data\n'}
[2.924613] (drone_controller) StdoutLine: {'line': b'running install_egg_info\n'}
[2.930788] (drone_controller) StdoutLine: {'line': b"removing '/home/orangepi/Multitask-Drone/install/drone_controller/lib/python3.10/site-packages/drone_controller-0.0.0-py3.10.egg-info' (and everything under it)\n"}
[2.931450] (drone_controller) StdoutLine: {'line': b'Copying ../../build/drone_controller/drone_controller.egg-info to /home/orangepi/Multitask-Drone/install/drone_controller/lib/python3.10/site-packages/drone_controller-0.0.0-py3.10.egg-info\n'}
[2.932613] (drone_controller) StdoutLine: {'line': b'running install_scripts\n'}
[2.949261] (drone_vision) StdoutLine: {'line': b'running egg_info\n'}
[2.950942] (drone_vision) StdoutLine: {'line': b'writing ../../build/drone_vision/drone_vision.egg-info/PKG-INFO\n'}
[2.951649] (drone_vision) StdoutLine: {'line': b'writing dependency_links to ../../build/drone_vision/drone_vision.egg-info/dependency_links.txt\n'}
[2.952269] (drone_vision) StdoutLine: {'line': b'writing entry points to ../../build/drone_vision/drone_vision.egg-info/entry_points.txt\n'}
[2.952664] (drone_vision) StdoutLine: {'line': b'writing requirements to ../../build/drone_vision/drone_vision.egg-info/requires.txt\n'}
[2.953051] (drone_vision) StdoutLine: {'line': b'writing top-level names to ../../build/drone_vision/drone_vision.egg-info/top_level.txt\n'}
[2.956867] (drone_vision) StdoutLine: {'line': b"reading manifest file '../../build/drone_vision/drone_vision.egg-info/SOURCES.txt'\n"}
[2.957630] (drone_vision) StdoutLine: {'line': b"adding license file 'LICENSE'\n"}
[2.958175] (drone_vision) StdoutLine: {'line': b"writing manifest file '../../build/drone_vision/drone_vision.egg-info/SOURCES.txt'\n"}
[2.958700] (drone_vision) StdoutLine: {'line': b'running build\n'}
[2.959076] (drone_vision) StdoutLine: {'line': b'running build_py\n'}
[2.959554] (drone_vision) StdoutLine: {'line': b'running install\n'}
[2.960191] (drone_vision) StdoutLine: {'line': b'running install_lib\n'}
[2.963447] (drone_vision) StdoutLine: {'line': b'running install_data\n'}
[2.964172] (drone_vision) StdoutLine: {'line': b'running install_egg_info\n'}
[2.967955] (drone_vision) StdoutLine: {'line': b"removing '/home/orangepi/Multitask-Drone/install/drone_vision/lib/python3.10/site-packages/drone_vision-0.0.0-py3.10.egg-info' (and everything under it)\n"}
[2.969019] (drone_vision) StdoutLine: {'line': b'Copying ../../build/drone_vision/drone_vision.egg-info to /home/orangepi/Multitask-Drone/install/drone_vision/lib/python3.10/site-packages/drone_vision-0.0.0-py3.10.egg-info\n'}
[2.969638] (drone_vision) StdoutLine: {'line': b'running install_scripts\n'}
[2.981014] (drone_controller) StdoutLine: {'line': b'Installing drone_controller script to /home/orangepi/Multitask-Drone/install/drone_controller/lib/drone_controller\n'}
[2.982259] (drone_controller) StdoutLine: {'line': b'Installing task_executor script to /home/orangepi/Multitask-Drone/install/drone_controller/lib/drone_controller\n'}
[2.983224] (drone_controller) StdoutLine: {'line': b'Installing waypoint_handler script to /home/orangepi/Multitask-Drone/install/drone_controller/lib/drone_controller\n'}
[2.984091] (drone_controller) StdoutLine: {'line': b'Installing yiku_test script to /home/orangepi/Multitask-Drone/install/drone_controller/lib/drone_controller\n'}
[2.984864] (drone_controller) StdoutLine: {'line': b"writing list of installed files to '/home/orangepi/Multitask-Drone/build/drone_controller/install.log'\n"}
[3.013389] (drone_vision) StdoutLine: {'line': b'Installing object_detector script to /home/orangepi/Multitask-Drone/install/drone_vision/lib/drone_vision\n'}
[3.014346] (drone_vision) StdoutLine: {'line': b"writing list of installed files to '/home/orangepi/Multitask-Drone/build/drone_vision/install.log'\n"}
[3.017386] (-) TimerEvent: {}
[3.061846] (drone_controller) CommandEnded: {'returncode': 0}
[3.090210] (drone_controller) JobEnded: {'identifier': 'drone_controller', 'rc': 0}
[3.093839] (drone_vision) CommandEnded: {'returncode': 0}
[3.105031] (drone_vision) JobEnded: {'identifier': 'drone_vision', 'rc': 0}
[3.106000] (-) EventReactorShutdown: {}
